{
  "0": [
    0.5,
    0.0
  ],
  "12": [
    0.5,
    0.10972724875909287
  ],
  "16": [
    0.5,
    0.1393825554366071
  ],
  "17": [
    0.5,
    0.3159355968717526
  ],
  "18": [
    0.5,
    0.34529405191736706
  ],
  "19": [
    0.5,
    0.37328811060424516
  ],
  "22": [
    0.5,
    0.5383196679120741
  ],
  "29": [
    0.5,
    0.7651919565217393
  ],
  "13": [
    0.44116774999999997,
    0.10973998607327048
  ],
  "1": [
    0.44116774999999997,
    0.0005631902531024819
  ],
  "10": [
    0.5470845999999999,
    0.09098364146365483
  ],
  "2": [
    0.5470845999999999,
    0.000861779668531545
  ],
  "15": [
    0.6410658,
    0.13735794644627056
  ],
  "5": [
    0.6410658,
    0.03581749627930664
  ],
  "8": [
    0.20621474999999997,
    0.06463078523115393
  ],
  "7": [
    0.735047,
    0.04154359274857208
  ],
  "6": [
    0.32369125,
    0.03765389075119632
  ],
  "20": [
    0.9230094,
    0.48634801380043474
  ],
  "21": [
    0.8290282,
    0.4868707920368069
  ],
  "23": [
    0.08873825000000002,
    0.599130706066572
  ],
  "24": [
    0.08873825000000002,
    0.6222752878230995
  ],
  "25": [
    0.08873825000000002,
    0.6507707644212976
  ],
  "3": [
    0.5705799,
    0.015470095992648706
  ],
  "14": [
    0.411798625,
    0.1107460235568543
  ],
  "4": [
    0.411798625,
    0.02147684884896533
  ],
  "9": [
    0.6645611,
    0.06933629492112071
  ],
  "28": [
    0.049579416666666674,
    0.7238287527582752
  ],
  "27": [
    0.12789708333333333,
    0.6772203915323025
  ],
  "26": [
    0.08873875000000002,
    0.6623013106074229
  ],
  "11": [
    0.39711406250000003,
    0.10729886344620113
  ]
}