{"nodes": [0, 1, 2, 3, 4, 5, 6, 7, 8, 9, 10, 11, 12, 13, 14, 15, 16, 17, 18, 19, 20, 21, 22, 23, 24, 25, 26, 27, 28, 29, 30, 31, 32, 33, 34, 35, 36, 37, 38, 39, 40, 41, 42, 43, 44, 45, 46, 47, 48, 49, 50, 51, 52, 53, 54, 55, 56, 57, 58, 59, 60], "edges": [[0, 1], [0, 2], [0, 5], [3, 4], [3, 7], [3, 57], [5, 6], [5, 8], [8, 9], [8, 57], [8, 60], [10, 11], [10, 16], [10, 59], [12, 13], [12, 14], [12, 60], [14, 15], [14, 18], [16, 17], [16, 20], [18, 19], [18, 22], [20, 21], [20, 24], [22, 23], [22, 25], [26, 27], [27, 28], [27, 30], [29, 30], [30, 35], [31, 32], [32, 33], [32, 58], [34, 35], [35, 58], [36, 37], [37, 58], [37, 57], [38, 39], [39, 45], [39, 41], [40, 41], [41, 43], [42, 43], [43, 59], [44, 45], [45, 47], [46, 47], [47, 49], [48, 49], [49, 51], [50, 51], [51, 53], [52, 53], [53, 55], [54, 55], [55, 56], [59, 60]], "heights": {"0": 1.369421, "1": 1.415935, "2": 1.397025, "3": 1.241936, "4": 1.382587, "5": 1.071577, "6": 1.359834, "7": 1.328319, "8": 1.033508, "9": 1.283401, "10": 1.026752, "11": 1.258655, "12": 1.019302, "13": 1.256374, "14": 1.02966, "15": 1.24103, "16": 1.031811, "17": 1.225705, "18": 1.032651, "19": 1.213502, "20": 1.03335, "21": 1.205365, "22": 1.034, "23": 1.196454, "24": 1.192248, "25": 1.187943, "26": 0.0, "27": 0.142752, "28": 0.045709, "29": 0.099191, "30": 0.246249, "31": 0.369451, "32": 0.517967, "33": 0.503009, "34": 0.56097, "35": 0.58154, "36": 0.630255, "37": 0.96475, "38": 0.687954, "39": 0.947457, "40": 0.692405, "41": 0.971178, "42": 0.696094, "43": 0.999599, "44": 0.704724, "45": 0.940554, "46": 0.727509, "47": 0.932904, "48": 0.748841, "49": 0.924997, "50": 0.761894, "51": 0.913479, "52": 0.771015, "53": 0.904353, "54": 0.775011, "55": 0.89032, "56": 0.77866, "57": 1.030217, "58": 0.602715, "59": 1.013703, "60": 1.01408}, "types": {"0": 1, "1": 2, "2": 2, "3": 1, "4": 2, "5": 1, "6": 2, "7": 2, "8": 1, "9": 2, "10": 1, "11": 2, "12": 1, "13": 2, "14": 1, "15": 2, "16": 1, "17": 2, "18": 1, "19": 2, "20": 1, "21": 2, "22": 1, "23": 2, "24": 2, "25": 2, "26": 0, "27": 1, "28": 0, "29": 0, "30": 1, "31": 0, "32": 1, "33": 0, "34": 0, "35": 1, "36": 0, "37": 1, "38": 0, "39": 1, "40": 0, "41": 1, "42": 0, "43": 1, "44": 0, "45": 1, "46": 0, "47": 1, "48": 0, "49": 1, "50": 0, "51": 1, "52": 0, "53": 1, "54": 0, "55": 1, "56": 0, "57": 1, "58": 1, "59": 1, "60": 1}, "xs": {"0": 25.0, "1": 25.0, "2": 28.0, "3": 33.0, "4": 40.0, "5": 43.0, "6": 53.0, "7": 25.0, "8": 60.0, "9": 68.0, "10": 112.0, "11": 95.0, "12": 97.0, "13": 81.0, "14": 124.0, "15": 109.0, "16": 137.0, "17": 123.0, "18": 152.0, "19": 137.0, "20": 165.0, "21": 151.0, "22": 178.0, "23": 165.0, "24": 179.0, "25": 193.0, "26": 23.0, "27": 30.0, "28": 33.0, "29": 33.0, "30": 33.0, "31": 42.0, "32": 41.0, "33": 40.0, "34": 39.0, "35": 38.0, "36": 54.0, "37": 48.0, "38": 95.0, "39": 102.0, "40": 81.0, "41": 88.0, "42": 67.0, "43": 74.0, "44": 109.0, "45": 117.0, "46": 123.0, "47": 130.0, "48": 137.0, "49": 144.0, "50": 151.0, "51": 158.0, "52": 165.0, "53": 172.0, "54": 179.0, "55": 186.0, "56": 193.0, "57": 56.0, "58": 40.0, "59": 84.0, "60": 69.0}, "ys": {"0": 19.0, "1": 20.0, "2": 19.0, "3": 31.0, "4": 30.0, "5": 0.0, "6": 18.0, "7": 29.0, "8": 25.0, "9": 33.0, "10": 49.0, "11": 32.0, "12": 0.0, "13": 18.0, "14": 0.0, "15": 16.0, "16": 49.0, "17": 33.0, "18": 0.0, "19": 15.0, "20": 49.0, "21": 35.0, "22": 0.0, "23": 14.0, "24": 36.0, "25": 13.0, "26": 23.0, "27": 27.0, "28": 27.0, "29": 24.0, "30": 26.0, "31": 22.0, "32": 25.0, "33": 25.0, "34": 26.0, "35": 26.0, "36": 28.0, "37": 23.0, "38": 22.0, "39": 24.0, "40": 27.0, "41": 25.0, "42": 22.0, "43": 25.0, "44": 27.0, "45": 25.0, "46": 22.0, "47": 24.0, "48": 27.0, "49": 25.0, "50": 23.0, "51": 24.0, "52": 26.0, "53": 25.0, "54": 23.0, "55": 24.0, "56": 26.0, "57": 49.0, "58": 26.0, "59": 49.0, "60": 0.0}, "zs": {"0": 0.0, "1": 0.0, "2": 0.0, "3": 0.0, "4": 0.0, "5": 0.0, "6": 0.0, "7": 0.0, "8": 0.0, "9": 0.0, "10": 0.0, "11": 0.0, "12": 0.0, "13": 0.0, "14": 0.0, "15": 0.0, "16": 0.0, "17": 0.0, "18": 0.0, "19": 0.0, "20": 0.0, "21": 0.0, "22": 0.0, "23": 0.0, "24": 0.0, "25": 0.0, "26": 0.0, "27": 0.0, "28": 0.0, "29": 0.0, "30": 0.0, "31": 0.0, "32": 0.0, "33": 0.0, "34": 0.0, "35": 0.0, "36": 0.0, "37": 0.0, "38": 0.0, "39": 0.0, "40": 0.0, "41": 0.0, "42": 0.0, "43": 0.0, "44": 0.0, "45": 0.0, "46": 0.0, "47": 0.0, "48": 0.0, "49": 0.0, "50": 0.0, "51": 0.0, "52": 0.0, "53": 0.0, "54": 0.0, "55": 0.0, "56": 0.0, "57": 0.0, "58": 0.0, "59": 0.0, "60": 0.0}, "vizPos": {"0": [0.5, 1.3757428069201945], "1": [0.5, 1.415935], "2": [0.45291539999999997, 1.400673423978763], "3": [0.735047, 1.2241984612378773], "4": [0.7585423, 1.3880230382683159], "5": [0.5, 0.9560999713830161], "6": [0.3589342, 1.3663613376860364], "7": [0.735047, 1.3330031187776563], "8": [0.5, 0.8879045703516766], "9": [0.8290282, 1.279297347062683], "10": [0.20229886666666666, 0.8756041073851861], "11": [0.19185651111111116, 1.2469860577172118], "12": [0.17097230000000002, 0.8619992063004828], "13": [0.15922464999999997, 1.24392056127524], "14": [0.17097230000000002, 0.8809036080579008], "15": [0.1670564166666667, 1.2229430649760593], "16": [0.20229886666666666, 0.8848188166821366], "17": [0.21274122222222225, 1.2014046016348128], "18": [0.17097230000000002, 0.8863465902548325], "19": [0.18271994999999996, 1.183860903797543], "20": [0.20229886666666666, 0.8876173898617092], "21": [0.20229936666666665, 1.1719778172768494], "22": [0.17097230000000002, 0.8887986668561925], "23": [0.17488818333333334, 1.1587996257602688], "24": [0.20229886666666666, 1.15252061275988], "25": [0.17097230000000002, 1.1460550542115895], "26": [0.5, 0.0], "27": [0.5, 0.04305508538549699], "28": [0.9230094, 0.012567799241639406], "29": [0.07699059999999998, 0.02904432962267254], "30": [0.5, 0.07593934570997868], "31": [0.264953, 0.11732003486073354], "32": [0.264953, 0.1945890291814761], "33": [0.2414577, 0.18444255499510978], "34": [0.5470845999999999, 0.22732151014741783], "35": [0.5, 0.24488632551496037], "36": [0.6410658, 0.2913598663465768], "37": [0.5, 0.7625008590518174], "38": [0.1318129666666667, 0.35470690028421364], "39": [0.1318129666666667, 0.7316116992596057], "40": [0.13964473333333333, 0.35993285048452917], "41": [0.13964473333333333, 0.7741059620739476], "42": [0.17097180000000003, 0.36429821563726633], "43": [0.17097180000000003, 0.8259203834634946], "44": [0.12789708333333338, 0.37462864376596794], "45": [0.12789708333333338, 0.719442169856883], "46": [0.12593914166666664, 0.4026649518363625], "47": [0.12593914166666664, 0.7060785808046187], "48": [0.12496017083333331, 0.4298589483400591], "49": [0.12496017083333331, 0.6924120649629717], "50": [0.12447068541666663, 0.44693053378866393], "51": [0.12447068541666663, 0.6727884838145181], "52": [0.12422594270833329, 0.45905192524308946], "53": [0.12422594270833329, 0.6574922801845563], "54": [0.12410357135416668, 0.46441251943559386], "55": [0.12410357135416668, 0.6344235283380644], "56": [0.12404238567708337, 0.46933449298402563], "57": [0.5, 0.8819178530976078], "58": [0.5, 0.2642552782081539], "59": [0.17097180000000003, 0.8517548052798222], "60": [0.17097180000000003, 0.8524449764825367]},