{"nodes": [0, 1, 2, 3, 4, 5, 6, 7, 8, 9, 10, 11, 12, 13, 14, 15, 16, 17, 18, 19, 20, 21, 22, 23, 24, 25, 26, 27, 28, 29, 30, 31, 32, 33, 34, 35, 36, 37, 38, 39, 40, 41, 42, 43, 44, 45, 46, 47, 48, 49, 50, 51, 52, 53, 54, 55, 56, 57, 58], "edges": [[0, 1], [0, 5], [0, 6], [2, 3], [2, 4], [2, 55], [6, 7], [6, 55], [6, 57], [8, 9], [8, 12], [8, 58], [10, 11], [10, 14], [10, 57], [12, 13], [12, 16], [14, 15], [14, 18], [16, 17], [16, 20], [18, 19], [18, 22], [20, 21], [20, 23], [24, 25], [24, 26], [24, 56], [27, 28], [28, 30], [28, 56], [29, 30], [30, 31], [32, 33], [33, 56], [33, 35], [34, 35], [35, 55], [36, 37], [37, 39], [37, 41], [38, 39], [39, 43], [40, 41], [41, 58], [42, 43], [43, 45], [44, 45], [45, 47], [46, 47], [47, 49], [48, 49], [49, 51], [50, 51], [51, 53], [52, 53], [53, 54], [57, 58]], "heights": {"0": 1.052945, "1": 1.407367, "2": 1.140474, "3": 1.372203, "4": 1.36808, "5": 1.335738, "6": 1.025974, "7": 1.260229, "8": 1.02369, "9": 1.259845, "10": 1.028011, "11": 1.250878, "12": 1.030472, "13": 1.236649, "14": 1.03194, "15": 1.22052, "16": 1.03316, "17": 1.21038, "18": 1.03375, "19": 1.201763, "20": 1.034021, "21": 1.195883, "22": 1.19018, "23": 1.188105, "24": 0.462055, "25": 0.485457, "26": 0.47772, "27": 0.0, "28": 0.3797, "29": 0.087016, "30": 0.147576, "31": 0.128845, "32": 0.49747, "33": 0.745262, "34": 0.666592, "35": 1.013162, "36": 0.68807, "37": 0.960669, "38": 0.691971, "39": 0.945868, "40": 0.701022, "41": 0.993345, "42": 0.710202, "43": 0.938963, "44": 0.735083, "45": 0.931168, "46": 0.752177, "47": 0.921009, "48": 0.765191, "49": 0.91185, "50": 0.771171, "51": 0.899168, "52": 0.777162, "53": 0.888482, "54": 0.778585, "55": 1.020342, "56": 0.399496, "57": 1.016711, "58": 1.011412}, "types": {"0": 1, "1": 2, "2": 1, "3": 2, "4": 2, "5": 2, "6": 1, "7": 2, "8": 1, "9": 2, "10": 1, "11": 2, "12": 1, "13": 2, "14": 1, "15": 2, "16": 1, "17": 2, "18": 1, "19": 2, "20": 1, "21": 2, "22": 2, "23": 2, "24": 1, "25": 2, "26": 2, "27": 0, "28": 1, "29": 0, "30": 1, "31": 0, "32": 0, "33": 1, "34": 0, "35": 1, "36": 0, "37": 1, "38": 0, "39": 1, "40": 0, "41": 1, "42": 0, "43": 1, "44": 0, "45": 1, "46": 0, "47": 1, "48": 0, "49": 1, "50": 0, "51": 1, "52": 0, "53": 1, "54": 0, "55": 1, "56": 1, "57": 1, "58": 1}, "xs": {"0": 44.0, "1": 33.0, "2": 34.0, "3": 25.0, "4": 44.0, "5": 58.0, "6": 65.0, "7": 73.0, "8": 103.0, "9": 86.0, "10": 115.0, "11": 100.0, "12": 128.0, "13": 114.0, "14": 143.0, "15": 128.0, "16": 156.0, "17": 142.0, "18": 169.0, "19": 156.0, "20": 184.0, "21": 170.0, "22": 184.0, "23": 198.0, "24": 33.0, "25": 33.0, "26": 32.0, "27": 23.0, "28": 33.0, "29": 36.0, "30": 36.0, "31": 35.0, "32": 46.0, "33": 42.0, "34": 58.0, "35": 52.0, "36": 86.0, "37": 93.0, "38": 100.0, "39": 108.0, "40": 72.0, "41": 79.0, "42": 114.0, "43": 121.0, "44": 128.0, "45": 135.0, "46": 142.0, "47": 149.0, "48": 156.0, "49": 163.0, "50": 170.0, "51": 177.0, "52": 184.0, "53": 191.0, "54": 198.0, "55": 56.0, "56": 33.0, "57": 87.0, "58": 72.0}, "ys": {"0": 49.0, "1": 30.0, "2": 13.0, "3": 20.0, "4": 19.0, "5": 32.0, "6": 24.0, "7": 16.0, "8": 49.0, "9": 32.0, "10": 0.0, "11": 17.0, "12": 49.0, "13": 33.0, "14": 0.0, "15": 15.0, "16": 49.0, "17": 34.0, "18": 0.0, "19": 14.0, "20": 49.0, "21": 35.0, "22": 13.0, "23": 36.0, "24": 24.0, "25": 23.0, "26": 24.0, "27": 23.0, "28": 22.0, "29": 23.0, "30": 24.0, "31": 24.0, "32": 27.0, "33": 22.0, "34": 21.0, "35": 25.0, "36": 22.0, "37": 25.0, "38": 27.0, "39": 25.0, "40": 27.0, "41": 25.0, "42": 22.0, "43": 24.0, "44": 27.0, "45": 25.0, "46": 22.0, "47": 24.0, "48": 26.0, "49": 25.0, "50": 23.0, "51": 24.0, "52": 26.0, "53": 24.0, "54": 23.0, "55": 0.0, "56": 26.0, "57": 0.0, "58": 49.0}, "zs": {"0": 0.0, "1": 0.0, "2": 0.0, "3": 0.0, "4": 0.0, "5": 0.0, "6": 0.0, "7": 0.0, "8": 0.0, "9": 0.0, "10": 0.0, "11": 0.0, "12": 0.0, "13": 0.0, "14": 0.0, "15": 0.0, "16": 0.0, "17": 0.0, "18": 0.0, "19": 0.0, "20": 0.0, "21": 0.0, "22": 0.0, "23": 0.0, "24": 0.0, "25": 0.0, "26": 0.0, "27": 0.0, "28": 0.0, "29": 0.0, "30": 0.0, "31": 0.0, "32": 0.0, "33": 0.0, "34": 0.0, "35": 0.0, "36": 0.0, "37": 0.0, "38": 0.0, "39": 0.0, "40": 0.0, "41": 0.0, "42": 0.0, "43": 0.0, "44": 0.0, "45": 0.0, "46": 0.0, "47": 0.0, "48": 0.0, "49": 0.0, "50": 0.0, "51": 0.0, "52": 0.0, "53": 0.0, "54": 0.0, "55": 0.0, "56": 0.0, "57": 0.0, "58": 0.0}, "vizPos": {"0": [0.5, 0.9441246448448087], "1": [0.5, 1.407367], "2": [0.55883225, 1.096703597238944], "3": [0.588201375, 1.3822342476740757], "4": [0.55883225, 1.3789636823177924], "5": [0.44116774999999997, 1.3508995589893618], "6": [0.5, 0.8938569714381468], "7": [0.6763087499999999, 1.268848528491194], "8": [0.32369175, 0.8895636947614848], "9": [0.30900718750000006, 1.2683742601184942], "10": [0.36285008333333335, 0.8976824511509731], "11": [0.34979713888888886, 1.2571440529663038], "12": [0.32369175, 0.9022993329842558], "13": [0.3285866041666667, 1.238724349826239], "14": [0.36285008333333335, 0.90505058376275], "15": [0.37590302777777773, 1.2169857491947946], "16": [0.32369175, 0.9073353842472606], "17": [0.33837631249999994, 1.2028680405581311], "18": [0.36285008333333335, 0.908439767023179], "19": [0.36285058333333337, 1.190605070347047], "20": [0.32369175, 0.9089469087759653], "21": [0.3187968958333333, 1.1820997284014425], "22": [0.36285008333333335, 1.1737454622375838], "23": [0.32369175, 1.170680408919457], "24": [0.08873825000000002, 0.1705772036256819], "25": [0.05936912500000001, 0.18531754209650583], "26": [0.08873825000000002, 0.18035577121436275], "27": [0.5, 0.0], "28": [0.5, 0.12531452395617798], "29": [0.20621474999999997, 0.022940688229127204], "30": [0.20621474999999997, 0.04143142639034038], "31": [0.17684562499999995, 0.03560949501083484], "32": [0.79378525, 0.19319572718733902], "33": [0.5, 0.42945270634104604], "34": [0.91126175, 0.3352425750508525], "35": [0.5, 0.869732768871198], "36": [0.2845324166666666, 0.3590644771009105], "37": [0.2845324166666666, 0.7712201141132634], "38": [0.27474270833333336, 0.36355057279748887], "39": [0.27474270833333336, 0.7440229279457231], "40": [0.32369125, 0.37414418084675805], "41": [0.32369125, 0.8323462120198664], "42": [0.2698478541666667, 0.38514833380328745], "43": [0.2698478541666667, 0.7314803395767325], "44": [0.26740042708333334, 0.4162322440155318], "45": [0.26740042708333334, 0.717446064682586], "46": [0.2661767135416667, 0.4385925708519828], "47": [0.2661767135416667, 0.6993697351293546], "48": [0.2655648567708333, 0.4561304630980835], "49": [0.2655648567708333, 0.6832936628083305], "50": [0.26525892838541665, 0.4643329913909209], "51": [0.26525892838541665, 0.6613978653143064], "52": [0.2651059641927083, 0.47263956939181356], "53": [0.2651059641927083, 0.6432869554225142], "54": [0.26502948209635413, 0.47462554626715964], "55": [0.5, 0.8832637805021016], "56": [0.5, 0.13521474232068045], "57": [0.32369125, 0.8764239236660755], "58": [0.32369125, 0.866431814416897]},