{"nodes": [0, 1, 2, 3, 4, 5, 6, 7, 8, 9, 10, 11, 12, 13, 14, 15, 16, 17, 18, 19, 20, 21, 22, 23, 24, 25, 26, 27, 28, 29, 30, 31, 32, 33, 34, 35, 36, 37, 38, 39, 40, 41, 42, 43, 44, 45, 46, 47, 48, 49, 50, 51, 52, 53, 54, 55, 56, 57, 58], "edges": [[0, 1], [0, 4], [0, 6], [2, 3], [2, 5], [2, 55], [6, 7], [6, 55], [6, 57], [8, 9], [8, 12], [8, 58], [10, 11], [10, 14], [10, 57], [12, 13], [12, 16], [14, 15], [14, 18], [16, 17], [16, 20], [18, 19], [18, 22], [20, 21], [20, 23], [24, 25], [24, 56], [24, 33], [26, 27], [27, 28], [27, 56], [29, 30], [30, 31], [30, 56], [32, 33], [33, 35], [34, 35], [35, 55], [36, 37], [37, 39], [37, 41], [38, 39], [39, 43], [40, 41], [41, 58], [42, 43], [43, 45], [44, 45], [45, 47], [46, 47], [47, 49], [48, 49], [49, 51], [50, 51], [51, 53], [52, 53], [53, 54], [57, 58]], "heights": {"0": 1.066252, "1": 1.411956, "2": 1.211947, "3": 1.377227, "4": 1.349906, "5": 1.332696, "6": 1.032408, "7": 1.277785, "8": 1.020234, "9": 1.258162, "10": 1.02719, "11": 1.255262, "12": 1.03027, "13": 1.240816, "14": 1.031502, "15": 1.223525, "16": 1.032851, "17": 1.21393, "18": 1.033291, "19": 1.204013, "20": 1.034371, "21": 1.197896, "22": 1.191224, "23": 1.188984, "24": 0.307724, "25": 0.336603, "26": 0.0, "27": 0.192666, "28": 0.074493, "29": 0.083468, "30": 0.187473, "31": 0.160222, "32": 0.4012, "33": 0.620513, "34": 0.640615, "35": 0.982157, "36": 0.690634, "37": 0.968139, "38": 0.690944, "39": 0.949763, "40": 0.699336, "41": 1.001513, "42": 0.705555, "43": 0.939715, "44": 0.730406, "45": 0.932932, "46": 0.748754, "47": 0.923417, "48": 0.763202, "49": 0.91437, "50": 0.769903, "51": 0.902092, "52": 0.776315, "53": 0.892413, "54": 0.778272, "55": 1.025829, "56": 0.236406, "57": 1.01387, "58": 1.01281}, "types": {"0": 1, "1": 2, "2": 1, "3": 2, "4": 2, "5": 2, "6": 1, "7": 2, "8": 1, "9": 2, "10": 1, "11": 2, "12": 1, "13": 2, "14": 1, "15": 2, "16": 1, "17": 2, "18": 1, "19": 2, "20": 1, "21": 2, "22": 2, "23": 2, "24": 1, "25": 2, "26": 0, "27": 1, "28": 0, "29": 0, "30": 1, "31": 0, "32": 0, "33": 1, "34": 0, "35": 1, "36": 0, "37": 1, "38": 0, "39": 1, "40": 0, "41": 1, "42": 0, "43": 1, "44": 0, "45": 1, "46": 0, "47": 1, "48": 0, "49": 1, "50": 0, "51": 1, "52": 0, "53": 1, "54": 0, "55": 1, "56": 1, "57": 1, "58": 1}, "xs": {"0": 44.0, "1": 25.0, "2": 33.0, "3": 41.0, "4": 54.0, "5": 25.0, "6": 61.0, "7": 69.0, "8": 97.0, "9": 82.0, "10": 112.0, "11": 96.0, "12": 125.0, "13": 110.0, "14": 140.0, "15": 124.0, "16": 153.0, "17": 138.0, "18": 165.0, "19": 152.0, "20": 180.0, "21": 166.0, "22": 180.0, "23": 194.0, "24": 30.0, "25": 31.0, "26": 23.0, "27": 31.0, "28": 34.0, "29": 33.0, "30": 33.0, "31": 34.0, "32": 43.0, "33": 39.0, "34": 55.0, "35": 49.0, "36": 82.0, "37": 89.0, "38": 96.0, "39": 104.0, "40": 68.0, "41": 75.0, "42": 110.0, "43": 117.0, "44": 124.0, "45": 131.0, "46": 138.0, "47": 145.0, "48": 152.0, "49": 159.0, "50": 166.0, "51": 173.0, "52": 180.0, "53": 187.0, "54": 194.0, "55": 56.0, "56": 34.0, "57": 84.0, "58": 69.0}, "ys": {"0": 49.0, "1": 29.0, "2": 18.0, "3": 19.0, "4": 31.0, "5": 20.0, "6": 23.0, "7": 16.0, "8": 49.0, "9": 32.0, "10": 0.0, "11": 17.0, "12": 49.0, "13": 33.0, "14": 0.0, "15": 15.0, "16": 49.0, "17": 34.0, "18": 0.0, "19": 14.0, "20": 49.0, "21": 35.0, "22": 13.0, "23": 36.0, "24": 24.0, "25": 24.0, "26": 23.0, "27": 22.0, "28": 22.0, "29": 25.0, "30": 24.0, "31": 24.0, "32": 27.0, "33": 23.0, "34": 21.0, "35": 25.0, "36": 22.0, "37": 24.0, "38": 27.0, "39": 25.0, "40": 27.0, "41": 25.0, "42": 22.0, "43": 24.0, "44": 27.0, "45": 25.0, "46": 22.0, "47": 24.0, "48": 26.0, "49": 25.0, "50": 23.0, "51": 24.0, "52": 26.0, "53": 25.0, "54": 23.0, "55": 0.0, "56": 23.0, "57": 0.0, "58": 49.0}, "zs": {"0": 0.0, "1": 0.0, "2": 0.0, "3": 0.0, "4": 0.0, "5": 0.0, "6": 0.0, "7": 0.0, "8": 0.0, "9": 0.0, "10": 0.0, "11": 0.0, "12": 0.0, "13": 0.0, "14": 0.0, "15": 0.0, "16": 0.0, "17": 0.0, "18": 0.0, "19": 0.0, "20": 0.0, "21": 0.0, "22": 0.0, "23": 0.0, "24": 0.0, "25": 0.0, "26": 0.0, "27": 0.0, "28": 0.0, "29": 0.0, "30": 0.0, "31": 0.0, "32": 0.0, "33": 0.0, "34": 0.0, "35": 0.0, "36": 0.0, "37": 0.0, "38": 0.0, "39": 0.0, "40": 0.0, "41": 0.0, "42": 0.0, "43": 0.0, "44": 0.0, "45": 0.0, "46": 0.0, "47": 0.0, "48": 0.0, "49": 0.0, "50": 0.0, "51": 0.0, "52": 0.0, "53": 0.0, "54": 0.0, "55": 0.0, "56": 0.0, "57": 0.0, "58": 0.0}, "vizPos": {"0": [0.5, 0.9629946472434093], "1": [0.5, 1.411956], "2": [0.5470845999999999, 1.1995602250967652], "3": [0.5705799, 1.3867614237895443], "4": [0.44116774999999997, 1.3633862162109822], "5": [0.5470845999999999, 1.3470324921899144], "6": [0.5, 0.9010713576258904], "7": [0.8290282, 1.2866594425520301], "8": [0.32369175, 0.8784638405841777], "9": [0.30900718750000006, 1.2622427093018431], "10": [0.36285008333333335, 0.8913950417371886], "11": [0.34979713888888886, 1.2585169423304732], "12": [0.32369175, 0.8971095078269083], "13": [0.3187968958333333, 1.2395277322410545], "14": [0.36285008333333335, 0.8993929988024153], "15": [0.37590302777777773, 1.2158993424362676], "16": [0.32369175, 0.901891726438559], "17": [0.33837631249999994, 1.2023871549595244], "18": [0.36285008333333335, 0.902706349949047], "19": [0.36285058333333337, 1.1881345466806916], "20": [0.32369175, 0.9047050600035169], "21": [0.3285866041666667, 1.1792019316479354], "22": [0.36285008333333335, 1.1693386584391117], "23": [0.32369175, 1.1659995004568564], "24": [0.5, 0.14672195184650694], "25": [0.08873825000000002, 0.1605887156190332], "26": [0.5, 0.0], "27": [0.5, 0.08706827416567256], "28": [0.9230094, 0.0284046913841593], "29": [0.20621474999999997, 0.03238433409389429], "30": [0.20621474999999997, 0.0843133359287416], "31": [0.17684562499999995, 0.06998243457354483], "32": [0.735047, 0.18970572458019838], "33": [0.5, 0.30921536890067747], "34": [0.6410658, 0.3263207413696519], "35": [0.5, 0.8075818156730934], "36": [0.2845324166666666, 0.37522384590703345], "37": [0.2845324166666666, 0.7817271835288062], "38": [0.27474270833333336, 0.3755542073077226], "39": [0.27474270833333336, 0.7482922825735715], "40": [0.32369125, 0.3846188063852675], "41": [0.32369125, 0.8435735670274089], "42": [0.2698478541666667, 0.3914848639976398], "43": [0.2698478541666667, 0.7302954565245449], "44": [0.26740042708333334, 0.42012803908889085], "45": [0.26740042708333334, 0.7182794870236673], "46": [0.2661767135416667, 0.4424445837286411], "47": [0.2661767135416667, 0.701620505572434], "48": [0.2655648567708333, 0.46067469506992537], "49": [0.2655648567708333, 0.686007867079496], "50": [0.26525892838541665, 0.4693202485947516], "51": [0.26525892838541665, 0.6651941245966805], "52": [0.2651059641927083, 0.47770427500883605], "53": [0.2651059641927083, 0.6491024725623202], "54": [0.26502948209635413, 0.4802847372416969], "55": [0.5, 0.8888675091134628], "56": [0.5, 0.11028147711642604], "57": [0.32369125, 0.866610937384529], "58": [0.32369125, 0.8646353499657833]},