{"nodes": [0, 1, 2, 3, 4, 5, 6, 7, 8, 9, 10, 11, 12, 13, 14, 15, 16, 17, 18, 19, 20, 21, 22, 23, 24, 25, 26, 27, 28, 29, 30, 31, 32, 33, 34, 35, 36, 37, 38, 39, 40, 41, 42, 43, 44, 45, 46, 47, 48, 49, 50, 51, 52, 53, 54, 55, 56, 57, 58, 59, 60], "edges": [[0, 1], [0, 2], [0, 6], [3, 4], [3, 5], [3, 57], [6, 7], [6, 8], [8, 9], [8, 57], [8, 59], [10, 11], [10, 14], [10, 60], [12, 13], [12, 16], [12, 59], [14, 15], [14, 18], [16, 17], [16, 20], [18, 19], [18, 22], [20, 21], [20, 24], [22, 23], [22, 25], [26, 27], [26, 29], [26, 58], [28, 29], [29, 31], [30, 31], [31, 32], [33, 34], [34, 35], [34, 58], [36, 37], [37, 58], [37, 57], [38, 39], [39, 45], [39, 41], [40, 41], [41, 43], [42, 43], [43, 60], [44, 45], [45, 47], [46, 47], [47, 49], [48, 49], [49, 51], [50, 51], [51, 53], [52, 53], [53, 55], [54, 55], [55, 56], [59, 60]], "heights": {"0": 1.361591, "1": 1.401479, "2": 1.399292, "3": 1.189304, "4": 1.376672, "5": 1.344613, "6": 1.061176, "7": 1.339951, "8": 1.03175, "9": 1.272782, "10": 1.02223, "11": 1.256296, "12": 1.027492, "13": 1.255143, "14": 1.030353, "15": 1.237841, "16": 1.03163, "17": 1.222691, "18": 1.03238, "19": 1.21116, "20": 1.03394, "21": 1.203784, "22": 1.033681, "23": 1.19538, "24": 1.19159, "25": 1.18672, "26": 0.331913, "27": 0.373054, "28": 0.0, "29": 0.24311, "30": 0.099978, "31": 0.214316, "32": 0.100047, "33": 0.439929, "34": 0.460638, "35": 0.44102, "36": 0.651245, "37": 0.989358, "38": 0.690526, "39": 0.945227, "40": 0.691705, "41": 0.966466, "42": 0.69858, "43": 0.996055, "44": 0.709365, "45": 0.939963, "46": 0.731518, "47": 0.931928, "48": 0.751459, "49": 0.922798, "50": 0.763343, "51": 0.911958, "52": 0.771554, "53": 0.902239, "54": 0.775424, "55": 0.889068, "56": 0.779734, "57": 1.022943, "58": 0.673586, "59": 1.013861, "60": 1.012462}, "types": {"0": 1, "1": 2, "2": 2, "3": 1, "4": 2, "5": 2, "6": 1, "7": 2, "8": 1, "9": 2, "10": 1, "11": 2, "12": 1, "13": 2, "14": 1, "15": 2, "16": 1, "17": 2, "18": 1, "19": 2, "20": 1, "21": 2, "22": 1, "23": 2, "24": 2, "25": 2, "26": 1, "27": 2, "28": 0, "29": 1, "30": 0, "31": 1, "32": 0, "33": 0, "34": 1, "35": 0, "36": 0, "37": 1, "38": 0, "39": 1, "40": 0, "41": 1, "42": 0, "43": 1, "44": 0, "45": 1, "46": 0, "47": 1, "48": 0, "49": 1, "50": 0, "51": 1, "52": 0, "53": 1, "54": 0, "55": 1, "56": 0, "57": 1, "58": 1, "59": 1, "60": 1}, "xs": {"0": 25.0, "1": 31.0, "2": 25.0, "3": 33.0, "4": 42.0, "5": 25.0, "6": 44.0, "7": 55.0, "8": 62.0, "9": 70.0, "10": 99.0, "11": 83.0, "12": 113.0, "13": 97.0, "14": 125.0, "15": 111.0, "16": 140.0, "17": 125.0, "18": 153.0, "19": 139.0, "20": 166.0, "21": 153.0, "22": 181.0, "23": 167.0, "24": 181.0, "25": 195.0, "26": 31.0, "27": 31.0, "28": 23.0, "29": 32.0, "30": 34.0, "31": 35.0, "32": 35.0, "33": 43.0, "34": 43.0, "35": 44.0, "36": 56.0, "37": 50.0, "38": 97.0, "39": 104.0, "40": 83.0, "41": 90.0, "42": 69.0, "43": 76.0, "44": 111.0, "45": 119.0, "46": 125.0, "47": 132.0, "48": 139.0, "49": 146.0, "50": 153.0, "51": 160.0, "52": 167.0, "53": 174.0, "54": 181.0, "55": 188.0, "56": 195.0, "57": 56.0, "58": 40.0, "59": 84.0, "60": 71.0}, "ys": {"0": 19.0, "1": 19.0, "2": 20.0, "3": 32.0, "4": 30.0, "5": 29.0, "6": 0.0, "7": 17.0, "8": 26.0, "9": 33.0, "10": 0.0, "11": 17.0, "12": 49.0, "13": 32.0, "14": 0.0, "15": 16.0, "16": 49.0, "17": 34.0, "18": 0.0, "19": 15.0, "20": 49.0, "21": 35.0, "22": 0.0, "23": 14.0, "24": 36.0, "25": 13.0, "26": 24.0, "27": 25.0, "28": 23.0, "29": 27.0, "30": 25.0, "31": 26.0, "32": 27.0, "33": 23.0, "34": 22.0, "35": 22.0, "36": 28.0, "37": 24.0, "38": 22.0, "39": 24.0, "40": 27.0, "41": 24.0, "42": 22.0, "43": 25.0, "44": 27.0, "45": 25.0, "46": 22.0, "47": 24.0, "48": 27.0, "49": 25.0, "50": 23.0, "51": 24.0, "52": 26.0, "53": 25.0, "54": 23.0, "55": 24.0, "56": 26.0, "57": 49.0, "58": 27.0, "59": 49.0, "60": 0.0}, "zs": {"0": 0.0, "1": 0.0, "2": 0.0, "3": 0.0, "4": 0.0, "5": 0.0, "6": 0.0, "7": 0.0, "8": 0.0, "9": 0.0, "10": 0.0, "11": 0.0, "12": 0.0, "13": 0.0, "14": 0.0, "15": 0.0, "16": 0.0, "17": 0.0, "18": 0.0, "19": 0.0, "20": 0.0, "21": 0.0, "22": 0.0, "23": 0.0, "24": 0.0, "25": 0.0, "26": 0.0, "27": 0.0, "28": 0.0, "29": 0.0, "30": 0.0, "31": 0.0, "32": 0.0, "33": 0.0, "34": 0.0, "35": 0.0, "36": 0.0, "37": 0.0, "38": 0.0, "39": 0.0, "40": 0.0, "41": 0.0, "42": 0.0, "43": 0.0, "44": 0.0, "45": 0.0, "46": 0.0, "47": 0.0, "48": 0.0, "49": 0.0, "50": 0.0, "51": 0.0, "52": 0.0, "53": 0.0, "54": 0.0, "55": 0.0, "56": 0.0, "57": 0.0, "58": 0.0, "59": 0.0, "60": 0.0}, "vizPos": {"0": [0.5, 1.366347695634899], "1": [0.5, 1.401479], "2": [0.5470845999999999, 1.3997236950487342], "3": [0.735047, 1.149039115893973], "4": [0.7585423, 1.3804012044323652], "5": [0.735047, 1.349431309773107], "6": [0.5, 0.9373483474051161], "7": [0.44116774999999997, 1.3445876138944726], "8": [0.5, 0.8839809514517811], "9": [0.9230094, 1.2659783419236494], "10": [0.32369175, 0.8665113813566175], "11": [0.30900718750000006, 1.244391045335401], "12": [0.36285008333333335, 0.8761755342025958], "13": [0.34979713888888886, 1.2428509644456038], "14": [0.32369175, 0.8814217363026625], "15": [0.33837631249999994, 1.219287619383522], "16": [0.36285008333333335, 0.883761186063995], "17": [0.36285058333333337, 1.1979900990242007], "18": [0.32369175, 0.8851345077094938], "19": [0.3285866041666667, 1.1813879235052684], "20": [0.36285008333333335, 0.8879893546942637], "21": [0.37590302777777773, 1.1705973841784947], "22": [0.32369175, 0.8875155362249789], "23": [0.3187968958333333, 1.1581450108720306], "24": [0.36285008333333335, 1.152475122563187], "25": [0.32369175, 1.1451406609108261], "26": [0.5, 0.12254380863243579], "27": [0.8290282, 0.14263031034833742], "28": [0.5, 0.0], "29": [0.5, 0.0826725966080602], "30": [0.08873825000000002, 0.028332004816190314], "31": [0.08873825000000002, 0.0707392153486228], "32": [0.05936912500000001, 0.02835483901539956], "33": [0.20621474999999997, 0.17734210755126906], "34": [0.20621474999999997, 0.1886097428481412], "35": [0.17684562499999995, 0.17792911247091533], "36": [0.6410658, 0.3226254254420833], "37": [0.5, 0.8060143154322589], "38": [0.27474270833333336, 0.3627626251717772], "39": [0.27474270833333336, 0.726246931687674], "40": [0.2845324166666666, 0.3640452778654091], "41": [0.2845324166666666, 0.7642621328472554], "42": [0.32369125, 0.371611430062436], "43": [0.32369125, 0.8183211186393091], "44": [0.2698478541666667, 0.38377238404859493], "45": [0.2698478541666667, 0.7169690627850099], "46": [0.26740042708333334, 0.4098122486712036], "47": [0.26740042708333334, 0.7029338352810999], "48": [0.2661767135416667, 0.434385886655679], "49": [0.2661767135416667, 0.6871841694943115], "50": [0.2655648567708333, 0.4495074341395599], "51": [0.2655648567708333, 0.6687764322813354], "52": [0.26525892838541665, 0.46015529006210426], "53": [0.26525892838541665, 0.6525547172127716], "54": [0.2651059641927083, 0.46522959678438913], "55": [0.2651059641927083, 0.6310116420155032], "56": [0.26502948209635413, 0.47092260246104184], "57": [0.5, 0.8678218847599546], "58": [0.5, 0.34482658297530194], "59": [0.32369125, 0.8511117202644353], "60": [0.32369125, 0.8485352302679862]},