{"nodes": [0, 1, 2, 3, 4, 5, 6, 7, 8, 9, 10, 11, 12, 13, 14, 15, 16, 17, 18, 19, 20, 21, 22, 23, 24, 25, 26, 27, 28, 29, 30, 31, 32, 33, 34, 35, 36, 37, 38, 39, 40, 41, 42, 43, 44, 45, 46, 47, 48, 49, 50, 51, 52, 53, 54, 55, 56, 57, 58], "edges": [[0, 1], [0, 2], [0, 6], [3, 4], [3, 5], [3, 56], [6, 7], [6, 8], [8, 9], [8, 56], [8, 57], [10, 11], [10, 14], [10, 58], [12, 13], [12, 16], [12, 57], [14, 15], [14, 18], [16, 17], [16, 20], [18, 19], [18, 22], [20, 21], [20, 24], [22, 23], [22, 25], [26, 27], [26, 29], [26, 34], [28, 29], [29, 31], [30, 31], [31, 32], [33, 34], [34, 36], [35, 36], [36, 56], [37, 38], [38, 44], [38, 40], [39, 40], [40, 42], [41, 42], [42, 58], [43, 44], [44, 46], [45, 46], [46, 48], [47, 48], [48, 50], [49, 50], [50, 52], [51, 52], [52, 54], [53, 54], [54, 55], [57, 58]], "heights": {"0": 1.352439, "1": 1.405928, "2": 1.382495, "3": 1.15263, "4": 1.372554, "5": 1.363387, "6": 1.055417, "7": 1.340434, "8": 1.029014, "9": 1.265645, "10": 1.022833, "11": 1.258365, "12": 1.02809, "13": 1.255141, "14": 1.03014, "15": 1.237894, "16": 1.03208, "17": 1.22288, "18": 1.03337, "19": 1.210563, "20": 1.03395, "21": 1.203803, "22": 1.034701, "23": 1.194944, "24": 1.19191, "25": 1.187459, "26": 0.362483, "27": 0.446364, "28": 0.0, "29": 0.324355, "30": 0.01988, "31": 0.153161, "32": 0.072021, "33": 0.471544, "34": 0.730883, "35": 0.660879, "36": 1.001211, "37": 0.688233, "38": 0.94667, "39": 0.689326, "40": 0.964576, "41": 0.69966, "42": 0.990434, "43": 0.708895, "44": 0.939534, "45": 0.732, "46": 0.931705, "47": 0.752201, "48": 0.923188, "49": 0.763622, "50": 0.911436, "51": 0.772403, "52": 0.9014, "53": 0.775979, "54": 0.887467, "55": 0.779584, "56": 1.020316, "57": 1.01617, "58": 1.01188}, "types": {"0": 1, "1": 2, "2": 2, "3": 1, "4": 2, "5": 2, "6": 1, "7": 2, "8": 1, "9": 2, "10": 1, "11": 2, "12": 1, "13": 2, "14": 1, "15": 2, "16": 1, "17": 2, "18": 1, "19": 2, "20": 1, "21": 2, "22": 1, "23": 2, "24": 2, "25": 2, "26": 1, "27": 2, "28": 0, "29": 1, "30": 0, "31": 1, "32": 0, "33": 0, "34": 1, "35": 0, "36": 1, "37": 0, "38": 1, "39": 0, "40": 1, "41": 0, "42": 1, "43": 0, "44": 1, "45": 0, "46": 1, "47": 0, "48": 1, "49": 0, "50": 1, "51": 0, "52": 1, "53": 0, "54": 1, "55": 0, "56": 1, "57": 1, "58": 1}, "xs": {"0": 25.0, "1": 32.0, "2": 25.0, "3": 34.0, "4": 43.0, "5": 25.0, "6": 44.0, "7": 57.0, "8": 63.0, "9": 72.0, "10": 100.0, "11": 85.0, "12": 115.0, "13": 99.0, "14": 128.0, "15": 113.0, "16": 141.0, "17": 127.0, "18": 155.0, "19": 141.0, "20": 168.0, "21": 155.0, "22": 181.0, "23": 169.0, "24": 183.0, "25": 197.0, "26": 32.0, "27": 32.0, "28": 23.0, "29": 32.0, "30": 35.0, "31": 36.0, "32": 36.0, "33": 45.0, "34": 41.0, "35": 57.0, "36": 51.0, "37": 99.0, "38": 106.0, "39": 85.0, "40": 91.0, "41": 71.0, "42": 78.0, "43": 113.0, "44": 120.0, "45": 127.0, "46": 134.0, "47": 141.0, "48": 148.0, "49": 155.0, "50": 162.0, "51": 169.0, "52": 176.0, "53": 183.0, "54": 190.0, "55": 197.0, "56": 56.0, "57": 87.0, "58": 72.0}, "ys": {"0": 19.0, "1": 19.0, "2": 20.0, "3": 34.0, "4": 30.0, "5": 29.0, "6": 0.0, "7": 17.0, "8": 25.0, "9": 33.0, "10": 0.0, "11": 17.0, "12": 49.0, "13": 32.0, "14": 0.0, "15": 16.0, "16": 49.0, "17": 34.0, "18": 0.0, "19": 15.0, "20": 49.0, "21": 35.0, "22": 0.0, "23": 14.0, "24": 36.0, "25": 13.0, "26": 24.0, "27": 25.0, "28": 23.0, "29": 27.0, "30": 25.0, "31": 26.0, "32": 27.0, "33": 22.0, "34": 26.0, "35": 28.0, "36": 23.0, "37": 22.0, "38": 24.0, "39": 26.0, "40": 24.0, "41": 22.0, "42": 25.0, "43": 27.0, "44": 25.0, "45": 22.0, "46": 24.0, "47": 27.0, "48": 25.0, "49": 23.0, "50": 24.0, "51": 26.0, "52": 24.0, "53": 23.0, "54": 25.0, "55": 26.0, "56": 49.0, "57": 49.0, "58": 0.0}, "zs": {"0": 0.0, "1": 0.0, "2": 0.0, "3": 0.0, "4": 0.0, "5": 0.0, "6": 0.0, "7": 0.0, "8": 0.0, "9": 0.0, "10": 0.0, "11": 0.0, "12": 0.0, "13": 0.0, "14": 0.0, "15": 0.0, "16": 0.0, "17": 0.0, "18": 0.0, "19": 0.0, "20": 0.0, "21": 0.0, "22": 0.0, "23": 0.0, "24": 0.0, "25": 0.0, "26": 0.0, "27": 0.0, "28": 0.0, "29": 0.0, "30": 0.0, "31": 0.0, "32": 0.0, "33": 0.0, "34": 0.0, "35": 0.0, "36": 0.0, "37": 0.0, "38": 0.0, "39": 0.0, "40": 0.0, "41": 0.0, "42": 0.0, "43": 0.0, "44": 0.0, "45": 0.0, "46": 0.0, "47": 0.0, "48": 0.0, "49": 0.0, "50": 0.0, "51": 0.0, "52": 0.0, "53": 0.0, "54": 0.0, "55": 0.0, "56": 0.0, "57": 0.0, "58": 0.0}, "vizPos": {"0": [0.5, 1.356713149265789], "1": [0.5, 1.405928], "2": [0.08873825000000002, 1.3858541710906953], "3": [0.8290282, 1.0819160451930379], "4": [0.8525235, 1.3766334035283996], "5": [0.8290282, 1.3677629753410652], "6": [0.5, 0.9088711033019626], "7": [0.44116774999999997, 1.3440358988102201], "8": [0.5, 0.858617168473917], "9": [0.9230094, 1.2527988436818576], "10": [0.32369175, 0.8467508136316954], "11": [0.30900718750000006, 1.2428858905255147], "12": [0.36285008333333335, 0.8568449609574751], "13": [0.34979713888888886, 1.2384426337739038], "14": [0.32369175, 0.8607758984703167], "15": [0.3187968958333333, 1.2141355328666517], "16": [0.36285008333333335, 0.8644927221425039], "17": [0.36285058333333337, 1.1922666981587104], "18": [0.32369175, 0.8669623747814446], "19": [0.3285866041666667, 1.1738561094262108], "20": [0.36285008333333335, 0.8680722574479549], "21": [0.37590302777777773, 1.1635772067101793], "22": [0.32369175, 0.8695088848140924], "23": [0.33837631249999994, 1.14992338512934], "24": [0.36285008333333335, 1.1452000402218954], "25": [0.32369175, 1.1382274767493272], "26": [0.5, 0.1109750472592317], "27": [0.5470845999999999, 0.14485877751724935], "28": [0.5, 0.0], "29": [0.5, 0.09737356041017671], "30": [0.20621474999999997, 0.0053350486232603776], "31": [0.20621474999999997, 0.044663462395536535], "32": [0.17684562499999995, 0.020371736907813392], "33": [0.6410658, 0.15631683162466484], "34": [0.5, 0.3653595111713105], "35": [0.735047, 0.2862408428378226], "36": [0.5, 0.805131066858299], "37": [0.27474270833333336, 0.3150233791364361], "38": [0.27474270833333336, 0.701562061430796], "39": [0.2845324166666666, 0.31623257253812936], "40": [0.2845324166666666, 0.7351059106851169], "41": [0.32369125, 0.3278826648734985], "42": [0.32369125, 0.7844093731684305], "43": [0.2698478541666667, 0.3386194913087813], "44": [0.2698478541666667, 0.6883776844530727], "45": [0.26740042708333334, 0.3667602532096161], "46": [0.26740042708333334, 0.674050024197317], "47": [0.2661767135416667, 0.3927578827457781], "48": [0.2661767135416667, 0.6586379461322143], "49": [0.2655648567708333, 0.40799034811285784], "50": [0.2655648567708333, 0.6376905662297029], "51": [0.26525892838541665, 0.41995195851705786], "52": [0.26525892838541665, 0.6201093445282296], "53": [0.2651059641927083, 0.42488415994909234], "54": [0.2651059641927083, 0.5961885247971106], "55": [0.26502948209635413, 0.4298916105499508], "56": [0.5, 0.8419120297771936], "57": [0.32369125, 0.8339354337014028], "58": [0.32369125, 0.8256762287889743]},