{"nodes": [0, 1, 2, 3, 4, 5, 6, 7, 8, 9, 10, 11, 12, 13, 14, 15, 16, 17, 18, 19, 20, 21, 22, 23, 24, 25, 26, 27, 28, 29, 30, 31, 32, 33, 34, 35, 36, 37, 38, 39, 40, 41, 42, 43, 44, 45, 46, 47, 48, 49, 50, 51, 52, 53, 54, 55, 56, 57, 58], "edges": [[0, 1], [0, 4], [0, 55], [2, 3], [2, 5], [2, 6], [6, 7], [6, 55], [8, 9], [8, 14], [8, 58], [10, 11], [10, 12], [10, 57], [12, 13], [12, 16], [14, 15], [14, 18], [16, 17], [16, 20], [18, 19], [18, 22], [20, 21], [20, 24], [22, 23], [22, 25], [26, 27], [27, 28], [27, 56], [29, 30], [30, 31], [30, 56], [32, 33], [33, 56], [33, 55], [34, 35], [35, 39], [35, 41], [36, 37], [37, 58], [37, 41], [38, 39], [39, 43], [40, 41], [42, 43], [43, 45], [44, 45], [45, 47], [46, 47], [47, 49], [48, 49], [49, 51], [50, 51], [51, 53], [52, 53], [53, 54], [55, 57], [57, 58]], "heights": {"0": 1.09124, "1": 1.421092, "2": 1.307075, "3": 1.398389, "4": 1.373428, "5": 1.328296, "6": 1.035709, "7": 1.306124, "8": 1.025255, "9": 1.260671, "10": 1.01901, "11": 1.253856, "12": 1.02899, "13": 1.24346, "14": 1.03095, "15": 1.229531, "16": 1.032251, "17": 1.215931, "18": 1.034082, "19": 1.206633, "20": 1.03431, "21": 1.198008, "22": 1.035634, "23": 1.192963, "24": 1.188873, "25": 1.135223, "26": 0.0, "27": 0.159003, "28": 0.117195, "29": 0.215218, "30": 0.283146, "31": 0.239042, "32": 0.590381, "33": 0.910875, "34": 0.688627, "35": 0.950159, "36": 0.694922, "37": 1.011308, "38": 0.697987, "39": 0.943293, "40": 0.698534, "41": 0.979843, "42": 0.720775, "43": 0.93451, "44": 0.745115, "45": 0.928193, "46": 0.760151, "47": 0.915208, "48": 0.770897, "49": 0.907851, "50": 0.775487, "51": 0.892953, "52": 0.779153, "53": 0.883949, "54": 0.85166, "55": 1.034889, "56": 0.512156, "57": 1.0144, "58": 1.012282}, "types": {"0": 1, "1": 2, "2": 1, "3": 2, "4": 2, "5": 2, "6": 1, "7": 2, "8": 1, "9": 2, "10": 1, "11": 2, "12": 1, "13": 2, "14": 1, "15": 2, "16": 1, "17": 2, "18": 1, "19": 2, "20": 1, "21": 2, "22": 1, "23": 2, "24": 2, "25": 2, "26": 0, "27": 1, "28": 0, "29": 0, "30": 1, "31": 0, "32": 0, "33": 1, "34": 0, "35": 1, "36": 0, "37": 1, "38": 0, "39": 1, "40": 0, "41": 1, "42": 0, "43": 1, "44": 0, "45": 1, "46": 0, "47": 1, "48": 0, "49": 1, "50": 0, "51": 1, "52": 0, "53": 1, "54": 0, "55": 1, "56": 1, "57": 1, "58": 1}, "xs": {"0": 38.0, "1": 25.0, "2": 30.0, "3": 37.0, "4": 49.0, "5": 27.0, "6": 50.0, "7": 64.0, "8": 108.0, "9": 91.0, "10": 93.0, "11": 77.0, "12": 121.0, "13": 105.0, "14": 134.0, "15": 119.0, "16": 147.0, "17": 133.0, "18": 162.0, "19": 147.0, "20": 175.0, "21": 161.0, "22": 190.0, "23": 176.0, "24": 189.0, "25": 199.0, "26": 23.0, "27": 30.0, "28": 31.0, "29": 39.0, "30": 39.0, "31": 40.0, "32": 50.0, "33": 46.0, "34": 92.0, "35": 99.0, "36": 63.0, "37": 70.0, "38": 106.0, "39": 113.0, "40": 77.0, "41": 84.0, "42": 120.0, "43": 127.0, "44": 134.0, "45": 141.0, "46": 148.0, "47": 154.0, "48": 161.0, "49": 169.0, "50": 175.0, "51": 182.0, "52": 189.0, "53": 196.0, "54": 199.0, "55": 57.0, "56": 37.0, "57": 63.0, "58": 78.0}, "ys": {"0": 6.0, "1": 20.0, "2": 31.0, "3": 30.0, "4": 18.0, "5": 30.0, "6": 49.0, "7": 32.0, "8": 49.0, "9": 32.0, "10": 0.0, "11": 18.0, "12": 0.0, "13": 16.0, "14": 49.0, "15": 33.0, "16": 0.0, "17": 15.0, "18": 49.0, "19": 35.0, "20": 0.0, "21": 14.0, "22": 49.0, "23": 36.0, "24": 13.0, "25": 36.0, "26": 23.0, "27": 25.0, "28": 24.0, "29": 23.0, "30": 22.0, "31": 22.0, "32": 27.0, "33": 24.0, "34": 22.0, "35": 25.0, "36": 22.0, "37": 25.0, "38": 27.0, "39": 25.0, "40": 27.0, "41": 24.0, "42": 22.0, "43": 25.0, "44": 27.0, "45": 25.0, "46": 22.0, "47": 24.0, "48": 26.0, "49": 25.0, "50": 23.0, "51": 24.0, "52": 26.0, "53": 24.0, "54": 23.0, "55": 26.0, "56": 26.0, "57": 0.0, "58": 49.0}, "zs": {"0": 0.0, "1": 0.0, "2": 0.0, "3": 0.0, "4": 0.0, "5": 0.0, "6": 0.0, "7": 0.0, "8": 0.0, "9": 0.0, "10": 0.0, "11": 0.0, "12": 0.0, "13": 0.0, "14": 0.0, "15": 0.0, "16": 0.0, "17": 0.0, "18": 0.0, "19": 0.0, "20": 0.0, "21": 0.0, "22": 0.0, "23": 0.0, "24": 0.0, "25": 0.0, "26": 0.0, "27": 0.0, "28": 0.0, "29": 0.0, "30": 0.0, "31": 0.0, "32": 0.0, "33": 0.0, "34": 0.0, "35": 0.0, "36": 0.0, "37": 0.0, "38": 0.0, "39": 0.0, "40": 0.0, "41": 0.0, "42": 0.0, "43": 0.0, "44": 0.0, "45": 0.0, "46": 0.0, "47": 0.0, "48": 0.0, "49": 0.0, "50": 0.0, "51": 0.0, "52": 0.0, "53": 0.0, "54": 0.0, "55": 0.0, "56": 0.0, "57": 0.0, "58": 0.0}, "vizPos": {"0": [0.5, 0.9856036845665035], "1": [0.5, 1.421092], "2": [0.3824295, 1.3162275206951868], "3": [0.36285008333333335, 1.4045488567837774], "4": [0.735047, 1.3838877742234281], "5": [0.3824295, 1.3398590473554515], "6": [0.42158833333333323, 0.8782129145053799], "7": [0.42158833333333323, 1.3151257629661526], "8": [0.2649535, 0.857375025266647], "9": [0.2453740833333333, 1.258373815176636], "10": [0.31716477777777774, 0.844873538505174], "11": [0.297585361111111, 1.2492010278994814], "12": [0.31716477777777774, 0.864834359359806], "13": [0.3106383055555555, 1.2348919388697135], "14": [0.2649535, 0.8687426853735035], "15": [0.2714799722222222, 1.215136224457412], "16": [0.31716477777777774, 0.8713344465414116], "17": [0.32369125, 1.1952208783662754], "18": [0.2649535, 0.8749784963209208], "19": [0.25842702777777776, 1.181258057591268], "20": [0.31716477777777774, 0.8754319619613308], "21": [0.33674419444444437, 1.1680583515259124], "22": [0.2649535, 0.8780638946091615], "23": [0.28453291666666664, 1.1602282327488516], "24": [0.31716477777777774, 1.1538215460976249], "25": [0.2649535, 1.064973085960133], "26": [0.5, 0.0], "27": [0.5, 0.04646935940770466], "28": [0.5784116666666667, 0.03202178417808461], "29": [0.10831766666666665, 0.06709868618966278], "30": [0.10831766666666665, 0.09168275373897686], "31": [0.06915883333333335, 0.07588551476905102], "32": [0.8916823333333332, 0.21628374116021318], "33": [0.5, 0.6319745755762981], "34": [0.19968827777777773, 0.3026336151170199], "35": [0.19968827777777773, 0.707278271310932], "36": [0.264953, 0.30946664586527894], "37": [0.264953, 0.8294169075976291], "38": [0.19316180555555548, 0.3128502785656783], "39": [0.19316180555555548, 0.6938548283707296], "40": [0.21274122222222216, 0.31345803325123894], "41": [0.21274122222222216, 0.7661997768477984], "42": [0.1898985694444444, 0.3391565526959186], "43": [0.1898985694444444, 0.676830290769806], "44": [0.18826695138888883, 0.3694406541113765], "45": [0.18826695138888883, 0.6646977704876806], "46": [0.18745114236111104, 0.3892435364490873], "47": [0.18745114236111104, 0.6400837956518424], "48": [0.18704323784722218, 0.40389790562785954], "49": [0.18704323784722218, 0.6263476574353309], "50": [0.18683928559027776, 0.41028347058500336], "51": [0.18683928559027776, 0.599033996501325], "52": [0.18673730946180553, 0.4154375587090754], "53": [0.18673730946180553, 0.5828696748014202], "54": [0.18668632139756938, 0.5271615820265403], "55": [0.5, 0.8765832210144037], "56": [0.5, 0.17163722111021532], "57": [0.264953, 0.8356261411658408], "58": [0.264953, 0.8313733596479089]},