{"nodes": [0, 1, 2, 3, 4, 5, 6, 7, 8, 9, 10, 11, 12, 13, 14, 15, 16, 17, 18, 19, 20, 21, 22, 23, 24, 25, 26, 27, 28, 29, 30, 31, 32, 33, 34, 35, 36, 37, 38, 39, 40, 41, 42, 43, 44, 45, 46, 47, 48, 49, 50, 51, 52, 53, 54, 55, 56, 57, 58, 59, 60], "edges": [[0, 1], [0, 2], [0, 5], [3, 4], [3, 7], [3, 57], [5, 6], [5, 8], [8, 9], [8, 57], [8, 59], [10, 11], [10, 16], [10, 60], [12, 13], [12, 14], [12, 59], [14, 15], [14, 18], [16, 17], [16, 20], [18, 19], [18, 22], [20, 21], [20, 24], [22, 23], [22, 26], [24, 25], [24, 27], [28, 29], [29, 30], [29, 32], [31, 32], [32, 58], [33, 34], [34, 35], [34, 58], [36, 37], [37, 58], [37, 57], [38, 39], [39, 45], [39, 41], [40, 41], [41, 43], [42, 43], [43, 60], [44, 45], [45, 47], [46, 47], [47, 49], [48, 49], [49, 51], [50, 51], [51, 53], [52, 53], [53, 55], [54, 55], [55, 56], [59, 60]], "heights": {"0": 1.376561, "1": 1.421735, "2": 1.393437, "3": 1.276655, "4": 1.387741, "5": 1.082137, "6": 1.364234, "7": 1.322133, "8": 1.0369, "9": 1.291011, "10": 1.02561, "11": 1.258507, "12": 1.020705, "13": 1.254702, "14": 1.029401, "15": 1.241027, "16": 1.031491, "17": 1.226551, "18": 1.03277, "19": 1.214171, "20": 1.033761, "21": 1.205635, "22": 1.0342, "23": 1.197307, "24": 1.034981, "25": 1.192424, "26": 1.18767, "27": 1.084784, "28": 0.0, "29": 0.095848, "30": 0.03882, "31": 0.045326, "32": 0.221919, "33": 0.310601, "34": 0.459128, "35": 0.434283, "36": 0.613139, "37": 0.947287, "38": 0.68863, "39": 0.948305, "40": 0.69747, "41": 0.975484, "42": 0.69893, "43": 1.006364, "44": 0.701599, "45": 0.942105, "46": 0.724884, "47": 0.933633, "48": 0.748077, "49": 0.926083, "50": 0.762186, "51": 0.91414, "52": 0.771585, "53": 0.905547, "54": 0.775893, "55": 0.891666, "56": 0.780171, "57": 1.033328, "58": 0.522515, "59": 1.015961, "60": 1.01391}, "types": {"0": 1, "1": 2, "2": 2, "3": 1, "4": 2, "5": 1, "6": 2, "7": 2, "8": 1, "9": 2, "10": 1, "11": 2, "12": 1, "13": 2, "14": 1, "15": 2, "16": 1, "17": 2, "18": 1, "19": 2, "20": 1, "21": 2, "22": 1, "23": 2, "24": 1, "25": 2, "26": 2, "27": 2, "28": 0, "29": 1, "30": 0, "31": 0, "32": 1, "33": 0, "34": 1, "35": 0, "36": 0, "37": 1, "38": 0, "39": 1, "40": 0, "41": 1, "42": 0, "43": 1, "44": 0, "45": 1, "46": 0, "47": 1, "48": 0, "49": 1, "50": 0, "51": 1, "52": 0, "53": 1, "54": 0, "55": 1, "56": 0, "57": 1, "58": 1, "59": 1, "60": 1}, "xs": {"0": 26.0, "1": 25.0, "2": 28.0, "3": 31.0, "4": 39.0, "5": 38.0, "6": 51.0, "7": 25.0, "8": 58.0, "9": 66.0, "10": 109.0, "11": 93.0, "12": 95.0, "13": 79.0, "14": 122.0, "15": 107.0, "16": 137.0, "17": 121.0, "18": 150.0, "19": 135.0, "20": 162.0, "21": 149.0, "22": 177.0, "23": 163.0, "24": 190.0, "25": 177.0, "26": 191.0, "27": 199.0, "28": 23.0, "29": 29.0, "30": 32.0, "31": 32.0, "32": 32.0, "33": 41.0, "34": 39.0, "35": 39.0, "36": 52.0, "37": 47.0, "38": 94.0, "39": 101.0, "40": 79.0, "41": 86.0, "42": 65.0, "43": 72.0, "44": 108.0, "45": 115.0, "46": 122.0, "47": 129.0, "48": 136.0, "49": 143.0, "50": 150.0, "51": 156.0, "52": 163.0, "53": 171.0, "54": 177.0, "55": 184.0, "56": 191.0, "57": 50.0, "58": 38.0, "59": 68.0, "60": 81.0}, "ys": {"0": 20.0, "1": 20.0, "2": 19.0, "3": 31.0, "4": 30.0, "5": 6.0, "6": 18.0, "7": 29.0, "8": 25.0, "9": 33.0, "10": 49.0, "11": 32.0, "12": 0.0, "13": 18.0, "14": 0.0, "15": 16.0, "16": 49.0, "17": 33.0, "18": 0.0, "19": 15.0, "20": 49.0, "21": 35.0, "22": 0.0, "23": 14.0, "24": 49.0, "25": 36.0, "26": 13.0, "27": 36.0, "28": 23.0, "29": 27.0, "30": 27.0, "31": 24.0, "32": 25.0, "33": 22.0, "34": 24.0, "35": 25.0, "36": 27.0, "37": 23.0, "38": 22.0, "39": 25.0, "40": 27.0, "41": 24.0, "42": 22.0, "43": 25.0, "44": 27.0, "45": 25.0, "46": 22.0, "47": 25.0, "48": 27.0, "49": 25.0, "50": 22.0, "51": 24.0, "52": 26.0, "53": 25.0, "54": 23.0, "55": 24.0, "56": 26.0, "57": 49.0, "58": 25.0, "59": 0.0, "60": 49.0}, "zs": {"0": 0.0, "1": 0.0, "2": 0.0, "3": 0.0, "4": 0.0, "5": 0.0, "6": 0.0, "7": 0.0, "8": 0.0, "9": 0.0, "10": 0.0, "11": 0.0, "12": 0.0, "13": 0.0, "14": 0.0, "15": 0.0, "16": 0.0, "17": 0.0, "18": 0.0, "19": 0.0, "20": 0.0, "21": 0.0, "22": 0.0, "23": 0.0, "24": 0.0, "25": 0.0, "26": 0.0, "27": 0.0, "28": 0.0, "29": 0.0, "30": 0.0, "31": 0.0, "32": 0.0, "33": 0.0, "34": 0.0, "35": 0.0, "36": 0.0, "37": 0.0, "38": 0.0, "39": 0.0, "40": 0.0, "41": 0.0, "42": 0.0, "43": 0.0, "44": 0.0, "45": 0.0, "46": 0.0, "47": 0.0, "48": 0.0, "49": 0.0, "50": 0.0, "51": 0.0, "52": 0.0, "53": 0.0, "54": 0.0, "55": 0.0, "56": 0.0, "57": 0.0, "58": 0.0, "59": 0.0, "60": 0.0}, "vizPos": {"0": [0.5, 1.3823767436824033], "1": [0.5, 1.421735], "2": [0.5470845999999999, 1.3981007366555986], "3": [0.9230094, 1.2659930378345583], "4": [0.9465047, 1.3929288687645893], "5": [0.5, 0.9508398129477198], "6": [0.44116774999999997, 1.3701325734566465], "7": [0.9230094, 1.3236619625718102], "8": [0.5, 0.8641699117291195], "9": [0.32369125, 1.2849768559854207], "10": [0.20621524999999996, 0.8421427835781837], "11": [0.1915306875, 1.241037629031817], "12": [0.2453735833333333, 0.8325538975192495], "13": [0.2306890208333333, 1.235675485609096], "14": [0.2453735833333333, 0.8495476700479815], "15": [0.24047872916666665, 1.2160474364105616], "16": [0.20621524999999996, 0.8536267884158169], "17": [0.21111010416666662, 1.1946816990568527], "18": [0.2453735833333333, 0.8561217070272102], "19": [0.2502684375, 1.1759475089778928], "20": [0.20621524999999996, 0.858054061380514], "21": [0.22089981249999996, 1.1627885484526965], "22": [0.2453735833333333, 0.8589098431277156], "23": [0.2600581458333333, 1.1497629585195415], "24": [0.20621524999999996, 0.8604319590433522], "25": [0.20132039583333328, 1.142040223378228], "26": [0.2453735833333333, 1.1344611102215378], "27": [0.20621524999999996, 0.9557935905157339], "28": [0.5, 0.0], "29": [0.5, 0.031088582647276097], "30": [0.735047, 0.012037671060240208], "31": [0.8290282, 0.014155848368126518], "32": [0.5, 0.072587981479492], "33": [0.08873825000000002, 0.10118038888428657], "34": [0.08873825000000002, 0.1584256663654496], "35": [0.05936912500000001, 0.14736514541649576], "36": [0.6410658, 0.25135465766389614], "37": [0.5, 0.6913087158819222], "38": [0.15726620833333332, 0.3202111495884946], "39": [0.15726620833333332, 0.693199373692878], "40": [0.16705591666666667, 0.3294798985778502], "41": [0.16705591666666667, 0.7446020397740369], "42": [0.20621474999999997, 0.3310345822636858], "43": [0.20621474999999997, 0.8045115688972917], "44": [0.15237135416666667, 0.33389404322926913], "45": [0.15237135416666667, 0.6817289681597175], "46": [0.14992392708333332, 0.3597775550649607], "47": [0.14992392708333332, 0.666234619969693], "48": [0.14870021354166663, 0.38717921927353305], "49": [0.14870021354166663, 0.6526120180906447], "50": [0.14808835677083335, 0.4046140322764292], "51": [0.14808835677083335, 0.631442017777358], "52": [0.1477824283854167, 0.41654541037404397], "53": [0.1477824283854167, 0.6165104466205916], "54": [0.14762946419270834, 0.42209867346889207], "55": [0.14762946419270834, 0.5929401691178335], "56": [0.1475529820963542, 0.4276659935675699], "57": [0.5, 0.8572098387034912], "58": [0.5, 0.19070750796795585], "59": [0.20621474999999997, 0.8232754632302245], "60": [0.20621474999999997, 0.8192639272629135]},