{"nodes": [0, 1, 2, 3, 4, 5, 6, 7, 8, 9, 10, 11, 12, 13, 14, 15, 16, 17, 18, 19, 20, 21, 22, 23, 24, 25, 26, 27, 28, 29, 30, 31, 32, 33, 34, 35, 36, 37, 38, 39, 40, 41, 42, 43, 44, 45, 46, 47, 48, 49, 50, 51, 52, 53, 54, 55, 56, 57, 58, 59, 60, 61, 62, 63, 64, 65, 66, 67], "edges": [[0, 1], [0, 6], [0, 2], [2, 3], [2, 4], [4, 5], [4, 7], [7, 8], [7, 9], [9, 10], [9, 66], [11, 12], [11, 15], [11, 16], [13, 14], [13, 30], [13, 35], [16, 17], [16, 66], [18, 19], [18, 66], [18, 20], [20, 21], [20, 22], [22, 23], [22, 26], [24, 25], [24, 28], [24, 31], [26, 27], [26, 28], [28, 29], [31, 32], [31, 33], [33, 34], [33, 67], [35, 36], [35, 67], [37, 38], [37, 65], [37, 67], [39, 40], [39, 45], [39, 41], [41, 42], [41, 65], [43, 44], [43, 63], [43, 45], [45, 46], [47, 48], [48, 59], [48, 57], [49, 50], [50, 55], [50, 52], [51, 52], [52, 54], [53, 54], [54, 59], [56, 57], [57, 61], [58, 59], [60, 61], [61, 63], [62, 63], [64, 65]], "heights": {"0": 0.578703, "1": 0.672239, "2": 0.561719, "3": 0.620497, "4": 0.552526, "5": 0.609597, "6": 0.600683, "7": 0.533926, "8": 0.578716, "9": 0.524027, "10": 0.56197, "11": 0.523477, "12": 0.553686, "13": 0.446926, "14": 0.551581, "15": 0.55129, "16": 0.510851, "17": 0.54576, "18": 0.499076, "19": 0.53933, "20": 0.479517, "21": 0.525365, "22": 0.477472, "23": 0.521213, "24": 0.458018, "25": 0.507651, "26": 0.473838, "27": 0.505731, "28": 0.464572, "29": 0.498623, "30": 0.485991, "31": 0.452532, "32": 0.479426, "33": 0.425901, "34": 0.448008, "35": 0.406071, "36": 0.429754, "37": 0.39704, "38": 0.425119, "39": 0.190629, "40": 0.27293, "41": 0.190696, "42": 0.272849, "43": 0.184668, "44": 0.233913, "45": 0.189145, "46": 0.233663, "47": 0.0, "48": 0.04991, "49": 0.00038, "50": 0.038419, "51": 0.006817, "52": 0.042875, "53": 0.009454, "54": 0.045392, "55": 0.014107, "56": 0.018464, "57": 0.053285, "58": 0.019478, "59": 0.04866, "60": 0.031246, "61": 0.053609, "62": 0.033455, "63": 0.066727, "64": 0.16809, "65": 0.194554, "66": 0.505454, "67": 0.402313}, "types": {"0": 1, "1": 2, "2": 1, "3": 2, "4": 1, "5": 2, "6": 2, "7": 1, "8": 2, "9": 1, "10": 2, "11": 1, "12": 2, "13": 1, "14": 2, "15": 2, "16": 1, "17": 2, "18": 1, "19": 2, "20": 1, "21": 2, "22": 1, "23": 2, "24": 1, "25": 2, "26": 1, "27": 2, "28": 1, "29": 2, "30": 2, "31": 1, "32": 2, "33": 1, "34": 2, "35": 1, "36": 2, "37": 1, "38": 2, "39": 1, "40": 2, "41": 1, "42": 2, "43": 1, "44": 2, "45": 1, "46": 2, "47": 0, "48": 1, "49": 0, "50": 1, "51": 0, "52": 1, "53": 0, "54": 1, "55": 0, "56": 0, "57": 1, "58": 0, "59": 1, "60": 0, "61": 1, "62": 0, "63": 1, "64": 0, "65": 1, "66": 1, "67": 1}, "xs": {"0": 0.46875, "1": 0.46875, "2": 0.484375, "3": 0.5, "4": 0.5, "5": 0.46875, "6": 0.46875, "7": 0.484375, "8": 0.46875, "9": 0.46875, "10": 0.46875, "11": 0.46875, "12": 0.46875, "13": 0.46875, "14": 0.453125, "15": 0.484375, "16": 0.5, "17": 0.53125, "18": 0.46875, "19": 0.453125, "20": 0.484375, "21": 0.484375, "22": 0.46875, "23": 0.46875, "24": 0.46875, "25": 0.484375, "26": 0.484375, "27": 0.46875, "28": 0.484375, "29": 0.46875, "30": 0.484375, "31": 0.46875, "32": 0.484375, "33": 0.46875, "34": 0.46875, "35": 0.453125, "36": 0.46875, "37": 0.46875, "38": 0.484375, "39": 0.484375, "40": 0.53125, "41": 0.46875, "42": 0.421875, "43": 0.421875, "44": 0.421875, "45": 0.53125, "46": 0.53125, "47": 0.46875, "48": 0.140625, "49": 0.703125, "50": 0.34375, "51": 0.484375, "52": 0.5625, "53": 0.625, "54": 0.625, "55": 0.359375, "56": 0.390625, "57": 0.375, "58": 0.59375, "59": 0.609375, "60": 0.40625, "61": 0.4375, "62": 0.390625, "63": 0.375, "64": 0.5, "65": 0.515625, "66": 0.5, "67": 0.484375}, "ys": {"0": 1.0625, "1": 1.26562, "2": 1.23438, "3": 1.23438, "4": 1.23438, "5": 1.125, "6": 1.0, "7": 1.03125, "8": 1.03125, "9": 1.23438, "10": 1.25, "11": 1.0625, "12": 1.07812, "13": 1.01562, "14": 1.04688, "15": 1.04688, "16": 1.15625, "17": 1.21875, "18": 1.0625, "19": 1.0, "20": 1.0, "21": 0.96875, "22": 0.9375, "23": 0.9375, "24": 0.875, "25": 0.90625, "26": 1.0625, "27": 1.0625, "28": 1.01562, "29": 1.0, "30": 0.96875, "31": 0.96875, "32": 0.96875, "33": 0.890625, "34": 0.859375, "35": 0.9375, "36": 0.921875, "37": 0.890625, "38": 0.84375, "39": 0.578125, "40": 0.53125, "41": 0.578125, "42": 0.53125, "43": 0.53125, "44": 0.53125, "45": 0.53125, "46": 0.53125, "47": 0.453125, "48": 0.0625, "49": 1.125, "50": 1.14062, "51": 1.28125, "52": 1.26562, "53": 1.0625, "54": 1.07812, "55": 1.14062, "56": 1.23438, "57": 1.23438, "58": 1.10938, "59": 1.125, "60": 1.25, "61": 1.25, "62": 0.90625, "63": 0.90625, "64": 1.20312, "65": 1.20312, "66": 1.21875, "67": 0.921875}, "zs": {"0": 0.78125, "1": 0.8125, "2": 0.71875, "3": 0.6875, "4": 0.65625, "5": 0.546875, "6": 0.796875, "7": 0.703125, "8": 0.71875, "9": 0.890625, "10": 0.890625, "11": 0.90625, "12": 0.90625, "13": 0.046875, "14": 0.015625, "15": 0.90625, "16": 0.90625, "17": 0.90625, "18": 0.65625, "19": 0.625, "20": 0.515625, "21": 0.53125, "22": 0.5625, "23": 0.59375, "24": 0.90625, "25": 0.921875, "26": 0.984375, "27": 0.984375, "28": 0.4375, "29": 0.421875, "30": 0.078125, "31": 0.40625, "32": 0.390625, "33": 0.953125, "34": 0.96875, "35": 0.015625, "36": 0.015625, "37": 0.015625, "38": 0.015625, "39": 0.75, "40": 0.75, "41": 0.703125, "42": 0.71875, "43": 0.21875, "44": 0.0, "45": 0.296875, "46": 0.0, "47": 0.0, "48": 0.484375, "49": 0.90625, "50": 0.578125, "51": 0.546875, "52": 0.546875, "53": 0.765625, "54": 0.734375, "55": 0.609375, "56": 0.90625, "57": 0.890625, "58": 0.546875, "59": 0.546875, "60": 0.921875, "61": 0.9375, "62": 0.25, "63": 0.25, "64": 0.59375, "65": 0.59375, "66": 0.90625, "67": 0.21875}, "vizPos": {"0": [0.5, 0.578703], "1": [0.5, 0.672239], "2": [0.5, 0.561719], "3": [0.5384615384615384, 0.620497], "4": [0.5, 0.552526], "5": [0.3076923076923077, 0.609597], "6": [0.0, 0.600683], "7": [0.5, 0.533926], "8": [0.5769230769230769, 0.578716], "9": [0.5, 0.524027], "10": [0.2692307692307692, 0.56197], "11": [0.5961538461538461, 0.523477], "12": [0.5961538461538461, 0.553686], "13": [0.057692307692307654, 0.446926], "14": [0.057692307692307654, 0.551581], "15": [0.6057692307692308, 0.55129], "16": [0.6153846153846154, 0.510851], "17": [0.6153846153846154, 0.54576], "18": [0.5, 0.499076], "19": [0.11538461538461542, 0.53933], "20": [0.5, 0.479517], "21": [0.6538461538461539, 0.525365], "22": [0.5, 0.477472], "23": [0.3846153846153846, 0.521213], "24": [0.5, 0.458018], "25": [0.7692307692307693, 0.507651], "26": [0.5, 0.473838], "27": [0.8076923076923077, 0.505731], "28": [0.5, 0.464572], "29": [0.1923076923076923, 0.498623], "30": [0.06730769230769224, 0.485991], "31": [0.5, 0.452532], "32": [0.9230769230769231, 0.479426], "33": [0.5, 0.425901], "34": [0.7307692307692308, 0.448008], "35": [0.07692307692307693, 0.406071], "36": [0.07692307692307693, 0.429754], "37": [0.5, 0.39704], "38": [0.6923076923076923, 0.425119], "39": [0.5, 0.190629], "40": [0.34615384615384615, 0.27293], "41": [0.5, 0.190696], "42": [0.846153846153846, 0.272849], "43": [0.5, 0.184668], "44": [0.15384615384615385, 0.233913], "45": [0.5, 0.189145], "46": [0.8846153846153846, 0.233663], "47": [0.5, 0.0], "48": [0.5, 0.04991], "49": [0.9471153846153846, 0.00038], "50": [0.9471153846153846, 0.038419], "51": [0.9519230769230769, 0.006817], "52": [0.9519230769230769, 0.042875], "53": [0.9423076923076923, 0.009454], "54": [0.9423076923076923, 0.045392], "55": [0.9495192307692308, 0.014107], "56": [0.46153846153846156, 0.018464], "57": [0.5, 0.053285], "58": [0.9615384615384616, 0.019478], "59": [0.9615384615384616, 0.04866], "60": [0.4230769230769231, 0.031246], "61": [0.5, 0.053609], "62": [0.23076923076923073, 0.033455], "63": [0.5, 0.066727], "64": [0.038461538461538436, 0.16809], "65": [0.5, 0.194554], "66": [0.5, 0.505454], "67": [0.5, 0.402313]},