{"nodes": [0, 1, 2, 3, 4, 5, 6, 7, 8, 9, 10, 11, 12, 13, 14, 15, 16, 17, 18, 19, 20, 21, 22, 23, 24, 25, 26, 27, 28, 29, 30, 31, 32, 33, 34, 35, 36, 37, 38, 39, 40, 41, 42, 43, 44, 45, 46, 47, 48, 49, 50, 51, 52, 53, 54, 55, 56, 57], "edges": [[0, 1], [0, 4], [0, 9], [2, 3], [2, 5], [2, 7], [5, 6], [5, 9], [7, 8], [7, 11], [9, 10], [11, 12], [11, 15], [13, 14], [13, 19], [13, 57], [15, 16], [15, 17], [17, 18], [17, 20], [20, 21], [20, 57], [22, 23], [22, 57], [22, 24], [24, 25], [24, 56], [26, 27], [26, 56], [26, 30], [28, 29], [28, 32], [28, 30], [30, 31], [32, 33], [32, 54], [34, 35], [35, 42], [35, 48], [36, 37], [37, 38], [37, 40], [39, 40], [40, 42], [41, 42], [43, 44], [44, 52], [44, 50], [45, 46], [46, 48], [46, 52], [47, 48], [49, 50], [50, 54], [51, 52], [53, 54], [55, 56]], "heights": {"0": 0.591177, "1": 0.69936, "2": 0.548276, "3": 0.622382, "4": 0.616138, "5": 0.561834, "6": 0.605897, "7": 0.535271, "8": 0.59912, "9": 0.566439, "10": 0.590532, "11": 0.522396, "12": 0.587634, "13": 0.431762, "14": 0.515165, "15": 0.448532, "16": 0.477308, "17": 0.44136, "18": 0.468587, "19": 0.456747, "20": 0.422341, "21": 0.444898, "22": 0.388844, "23": 0.443621, "24": 0.365689, "25": 0.396677, "26": 0.191274, "27": 0.272606, "28": 0.190036, "29": 0.272056, "30": 0.190041, "31": 0.233971, "32": 0.189488, "33": 0.233064, "34": 0.0, "35": 0.049887, "36": 0.000612, "37": 0.033866, "38": 0.007211, "39": 0.010702, "40": 0.044758, "41": 0.017732, "42": 0.047844, "43": 0.020478, "44": 0.066004, "45": 0.020538, "46": 0.057507, "47": 0.021466, "48": 0.052476, "49": 0.031423, "50": 0.066629, "51": 0.042068, "52": 0.06378, "53": 0.047353, "54": 0.08083, "55": 0.209191, "56": 0.233304, "57": 0.401912}, "types": {"0": 1, "1": 2, "2": 1, "3": 2, "4": 2, "5": 1, "6": 2, "7": 1, "8": 2, "9": 1, "10": 2, "11": 1, "12": 2, "13": 1, "14": 2, "15": 1, "16": 2, "17": 1, "18": 2, "19": 2, "20": 1, "21": 2, "22": 1, "23": 2, "24": 1, "25": 2, "26": 1, "27": 2, "28": 1, "29": 2, "30": 1, "31": 2, "32": 1, "33": 2, "34": 0, "35": 1, "36": 0, "37": 1, "38": 0, "39": 0, "40": 1, "41": 0, "42": 1, "43": 0, "44": 1, "45": 0, "46": 1, "47": 0, "48": 1, "49": 0, "50": 1, "51": 0, "52": 1, "53": 0, "54": 1, "55": 0, "56": 1, "57": 1}, "xs": {"0": 0.453125, "1": 0.46875, "2": 0.46875, "3": 0.453125, "4": 0.453125, "5": 0.46875, "6": 0.46875, "7": 0.453125, "8": 0.484375, "9": 0.484375, "10": 0.484375, "11": 0.5, "12": 0.5, "13": 0.484375, "14": 0.453125, "15": 0.46875, "16": 0.484375, "17": 0.484375, "18": 0.484375, "19": 0.484375, "20": 0.484375, "21": 0.46875, "22": 0.46875, "23": 0.46875, "24": 0.515625, "25": 0.515625, "26": 0.46875, "27": 0.421875, "28": 0.484375, "29": 0.53125, "30": 0.421875, "31": 0.421875, "32": 0.53125, "33": 0.53125, "34": 0.46875, "35": 0.6875, "36": 0.734375, "37": 0.328125, "38": 0.359375, "39": 0.4375, "40": 0.421875, "41": 0.40625, "42": 0.390625, "43": 0.578125, "44": 0.59375, "45": 0.59375, "46": 0.625, "47": 0.59375, "48": 0.609375, "49": 0.5625, "50": 0.578125, "51": 0.375, "52": 0.359375, "53": 0.390625, "54": 0.375, "55": 0.40625, "56": 0.390625, "57": 0.484375}, "ys": {"0": 1.21875, "1": 1.21875, "2": 1.17188, "3": 1.21875, "4": 1.21875, "5": 1.0, "6": 1.04688, "7": 1.125, "8": 1.07812, "9": 1.07812, "10": 1.03125, "11": 1.20312, "12": 1.15625, "13": 0.96875, "14": 1.0, "15": 1.0, "16": 0.96875, "17": 0.875, "18": 0.84375, "19": 0.953125, "20": 0.9375, "21": 0.9375, "22": 0.953125, "23": 0.90625, "24": 1.25, "25": 1.23438, "26": 0.578125, "27": 0.53125, "28": 0.578125, "29": 0.53125, "30": 0.53125, "31": 0.53125, "32": 0.53125, "33": 0.53125, "34": 0.453125, "35": 0.0625, "36": 1.10938, "37": 1.1875, "38": 1.17188, "39": 1.25, "40": 1.25, "41": 1.23438, "42": 1.23438, "43": 1.17188, "44": 1.17188, "45": 1.125, "46": 1.125, "47": 1.15625, "48": 1.15625, "49": 0.90625, "50": 0.90625, "51": 1.0625, "52": 1.0625, "53": 0.90625, "54": 0.90625, "55": 1.14062, "56": 1.15625, "57": 0.921875}, "zs": {"0": 0.640625, "1": 0.765625, "2": 0.828125, "3": 0.890625, "4": 0.625, "5": 0.8125, "6": 0.796875, "7": 0.890625, "8": 0.953125, "9": 0.828125, "10": 0.828125, "11": 0.578125, "12": 0.5625, "13": 0.109375, "14": 0.0625, "15": 0.40625, "16": 0.390625, "17": 0.546875, "18": 0.546875, "19": 0.125, "20": 0.359375, "21": 0.34375, "22": 0.015625, "23": 0.0, "24": 0.890625, "25": 0.890625, "26": 0.734375, "27": 0.734375, "28": 0.75, "29": 0.734375, "30": 0.265625, "31": 0.0, "32": 0.234375, "33": 0.0, "34": 0.0, "35": 0.28125, "36": 0.765625, "37": 0.859375, "38": 0.859375, "39": 0.546875, "40": 0.546875, "41": 0.5625, "42": 0.5625, "43": 0.546875, "44": 0.546875, "45": 0.90625, "46": 0.9375, "47": 0.5625, "48": 0.546875, "49": 0.234375, "50": 0.234375, "51": 0.546875, "52": 0.546875, "53": 0.265625, "54": 0.265625, "55": 0.796875, "56": 0.796875, "57": 0.3125}, "vizPos": {"0": [0.5, 0.591177], "1": [0.5, 0.69936], "2": [0.5, 0.548276], "3": [0.7916666666666666, 0.622382], "4": [0.08333333333333337, 0.616138], "5": [0.5, 0.561834], "6": [0.041666666666666685, 0.605897], "7": [0.5, 0.535271], "8": [0.9166666666666666, 0.59912], "9": [0.5, 0.566439], "10": [0.0, 0.590532], "11": [0.5, 0.522396], "12": [1.0, 0.587634], "13": [0.16666666666666669, 0.431762], "14": [0.16666666666666669, 0.515165], "15": [0.5, 0.448532], "16": [0.8749999999999999, 0.477308], "17": [0.5, 0.44136], "18": [0.33333333333333337, 0.468587], "19": [0.14583333333333337, 0.456747], "20": [0.5, 0.422341], "21": [0.8333333333333333, 0.444898], "22": [0.5, 0.388844], "23": [0.9583333333333333, 0.443621], "24": [0.5, 0.365689], "25": [0.20833333333333337, 0.396677], "26": [0.5, 0.191274], "27": [0.6666666666666666, 0.272606], "28": [0.5, 0.190036], "29": [0.2916666666666667, 0.272056], "30": [0.5, 0.190041], "31": [0.7083333333333333, 0.233971], "32": [0.5, 0.189488], "33": [0.75, 0.233064], "34": [0.5, 0.0], "35": [0.5, 0.049887], "36": [0.4479166666666667, 0.000612], "37": [0.4479166666666667, 0.033866], "38": [0.4427083333333333, 0.007211], "39": [0.4375, 0.010702], "40": [0.4375, 0.044758], "41": [0.4583333333333333, 0.017732], "42": [0.4583333333333333, 0.047844], "43": [0.5833333333333334, 0.020478], "44": [0.5, 0.066004], "45": [0.4166666666666667, 0.020538], "46": [0.5, 0.057507], "47": [0.5416666666666666, 0.021466], "48": [0.5, 0.052476], "49": [0.625, 0.031423], "50": [0.5, 0.066629], "51": [0.375, 0.042068], "52": [0.5, 0.06378], "53": [0.12500000000000006, 0.047353], "54": [0.5, 0.08083], "55": [0.25, 0.209191], "56": [0.5, 0.233304], "57": [0.5, 0.401912]},