{"nodes": [0, 1, 2, 3, 4, 5, 6, 7, 8, 9, 10, 11, 12, 13, 14, 15, 16, 17, 18, 19, 20, 21, 22, 23, 24, 25, 26, 27, 28, 29, 30, 31, 32, 33, 34, 35, 36, 37, 38, 39, 40, 41, 42, 43, 44, 45, 46, 47, 48, 49, 50, 51, 52, 53], "edges": [[0, 1], [0, 2], [0, 8], [3, 4], [3, 5], [3, 51], [6, 7], [6, 12], [6, 52], [8, 9], [8, 51], [10, 11], [10, 14], [10, 52], [12, 13], [12, 51], [15, 16], [15, 52], [15, 20], [17, 18], [17, 19], [17, 22], [20, 21], [20, 53], [22, 23], [22, 53], [24, 25], [24, 50], [24, 26], [26, 27], [26, 30], [28, 29], [28, 48], [28, 30], [30, 31], [32, 33], [33, 40], [33, 44], [34, 35], [35, 36], [35, 38], [37, 38], [38, 40], [39, 40], [41, 42], [42, 44], [42, 46], [43, 44], [45, 46], [46, 48], [47, 48], [49, 50], [50, 53]], "heights": {"0": 0.603119, "1": 0.682294, "2": 0.65098, "3": 0.52082, "4": 0.598485, "5": 0.592579, "6": 0.50287, "7": 0.552409, "8": 0.520734, "9": 0.544242, "10": 0.503497, "11": 0.541982, "12": 0.516602, "13": 0.539711, "14": 0.529945, "15": 0.488341, "16": 0.525143, "17": 0.443678, "18": 0.488716, "19": 0.484086, "20": 0.446474, "21": 0.472313, "22": 0.409916, "23": 0.431894, "24": 0.188946, "25": 0.272459, "26": 0.186831, "27": 0.271765, "28": 0.184418, "29": 0.233791, "30": 0.186341, "31": 0.233651, "32": 0.0, "33": 0.049912, "34": 0.000697, "35": 0.028785, "36": 0.000892, "37": 0.007353, "38": 0.031255, "39": 0.011814, "40": 0.036685, "41": 0.034266, "42": 0.078962, "43": 0.034399, "44": 0.059355, "45": 0.121252, "46": 0.145085, "47": 0.134961, "48": 0.16239, "49": 0.183959, "50": 0.258609, "51": 0.519812, "52": 0.497439, "53": 0.398762}, "types": {"0": 1, "1": 2, "2": 2, "3": 1, "4": 2, "5": 2, "6": 1, "7": 2, "8": 1, "9": 2, "10": 1, "11": 2, "12": 1, "13": 2, "14": 2, "15": 1, "16": 2, "17": 1, "18": 2, "19": 2, "20": 1, "21": 2, "22": 1, "23": 2, "24": 1, "25": 2, "26": 1, "27": 2, "28": 1, "29": 2, "30": 1, "31": 2, "32": 0, "33": 1, "34": 0, "35": 1, "36": 0, "37": 0, "38": 1, "39": 0, "40": 1, "41": 0, "42": 1, "43": 0, "44": 1, "45": 0, "46": 1, "47": 0, "48": 1, "49": 0, "50": 1, "51": 1, "52": 1, "53": 1}, "xs": {"0": 0.453125, "1": 0.484375, "2": 0.46875, "3": 0.46875, "4": 0.5, "5": 0.453125, "6": 0.484375, "7": 0.46875, "8": 0.484375, "9": 0.484375, "10": 0.484375, "11": 0.4375, "12": 0.484375, "13": 0.484375, "14": 0.5, "15": 0.46875, "16": 0.46875, "17": 0.484375, "18": 0.453125, "19": 0.5, "20": 0.484375, "21": 0.46875, "22": 0.484375, "23": 0.484375, "24": 0.484375, "25": 0.53125, "26": 0.46875, "27": 0.421875, "28": 0.421875, "29": 0.421875, "30": 0.53125, "31": 0.53125, "32": 0.46875, "33": 0.6875, "34": 0.25, "35": 0.53125, "36": 0.703125, "37": 0.640625, "38": 0.65625, "39": 0.328125, "40": 0.3125, "41": 0.390625, "42": 0.375, "43": 0.390625, "44": 0.390625, "45": 0.375, "46": 0.375, "47": 0.53125, "48": 0.546875, "49": 0.5, "50": 0.484375, "51": 0.453125, "52": 0.515625, "53": 0.46875}, "ys": {"0": 1.21875, "1": 1.25, "2": 1.28125, "3": 1.125, "4": 1.125, "5": 1.17188, "6": 1.07812, "7": 1.0625, "8": 1.0625, "9": 1.04688, "10": 1.09375, "11": 1.125, "12": 1.03125, "13": 1.0, "14": 1.03125, "15": 0.921875, "16": 0.890625, "17": 1.01562, "18": 1.03125, "19": 0.96875, "20": 0.984375, "21": 0.96875, "22": 0.921875, "23": 0.890625, "24": 0.578125, "25": 0.53125, "26": 0.578125, "27": 0.53125, "28": 0.53125, "29": 0.53125, "30": 0.53125, "31": 0.53125, "32": 0.453125, "33": 0.078125, "34": 1.14062, "35": 1.21875, "36": 1.125, "37": 1.07812, "38": 1.09375, "39": 1.0625, "40": 1.0625, "41": 0.90625, "42": 0.90625, "43": 1.20312, "44": 1.20312, "45": 1.10938, "46": 1.10938, "47": 1.09375, "48": 1.125, "49": 1.09375, "50": 1.125, "51": 1.21875, "52": 1.10938, "53": 0.90625}, "zs": {"0": 0.796875, "1": 0.71875, "2": 0.828125, "3": 0.5625, "4": 0.53125, "5": 0.59375, "6": 0.5, "7": 0.484375, "8": 0.640625, "9": 0.625, "10": 0.953125, "11": 0.96875, "12": 0.609375, "13": 0.609375, "14": 0.921875, "15": 0.671875, "16": 0.65625, "17": 0.0625, "18": 0.015625, "19": 0.078125, "20": 0.9375, "21": 0.953125, "22": 0.0, "23": 0.0, "24": 0.8125, "25": 0.734375, "26": 0.796875, "27": 0.765625, "28": 0.265625, "29": 0.0, "30": 0.28125, "31": 0.0, "32": 0.0, "33": 0.453125, "34": 0.890625, "35": 0.5, "36": 0.59375, "37": 0.75, "38": 0.6875, "39": 0.765625, "40": 0.75, "41": 0.234375, "42": 0.203125, "43": 0.5625, "44": 0.546875, "45": 0.8125, "46": 0.828125, "47": 0.953125, "48": 0.953125, "49": 0.0, "50": 0.015625, "51": 0.609375, "52": 0.90625, "53": 0.265625}, "vizPos": {"0": [0.5, 0.603119], "1": [0.5, 0.682294], "2": [0.8333333333333334, 0.65098], "3": [0.30952380952380953, 0.52082], "4": [0.30952380952380953, 0.598485], "5": [0.2857142857142857, 0.592579], "6": [0.5, 0.50287], "7": [0.11904761904761907, 0.552409], "8": [0.5, 0.520734], "9": [0.6428571428571429, 0.544242], "10": [0.023809523809523836, 0.503497], "11": [0.023809523809523836, 0.541982], "12": [0.5, 0.516602], "13": [0.6904761904761905, 0.539711], "14": [0.0, 0.529945], "15": [0.5, 0.488341], "16": [0.8809523809523809, 0.525143], "17": [0.1904761904761904, 0.443678], "18": [0.1904761904761904, 0.488716], "19": [0.20238095238095233, 0.484086], "20": [0.5, 0.446474], "21": [0.7857142857142858, 0.472313], "22": [0.21428571428571425, 0.409916], "23": [0.21428571428571425, 0.431894], "24": [0.5, 0.188946], "25": [0.2619047619047619, 0.272459], "26": [0.5, 0.186831], "27": [0.16666666666666663, 0.271765], "28": [0.5, 0.184418], "29": [0.9285714285714285, 0.233791], "30": [0.5, 0.186341], "31": [0.07142857142857145, 0.233651], "32": [0.5, 0.0], "33": [0.5, 0.049912], "34": [0.44047619047619047, 0.000697], "35": [0.44047619047619047, 0.028785], "36": [0.43452380952380953, 0.000892], "37": [0.42857142857142855, 0.007353], "38": [0.42857142857142855, 0.031255], "39": [0.4523809523809524, 0.011814], "40": [0.4523809523809524, 0.036685], "41": [0.40476190476190477, 0.034266], "42": [0.5, 0.078962], "43": [0.5476190476190477, 0.034399], "44": [0.5, 0.059355], "45": [0.5952380952380952, 0.121252], "46": [0.5, 0.145085], "47": [0.3571428571428571, 0.134961], "48": [0.5, 0.16239], "49": [0.7380952380952381, 0.183959], "50": [0.5, 0.258609], "51": [0.5, 0.519812], "52": [0.5, 0.497439], "53": [0.5, 0.398762]},