{"nodes": [0, 1, 2, 3, 4, 5, 6, 7, 8, 9, 10, 11, 12, 13, 14, 15, 16, 17, 18, 19, 20, 21, 22, 23, 24, 25, 26, 27, 28, 29, 30, 31, 32, 33, 34, 35, 36, 37, 38, 39, 40, 41, 42, 43, 44, 45, 46, 47, 48, 49, 50, 51, 52, 53], "edges": [[0, 1], [0, 2], [0, 3], [3, 4], [3, 5], [5, 6], [5, 9], [7, 8], [7, 15], [7, 21], [9, 10], [9, 13], [11, 12], [11, 13], [11, 15], [13, 14], [15, 16], [17, 18], [17, 23], [17, 53], [19, 20], [19, 21], [19, 24], [21, 22], [24, 25], [24, 53], [26, 27], [26, 53], [26, 52], [28, 29], [28, 30], [28, 52], [30, 31], [30, 34], [32, 33], [32, 50], [32, 34], [34, 35], [36, 37], [36, 39], [36, 48], [38, 39], [39, 44], [40, 41], [41, 42], [41, 44], [43, 44], [45, 46], [46, 48], [46, 50], [47, 48], [49, 50], [51, 52]], "heights": {"0": 0.624992, "1": 0.687835, "2": 0.679089, "3": 0.601618, "4": 0.677771, "5": 0.585942, "6": 0.627828, "7": 0.481427, "8": 0.566918, "9": 0.534305, "10": 0.561855, "11": 0.497022, "12": 0.543453, "13": 0.509317, "14": 0.532813, "15": 0.484511, "16": 0.524287, "17": 0.417693, "18": 0.497329, "19": 0.437063, "20": 0.490364, "21": 0.437836, "22": 0.48737, "23": 0.450921, "24": 0.414631, "25": 0.437044, "26": 0.374913, "27": 0.43341, "28": 0.189857, "29": 0.272232, "30": 0.189689, "31": 0.271975, "32": 0.188226, "33": 0.236728, "34": 0.189418, "35": 0.233277, "36": 0.050177, "37": 0.072739, "38": 0.0, "39": 0.049912, "40": 0.000788, "41": 0.028243, "42": 0.004059, "43": 0.015104, "44": 0.039654, "45": 0.036687, "46": 0.074426, "47": 0.036881, "48": 0.06266, "49": 0.046648, "50": 0.075773, "51": 0.254407, "52": 0.27775, "53": 0.404178}, "types": {"0": 1, "1": 2, "2": 2, "3": 1, "4": 2, "5": 1, "6": 2, "7": 1, "8": 2, "9": 1, "10": 2, "11": 1, "12": 2, "13": 1, "14": 2, "15": 1, "16": 2, "17": 1, "18": 2, "19": 1, "20": 2, "21": 1, "22": 2, "23": 2, "24": 1, "25": 2, "26": 1, "27": 2, "28": 1, "29": 2, "30": 1, "31": 2, "32": 1, "33": 2, "34": 1, "35": 2, "36": 1, "37": 2, "38": 0, "39": 1, "40": 0, "41": 1, "42": 0, "43": 0, "44": 1, "45": 0, "46": 1, "47": 0, "48": 1, "49": 0, "50": 1, "51": 0, "52": 1, "53": 1}, "xs": {"0": 0.46875, "1": 0.484375, "2": 0.484375, "3": 0.46875, "4": 0.484375, "5": 0.484375, "6": 0.484375, "7": 0.46875, "8": 0.484375, "9": 0.484375, "10": 0.46875, "11": 0.484375, "12": 0.484375, "13": 0.4375, "14": 0.453125, "15": 0.46875, "16": 0.484375, "17": 0.46875, "18": 0.46875, "19": 0.484375, "20": 0.46875, "21": 0.46875, "22": 0.484375, "23": 0.484375, "24": 0.46875, "25": 0.484375, "26": 0.46875, "27": 0.453125, "28": 0.46875, "29": 0.421875, "30": 0.484375, "31": 0.53125, "32": 0.53125, "33": 0.53125, "34": 0.421875, "35": 0.421875, "36": 0.46875, "37": 0.484375, "38": 0.46875, "39": 0.625, "40": 0.265625, "41": 0.671875, "42": 0.640625, "43": 0.328125, "44": 0.328125, "45": 0.390625, "46": 0.375, "47": 0.5625, "48": 0.5625, "49": 0.5625, "50": 0.578125, "51": 0.453125, "52": 0.453125, "53": 0.46875}, "ys": {"0": 1.25, "1": 1.25, "2": 1.26562, "3": 1.20312, "4": 1.28125, "5": 1.15625, "6": 1.15625, "7": 1.09375, "8": 1.04688, "9": 1.15625, "10": 1.10938, "11": 0.984375, "12": 0.953125, "13": 1.14062, "14": 1.14062, "15": 1.04688, "16": 1.0, "17": 0.984375, "18": 1.01562, "19": 0.984375, "20": 0.96875, "21": 0.890625, "22": 0.90625, "23": 0.96875, "24": 0.828125, "25": 0.828125, "26": 0.953125, "27": 0.90625, "28": 0.578125, "29": 0.53125, "30": 0.578125, "31": 0.53125, "32": 0.53125, "33": 0.53125, "34": 0.53125, "35": 0.53125, "36": 1.875, "37": 1.35938, "38": 0.453125, "39": 0.015625, "40": 1.14062, "41": 1.10938, "42": 1.09375, "43": 1.07812, "44": 1.10938, "45": 0.90625, "46": 0.90625, "47": 1.23438, "48": 1.23438, "49": 0.90625, "50": 0.90625, "51": 1.25, "52": 1.23438, "53": 0.90625}, "zs": {"0": 0.71875, "1": 0.734375, "2": 0.6875, "3": 0.765625, "4": 0.796875, "5": 0.671875, "6": 0.625, "7": 0.5, "8": 0.453125, "9": 0.921875, "10": 0.9375, "11": 0.8125, "12": 0.8125, "13": 0.578125, "14": 0.5625, "15": 0.9375, "16": 0.921875, "17": 0.078125, "18": 0.046875, "19": 0.40625, "20": 0.375, "21": 0.953125, "22": 0.96875, "23": 0.09375, "24": 0.515625, "25": 0.5, "26": 0.015625, "27": 0.0, "28": 0.796875, "29": 0.703125, "30": 0.78125, "31": 0.765625, "32": 0.28125, "33": 0.015625, "34": 0.25, "35": 0.0, "36": 0.28125, "37": 0.0, "38": 0.0, "39": 0.421875, "40": 0.90625, "41": 0.78125, "42": 0.765625, "43": 0.703125, "44": 0.65625, "45": 0.234375, "46": 0.234375, "47": 0.5625, "48": 0.546875, "49": 0.265625, "50": 0.28125, "51": 0.625, "52": 0.625, "53": 0.25}, "vizPos": {"0": [0.5, 0.624992], "1": [0.5, 0.687835], "2": [0.75, 0.679089], "3": [0.5, 0.601618], "4": [0.9583333333333333, 0.677771], "5": [0.5, 0.585942], "6": [0.041666666666666685, 0.627828], "7": [0.5, 0.481427], "8": [0.625, 0.566918], "9": [0.5, 0.534305], "10": [0.0, 0.561855], "11": [0.5, 0.497022], "12": [0.8749999999999999, 0.543453], "13": [0.5, 0.509317], "14": [0.16666666666666669, 0.532813], "15": [0.5, 0.484511], "16": [0.12500000000000006, 0.524287], "17": [0.9166666666666666, 0.417693], "18": [0.9166666666666666, 0.497329], "19": [0.5, 0.437063], "20": [0.7916666666666666, 0.490364], "21": [0.5, 0.437836], "22": [0.08333333333333337, 0.48737], "23": [0.8958333333333333, 0.450921], "24": [0.5, 0.414631], "25": [0.33333333333333337, 0.437044], "26": [0.5, 0.374913], "27": [0.25, 0.43341], "28": [0.5, 0.189857], "29": [0.2916666666666667, 0.272232], "30": [0.5, 0.189689], "31": [0.6666666666666666, 0.271975], "32": [0.5, 0.188226], "33": [0.8333333333333333, 0.236728], "34": [0.5, 0.189418], "35": [0.20833333333333337, 0.233277], "36": [0.5, 0.050177], "37": [0.5416666666666666, 0.072739], "38": [0.5, 0.0], "39": [0.5, 0.049912], "40": [0.5625, 0.000788], "41": [0.5625, 0.028243], "42": [0.5729166666666666, 0.004059], "43": [0.5833333333333334, 0.015104], "44": [0.5833333333333334, 0.039654], "45": [0.4583333333333333, 0.036687], "46": [0.5, 0.074426], "47": [0.4166666666666667, 0.036881], "48": [0.5, 0.06266], "49": [0.375, 0.046648], "50": [0.5, 0.075773], "51": [0.7083333333333333, 0.254407], "52": [0.5, 0.27775], "53": [0.5, 0.404178]},