{"nodes": [0, 1, 2, 3, 4, 5, 6, 7, 8, 9, 10, 11, 12, 13, 14, 15, 16, 17, 18, 19, 20, 21, 22, 23, 24, 25, 26, 27, 28, 29], "edges": [[0, 1], [0, 2], [0, 10], [2, 3], [2, 29], [4, 5], [4, 6], [4, 29], [7, 8], [7, 9], [7, 29], [10, 11], [10, 24], [12, 13], [12, 24], [12, 22], [14, 15], [15, 19], [15, 17], [16, 17], [17, 28], [18, 19], [19, 20], [21, 22], [22, 26], [23, 24], [25, 26], [26, 28], [27, 28]], "heights": {"0": 0.35806, "1": 0.781754, "2": 0.508562, "3": 0.660596, "4": 0.553735, "5": 0.589306, "6": 0.581736, "7": 0.542418, "8": 0.580705, "9": 0.568934, "10": 0.205088, "11": 0.338201, "12": 0.178317, "13": 0.335768, "14": 0.0, "15": 0.05002, "16": 0.00018, "17": 0.050048, "18": 0.000393, "19": 0.031259, "20": 0.002672, "21": 0.006145, "22": 0.163205, "23": 0.012352, "24": 0.189507, "25": 0.012384, "26": 0.056414, "27": 0.012732, "28": 0.053767, "29": 0.528636}, "types": {"0": 1, "1": 2, "2": 1, "3": 2, "4": 1, "5": 2, "6": 2, "7": 1, "8": 2, "9": 2, "10": 1, "11": 2, "12": 1, "13": 2, "14": 0, "15": 1, "16": 0, "17": 1, "18": 0, "19": 1, "20": 0, "21": 0, "22": 1, "23": 0, "24": 1, "25": 0, "26": 1, "27": 0, "28": 1, "29": 1}, "xs": {"0": 66.0, "1": 67.0, "2": 61.0, "3": 63.0, "4": 63.0, "5": 62.0, "6": 63.0, "7": 64.0, "8": 63.0, "9": 64.0, "10": 64.0, "11": 67.0, "12": 61.0, "13": 58.0, "14": 63.0, "15": 41.0, "16": 120.0, "17": 116.0, "18": 27.0, "19": 45.0, "20": 55.0, "21": 56.0, "22": 52.0, "23": 78.0, "24": 81.0, "25": 70.0, "26": 72.0, "27": 74.0, "28": 81.0, "29": 63.0}, "ys": {"0": 138.0, "1": 154.0, "2": 113.0, "3": 126.0, "4": 107.0, "5": 108.0, "6": 105.0, "7": 96.0, "8": 93.0, "9": 98.0, "10": 54.0, "11": 51.0, "12": 53.0, "13": 51.0, "14": 37.0, "15": 0.0, "16": 148.0, "17": 0.0, "18": 153.0, "19": 109.0, "20": 108.0, "21": 157.0, "22": 155.0, "23": 152.0, "24": 151.0, "25": 126.0, "26": 126.0, "27": 127.0, "28": 125.0, "29": 103.0}, "zs": {"0": 0.0, "1": 0.0, "2": 0.0, "3": 0.0, "4": 0.0, "5": 0.0, "6": 0.0, "7": 0.0, "8": 0.0, "9": 0.0, "10": 0.0, "11": 0.0, "12": 0.0, "13": 0.0, "14": 0.0, "15": 0.0, "16": 0.0, "17": 0.0, "18": 0.0, "19": 0.0, "20": 0.0, "21": 0.0, "22": 0.0, "23": 0.0, "24": 0.0, "25": 0.0, "26": 0.0, "27": 0.0, "28": 0.0, "29": 0.0}, "vizPos": {"0": [0.5, 0.4345812607096879], "1": [0.5, 0.781754], "2": [0.44116774999999997, 0.5636571171611725], "3": [0.4020089166666667, 0.7161189872872287], "4": [0.48032658333333333, 0.6116889221609461], "5": [0.47053687499999997, 0.6498618497069398], "6": [0.48032658333333333, 0.6418751801631828], "7": [0.44116774999999997, 0.5994276979416777], "8": [0.44116825, 0.6407791355750404], "9": [0.44116774999999997, 0.6281569930274933], "10": [0.5, 0.30139784721342683], "11": [0.6410658, 0.4191563578176144], "12": [0.5, 0.2714857071708096], "13": [0.9230094, 0.4172543963502405], "14": [0.5, 0.0], "15": [0.5, 0.08384564087250035], "16": [0.5470845999999999, 0.00028975353362019503], "17": [0.5, 0.08389309143011933], "18": [0.32369125, 0.0006328204340179886], "19": [0.32369125, 0.051971650406777], "20": [0.294322125, 0.004316214223280617], "21": [0.20621474999999997, 0.009971978588226075], "22": [0.5, 0.25325475902826555], "23": [0.08873825000000002, 0.02019449241466517], "24": [0.5, 0.28434564735657225], "25": [0.735047, 0.020247537109812114], "26": [0.5, 0.09465416107970445], "27": [0.8290282, 0.020824608245241], "28": [0.5, 0.09018685269390785], "29": [0.44116774999999997, 0.5846404638034184]}, "vizEdgeSegments": [[[0.5, 0.0], [0.5, 0.0], [0.5, 0.781754]], [[0.5, 0.08384564087250035], [0.32369125, 0.08384564087250035], [0.32369125, 0.0006328204340179886]], [[0.5, 0.08389309143011933], [0.5470845999999999, 0.08389309143011933], [0.5470845999999999, 0.00028975353362019503]], [[0.5, 0.09018685269390785], [0.8290282, 0.09018685269390785], [0.8290282, 0.020824608245241]], [[0.5, 0.09465416107970445], [0.735047, 0.09465416107970445], [0.735047, 0.020247537109812114]], [[0.5, 0.25325475902826555], [0.20621474999999997, 0.25325475902826555], [0.20621474999999997, 0.009971978588226075]], [[0.5, 0.2714857071708096], [0.9230094, 0.2714857071708096], [0.9230094, 0.4172543963502405]], [[0.5, 0.28434564735657225], [0.08873825000000002, 0.28434564735657225], [0.08873825000000002, 0.02019449241466517]], [[0.5, 0.30139784721342683], [0.6410658, 0.30139784721342683], [0.6410658, 0.4191563578176144]], [[0.5, 0.4345812607096879], [0.44116774999999997, 0.4345812607096879], [0.44116774999999997, 0.6281569930274933]], [[0.32369125, 0.051971650406777], [0.294322125, 0.051971650406777], [0.294322125, 0.004316214223280617]], [[0.44116774999999997, 0.5636571171611725], [0.4020089166666667, 0.5636571171611725], [0.4020089166666667, 0.7161189872872287]], [[0.44116774999999997, 0.5846404638034184], [0.48032658333333333, 0.5846404638034184], [0.48032658333333333, 0.6418751801631828]], [[0.44116774999999997, 0.5994276979416777], [0.44116825, 0.5994276979416777], [0.44116825, 0.6407791355750404]], [[0.48032658333333333, 0.6116889221609461], [0.47053687499999997, 0.6116889221609461], [0.47053687499999997, 0.6498618497069398]]], "vizSegmentNodeIds": [[14, 15, 17, 28, 26, 22, 12, 24, 10, 0, 1], [15, 19, 18], [17, 16], [28, 27], [26, 25], [22, 21], [12, 13], [24, 23], [10, 11], [0, 2, 29, 7, 9], [19, 20], [2, 3], [29, 4, 6], [7, 8], [4, 5]], "branches": [{"nodes": [14, 15, 17, 28, 26, 22, 12, 24, 10, 0, 1], "parentBranch": -1, "mode": "up", "depth": 0}, {"nodes": [15, 19, 18], "parentBranch": 0, "mode": "down", "depth": 1}, {"nodes": [17, 16], "parentBranch": 0, "mode": "down", "depth": 1}, {"nodes": [28, 27], "parentBranch": 0, "mode": "down", "depth": 1}, {"nodes": [26, 25], "parentBranch": 0, "mode": "down", "depth": 1}, {"nodes": [22, 21], "parentBranch": 0, "mode": "down", "depth": 1}, {"nodes": [12, 13], "parentBranch": 0, "mode": "up", "depth": 1}, {"nodes": [24, 23], "parentBranch": 0, "mode": "down", "depth": 1}, {"nodes": [10, 11], "parentBranch": 0, "mode": "up", "depth": 1}, {"nodes": [0, 2, 29, 7, 9], "parentBranch": 0, "mode": "up", "depth": 1}, {"nodes": [19, 20], "parentBranch": 1, "mode": "down", "depth": 2}, {"nodes": [2, 3], "parentBranch": 9, "mode": "up", "depth": 2}, {"nodes": [29, 4, 6], "parentBranch": 9, "mode": "up", "depth": 2}, {"nodes": [7, 8], "parentBranch": 9, "mode": "up", "depth": 2}, {"nodes": [4, 5], "parentBranch": 12, "mode": "up", "depth": 3}]}