{"nodes": [0, 1, 2, 3, 4, 5, 6, 7, 8, 9, 10, 11, 12, 13, 14, 15, 16, 17, 18, 19, 20, 21, 22, 23, 24, 25], "edges": [[0, 1], [0, 2], [0, 7], [2, 3], [2, 4], [4, 5], [4, 6], [7, 8], [7, 21], [9, 10], [9, 21], [9, 19], [11, 12], [12, 16], [12, 14], [13, 14], [14, 23], [15, 16], [16, 17], [18, 19], [19, 25], [20, 21], [22, 23], [23, 25], [24, 25]], "heights": {"0": 0.362545, "1": 0.776583, "2": 0.51105, "3": 0.692387, "4": 0.534904, "5": 0.597138, "6": 0.565208, "7": 0.205588, "8": 0.338156, "9": 0.177968, "10": 0.33557, "11": 0.0, "12": 0.050004, "13": 0.000234, "14": 0.050071, "15": 0.000452, "16": 0.031722, "17": 0.005176, "18": 0.006134, "19": 0.164739, "20": 0.007274, "21": 0.188481, "22": 0.008943, "23": 0.059407, "24": 0.041669, "25": 0.066815}, "types": {"0": 1, "1": 2, "2": 1, "3": 2, "4": 1, "5": 2, "6": 2, "7": 1, "8": 2, "9": 1, "10": 2, "11": 0, "12": 1, "13": 0, "14": 1, "15": 0, "16": 1, "17": 0, "18": 0, "19": 1, "20": 0, "21": 1, "22": 0, "23": 1, "24": 0, "25": 1}, "xs": {"0": 66.0, "1": 67.0, "2": 61.0, "3": 64.0, "4": 64.0, "5": 62.0, "6": 63.0, "7": 64.0, "8": 67.0, "9": 61.0, "10": 58.0, "11": 63.0, "12": 43.0, "13": 121.0, "14": 82.0, "15": 27.0, "16": 45.0, "17": 56.0, "18": 56.0, "19": 52.0, "20": 78.0, "21": 81.0, "22": 73.0, "23": 80.0, "24": 57.0, "25": 56.0}, "ys": {"0": 138.0, "1": 154.0, "2": 115.0, "3": 128.0, "4": 102.0, "5": 108.0, "6": 92.0, "7": 54.0, "8": 51.0, "9": 53.0, "10": 51.0, "11": 37.0, "12": 0.0, "13": 148.0, "14": 0.0, "15": 153.0, "16": 108.0, "17": 109.0, "18": 157.0, "19": 155.0, "20": 152.0, "21": 151.0, "22": 127.0, "23": 126.0, "24": 126.0, "25": 126.0}, "zs": {"0": 0.0, "1": 0.0, "2": 0.0, "3": 0.0, "4": 0.0, "5": 0.0, "6": 0.0, "7": 0.0, "8": 0.0, "9": 0.0, "10": 0.0, "11": 0.0, "12": 0.0, "13": 0.0, "14": 0.0, "15": 0.0, "16": 0.0, "17": 0.0, "18": 0.0, "19": 0.0, "20": 0.0, "21": 0.0, "22": 0.0, "23": 0.0, "24": 0.0, "25": 0.0}, "vizPos": {"0": [0.5, 0.5124638127677297], "1": [0.5, 0.776583], "2": [0.32369125, 0.6228220786780688], "3": [0.294322125, 0.7405201167841561], "4": [0.32369125, 0.6400401976133284], "5": [0.353060375, 0.6837635508997962], "6": [0.32369125, 0.6616943125516906], "7": [0.5, 0.35417397029319314], "8": [0.6410658, 0.4920785383562041], "9": [0.5, 0.31680178625566086], "10": [0.735047, 0.4898517087195692], "11": [0.5, 0.0], "12": [0.5, 0.09537655868785748], "13": [0.5470845999999999, 0.00042666788215317997], "14": [0.5, 0.0955068409630711], "15": [0.44116774999999997, 0.0008244190822296836], "16": [0.44116774999999997, 0.05987428286459795], "17": [0.411798625, 0.009502379710680615], "18": [0.20621474999999997, 0.0112753564407073], "19": [0.5, 0.29753883715447726], "20": [0.08873825000000002, 0.013390638355107141], "21": [0.5, 0.33147113735290645], "22": [0.8290282, 0.016497896507739626], "23": [0.5, 0.11362986350897884], "24": [0.9230094, 0.07916614142937313], "25": [0.5, 0.12793198690488755]}, "vizEdgeSegments": [[[0.5, 0.0], [0.5, 0.0], [0.5, 0.776583]], [[0.5, 0.09537655868785748], [0.44116774999999997, 0.09537655868785748], [0.44116774999999997, 0.0008244190822296836]], [[0.5, 0.0955068409630711], [0.5470845999999999, 0.0955068409630711], [0.5470845999999999, 0.00042666788215317997]], [[0.5, 0.11362986350897884], [0.8290282, 0.11362986350897884], [0.8290282, 0.016497896507739626]], [[0.5, 0.12793198690488755], [0.9230094, 0.12793198690488755], [0.9230094, 0.07916614142937313]], [[0.5, 0.29753883715447726], [0.20621474999999997, 0.29753883715447726], [0.20621474999999997, 0.0112753564407073]], [[0.5, 0.31680178625566086], [0.735047, 0.31680178625566086], [0.735047, 0.4898517087195692]], [[0.5, 0.33147113735290645], [0.08873825000000002, 0.33147113735290645], [0.08873825000000002, 0.013390638355107141]], [[0.5, 0.35417397029319314], [0.6410658, 0.35417397029319314], [0.6410658, 0.4920785383562041]], [[0.5, 0.5124638127677297], [0.32369125, 0.5124638127677297], [0.32369125, 0.6616943125516906]], [[0.44116774999999997, 0.05987428286459795], [0.411798625, 0.05987428286459795], [0.411798625, 0.009502379710680615]], [[0.32369125, 0.6228220786780688], [0.294322125, 0.6228220786780688], [0.294322125, 0.7405201167841561]], [[0.32369125, 0.6400401976133284], [0.353060375, 0.6400401976133284], [0.353060375, 0.6837635508997962]]], "vizSegmentNodeIds": [[11, 12, 14, 23, 25, 19, 9, 21, 7, 0, 1], [12, 16, 15], [14, 13], [23, 22], [25, 24], [19, 18], [9, 10], [21, 20], [7, 8], [0, 2, 4, 6], [16, 17], [2, 3], [4, 5]], "branches": [{"nodes": [11, 12, 14, 23, 25, 19, 9, 21, 7, 0, 1], "parentBranch": -1, "mode": "up", "depth": 0}, {"nodes": [12, 16, 15], "parentBranch": 0, "mode": "down", "depth": 1}, {"nodes": [14, 13], "parentBranch": 0, "mode": "down", "depth": 1}, {"nodes": [23, 22], "parentBranch": 0, "mode": "down", "depth": 1}, {"nodes": [25, 24], "parentBranch": 0, "mode": "down", "depth": 1}, {"nodes": [19, 18], "parentBranch": 0, "mode": "down", "depth": 1}, {"nodes": [9, 10], "parentBranch": 0, "mode": "up", "depth": 1}, {"nodes": [21, 20], "parentBranch": 0, "mode": "down", "depth": 1}, {"nodes": [7, 8], "parentBranch": 0, "mode": "up", "depth": 1}, {"nodes": [0, 2, 4, 6], "parentBranch": 0, "mode": "up", "depth": 1}, {"nodes": [16, 17], "parentBranch": 1, "mode": "down", "depth": 2}, {"nodes": [2, 3], "parentBranch": 9, "mode": "up", "depth": 2}, {"nodes": [4, 5], "parentBranch": 9, "mode": "up", "depth": 2}]}