{"nodes": [0, 1, 2, 3, 4, 5, 6, 7, 8, 9, 10, 11, 12, 13, 14, 15, 16, 17, 18, 19, 20, 21, 22, 23, 24, 25], "edges": [[0, 1], [0, 2], [0, 5], [2, 3], [2, 4], [5, 6], [5, 23], [7, 8], [7, 23], [7, 21], [9, 10], [10, 16], [10, 12], [11, 12], [12, 19], [13, 14], [14, 17], [14, 16], [15, 16], [18, 19], [19, 25], [20, 21], [21, 25], [22, 23], [24, 25]], "heights": {"0": 0.415996, "1": 0.769821, "2": 0.499876, "3": 0.643436, "4": 0.599477, "5": 0.203507, "6": 0.33993, "7": 0.180836, "8": 0.337806, "9": 0.0, "10": 0.050016, "11": 0.000237, "12": 0.050059, "13": 0.000711, "14": 0.033025, "15": 0.003838, "16": 0.03352, "17": 0.004642, "18": 0.016075, "19": 0.062035, "20": 0.01856, "21": 0.15547, "22": 0.021467, "23": 0.189841, "24": 0.031159, "25": 0.072829}, "types": {"0": 1, "1": 2, "2": 1, "3": 2, "4": 2, "5": 1, "6": 2, "7": 1, "8": 2, "9": 0, "10": 1, "11": 0, "12": 1, "13": 0, "14": 1, "15": 0, "16": 1, "17": 0, "18": 0, "19": 1, "20": 0, "21": 1, "22": 0, "23": 1, "24": 0, "25": 1}, "xs": {"0": 66.0, "1": 66.0, "2": 62.0, "3": 63.0, "4": 63.0, "5": 64.0, "6": 67.0, "7": 61.0, "8": 58.0, "9": 63.0, "10": 38.0, "11": 120.0, "12": 104.0, "13": 25.0, "14": 43.0, "15": 55.0, "16": 46.0, "17": 55.0, "18": 73.0, "19": 79.0, "20": 55.0, "21": 51.0, "22": 77.0, "23": 82.0, "24": 67.0, "25": 72.0}, "ys": {"0": 139.0, "1": 154.0, "2": 112.0, "3": 128.0, "4": 104.0, "5": 54.0, "6": 51.0, "7": 53.0, "8": 51.0, "9": 37.0, "10": 0.0, "11": 148.0, "12": 0.0, "13": 151.0, "14": 105.0, "15": 130.0, "16": 129.0, "17": 107.0, "18": 127.0, "19": 126.0, "20": 156.0, "21": 153.0, "22": 151.0, "23": 152.0, "24": 114.0, "25": 113.0}, "zs": {"0": 0.0, "1": 0.0, "2": 0.0, "3": 0.0, "4": 0.0, "5": 0.0, "6": 0.0, "7": 0.0, "8": 0.0, "9": 0.0, "10": 0.0, "11": 0.0, "12": 0.0, "13": 0.0, "14": 0.0, "15": 0.0, "16": 0.0, "17": 0.0, "18": 0.0, "19": 0.0, "20": 0.0, "21": 0.0, "22": 0.0, "23": 0.0, "24": 0.0, "25": 0.0}, "vizPos": {"0": [0.5, 0.5996636667200328], "1": [0.5, 0.769821], "2": [0.32369125, 0.6505643839258927], "3": [0.294322125, 0.7231875999454089], "4": [0.32369125, 0.7025638018754143], "5": [0.5, 0.4009583878684102], "6": [0.5470845999999999, 0.543948440205372], "7": [0.5, 0.3679850502842425], "8": [0.735047, 0.5422223604606197], "9": [0.5, 0.0], "10": [0.5, 0.11166327067031045], "11": [0.6410658, 0.0005063750193433138], "12": [0.5, 0.11176084979107676], "13": [0.411798625, 0.001520162212486823], "14": [0.411798625, 0.07308913340931468], "15": [0.44116774999999997, 0.008241869773480053], "16": [0.44116774999999997, 0.0742102082421812], "17": [0.39711406250000003, 0.009979277107716879], "18": [0.8290282, 0.035041626116072824], "19": [0.5, 0.1388351771322407], "20": [0.20621474999999997, 0.040565132760156025], "21": [0.5, 0.3269505637044096], "22": [0.08873825000000002, 0.04705483269701566], "23": [0.5, 0.3814871072864173], "24": [0.9230094, 0.06886647711628488], "25": [0.5, 0.16294589635468837]}, "vizEdgeSegments": [[[0.5, 0.0], [0.5, 0.0], [0.5, 0.769821]], [[0.5, 0.11166327067031045], [0.44116774999999997, 0.11166327067031045], [0.44116774999999997, 0.008241869773480053]], [[0.5, 0.11176084979107676], [0.6410658, 0.11176084979107676], [0.6410658, 0.0005063750193433138]], [[0.5, 0.1388351771322407], [0.8290282, 0.1388351771322407], [0.8290282, 0.035041626116072824]], [[0.5, 0.16294589635468837], [0.9230094, 0.16294589635468837], [0.9230094, 0.06886647711628488]], [[0.5, 0.3269505637044096], [0.20621474999999997, 0.3269505637044096], [0.20621474999999997, 0.040565132760156025]], [[0.5, 0.3679850502842425], [0.735047, 0.3679850502842425], [0.735047, 0.5422223604606197]], [[0.5, 0.3814871072864173], [0.08873825000000002, 0.3814871072864173], [0.08873825000000002, 0.04705483269701566]], [[0.5, 0.4009583878684102], [0.5470845999999999, 0.4009583878684102], [0.5470845999999999, 0.543948440205372]], [[0.5, 0.5996636667200328], [0.32369125, 0.5996636667200328], [0.32369125, 0.7025638018754143]], [[0.44116774999999997, 0.0742102082421812], [0.411798625, 0.0742102082421812], [0.411798625, 0.001520162212486823]], [[0.32369125, 0.6505643839258927], [0.294322125, 0.6505643839258927], [0.294322125, 0.7231875999454089]], [[0.411798625, 0.07308913340931468], [0.39711406250000003, 0.07308913340931468], [0.39711406250000003, 0.009979277107716879]]], "vizSegmentNodeIds": [[9, 10, 12, 19, 25, 21, 7, 23, 5, 0, 1], [10, 16, 15], [12, 11], [19, 18], [25, 24], [21, 20], [7, 8], [23, 22], [5, 6], [0, 2, 4], [16, 14, 13], [2, 3], [14, 17]], "branches": [{"nodes": [9, 10, 12, 19, 25, 21, 7, 23, 5, 0, 1], "parentBranch": -1, "mode": "up", "depth": 0}, {"nodes": [10, 16, 15], "parentBranch": 0, "mode": "down", "depth": 1}, {"nodes": [12, 11], "parentBranch": 0, "mode": "down", "depth": 1}, {"nodes": [19, 18], "parentBranch": 0, "mode": "down", "depth": 1}, {"nodes": [25, 24], "parentBranch": 0, "mode": "down", "depth": 1}, {"nodes": [21, 20], "parentBranch": 0, "mode": "down", "depth": 1}, {"nodes": [7, 8], "parentBranch": 0, "mode": "up", "depth": 1}, {"nodes": [23, 22], "parentBranch": 0, "mode": "down", "depth": 1}, {"nodes": [5, 6], "parentBranch": 0, "mode": "up", "depth": 1}, {"nodes": [0, 2, 4], "parentBranch": 0, "mode": "up", "depth": 1}, {"nodes": [16, 14, 13], "parentBranch": 1, "mode": "down", "depth": 2}, {"nodes": [2, 3], "parentBranch": 9, "mode": "up", "depth": 2}, {"nodes": [14, 17], "parentBranch": 10, "mode": "down", "depth": 3}]}