{"nodes": [0, 1, 2, 3, 4, 5, 6, 7, 8, 9, 10, 11, 12, 13, 14, 15, 16, 17, 18, 19, 20, 21, 22, 23, 24, 25, 26, 27, 28, 29], "edges": [[0, 1], [0, 29], [0, 12], [2, 3], [2, 9], [2, 29], [4, 5], [4, 6], [4, 7], [7, 8], [7, 29], [10, 11], [10, 22], [10, 24], [12, 13], [12, 22], [14, 15], [15, 19], [15, 17], [16, 17], [17, 26], [18, 19], [19, 20], [21, 22], [23, 24], [24, 28], [25, 26], [26, 28], [27, 28]], "heights": {"0": 0.352797, "1": 0.764889, "2": 0.538548, "3": 0.710834, "4": 0.550611, "5": 0.590676, "6": 0.588676, "7": 0.536684, "8": 0.574417, "9": 0.562618, "10": 0.181256, "11": 0.340262, "12": 0.203754, "13": 0.338155, "14": 0.0, "15": 0.050011, "16": 0.000118, "17": 0.050068, "18": 0.000479, "19": 0.033535, "20": 0.004224, "21": 0.007611, "22": 0.187896, "23": 0.01046, "24": 0.163548, "25": 0.014601, "26": 0.064917, "27": 0.046005, "28": 0.092033, "29": 0.528301}, "types": {"0": 1, "1": 2, "2": 1, "3": 2, "4": 1, "5": 2, "6": 2, "7": 1, "8": 2, "9": 2, "10": 1, "11": 2, "12": 1, "13": 2, "14": 0, "15": 1, "16": 0, "17": 1, "18": 0, "19": 1, "20": 0, "21": 0, "22": 1, "23": 0, "24": 1, "25": 0, "26": 1, "27": 0, "28": 1, "29": 1}, "xs": {"0": 60.0, "1": 57.0, "2": 62.0, "3": 62.0, "4": 62.0, "5": 62.0, "6": 63.0, "7": 61.0, "8": 62.0, "9": 63.0, "10": 61.0, "11": 58.0, "12": 64.0, "13": 67.0, "14": 63.0, "15": 77.0, "16": 3.0, "17": 47.0, "18": 98.0, "19": 79.0, "20": 69.0, "21": 47.0, "22": 44.0, "23": 69.0, "24": 73.0, "25": 53.0, "26": 47.0, "27": 68.0, "28": 70.0, "29": 63.0}, "ys": {"0": 137.0, "1": 154.0, "2": 116.0, "3": 125.0, "4": 106.0, "5": 104.0, "6": 107.0, "7": 101.0, "8": 94.0, "9": 115.0, "10": 53.0, "11": 51.0, "12": 54.0, "13": 51.0, "14": 37.0, "15": 0.0, "16": 148.0, "17": 0.0, "18": 152.0, "19": 106.0, "20": 107.0, "21": 151.0, "22": 150.0, "23": 156.0, "24": 154.0, "25": 127.0, "26": 125.0, "27": 125.0, "28": 125.0, "29": 113.0}, "zs": {"0": 0.0, "1": 0.0, "2": 0.0, "3": 0.0, "4": 0.0, "5": 0.0, "6": 0.0, "7": 0.0, "8": 0.0, "9": 0.0, "10": 0.0, "11": 0.0, "12": 0.0, "13": 0.0, "14": 0.0, "15": 0.0, "16": 0.0, "17": 0.0, "18": 0.0, "19": 0.0, "20": 0.0, "21": 0.0, "22": 0.0, "23": 0.0, "24": 0.0, "25": 0.0, "26": 0.0, "27": 0.0, "28": 0.0, "29": 0.0}, "vizPos": {"0": [0.5, 0.42867713380169836], "1": [0.5, 0.764889], "2": [0.2845324166666666, 0.58654295826669], "3": [0.27474270833333336, 0.7382595904876549], "4": [0.32369125, 0.5992352399900691], "5": [0.36285008333333335, 0.641116142881503], "6": [0.32369125, 0.6390777946004406], "7": [0.32369125, 0.5845937768865413], "8": [0.32369175, 0.6243265617818827], "9": [0.2845324166666666, 0.6119216959704787], "10": [0.5, 0.274378790183287], "11": [0.735047, 0.41926517870021873], "12": [0.5, 0.2997356537202592], "13": [0.9230094, 0.4176728036121276], "14": [0.5, 0.0], "15": [0.5, 0.08190857114478328], "16": [0.5470845999999999, 0.0001833365906834869], "17": [0.5, 0.08200405477055192], "18": [0.44116774999999997, 0.0007446707052729893], "19": [0.44116774999999997, 0.05434043202594869], "20": [0.411798625, 0.006606693747027484], "21": [0.08873825000000002, 0.011966080441275308], "22": [0.5, 0.2820924546241769], "23": [0.20621474999999997, 0.016513472878013424], "24": [0.5, 0.2528256425215491], "25": [0.6410658, 0.02318162086534026], "26": [0.5, 0.1067837827781832], "27": [0.8290282, 0.07519615231023467], "28": [0.5, 0.15084695934169765], "29": [0.32369125, 0.5758868350197186]}, "vizEdgeSegments": [[[0.5, 0.0], [0.5, 0.0], [0.5, 0.764889]], [[0.5, 0.08190857114478328], [0.44116774999999997, 0.08190857114478328], [0.44116774999999997, 0.0007446707052729893]], [[0.5, 0.08200405477055192], [0.5470845999999999, 0.08200405477055192], [0.5470845999999999, 0.0001833365906834869]], [[0.5, 0.1067837827781832], [0.6410658, 0.1067837827781832], [0.6410658, 0.02318162086534026]], [[0.5, 0.15084695934169765], [0.8290282, 0.15084695934169765], [0.8290282, 0.07519615231023467]], [[0.5, 0.2528256425215491], [0.20621474999999997, 0.2528256425215491], [0.20621474999999997, 0.016513472878013424]], [[0.5, 0.274378790183287], [0.735047, 0.274378790183287], [0.735047, 0.41926517870021873]], [[0.5, 0.2820924546241769], [0.08873825000000002, 0.2820924546241769], [0.08873825000000002, 0.011966080441275308]], [[0.5, 0.2997356537202592], [0.9230094, 0.2997356537202592], [0.9230094, 0.4176728036121276]], [[0.5, 0.42867713380169836], [0.32369125, 0.42867713380169836], [0.32369125, 0.6390777946004406]], [[0.44116774999999997, 0.05434043202594869], [0.411798625, 0.05434043202594869], [0.411798625, 0.006606693747027484]], [[0.32369125, 0.5758868350197186], [0.2845324166666666, 0.5758868350197186], [0.2845324166666666, 0.6119216959704787]], [[0.32369125, 0.5845937768865413], [0.32369175, 0.5845937768865413], [0.32369175, 0.6243265617818827]], [[0.32369125, 0.5992352399900691], [0.36285008333333335, 0.5992352399900691], [0.36285008333333335, 0.641116142881503]], [[0.2845324166666666, 0.58654295826669], [0.27474270833333336, 0.58654295826669], [0.27474270833333336, 0.7382595904876549]]], "vizSegmentNodeIds": [[14, 15, 17, 26, 28, 24, 10, 22, 12, 0, 1], [15, 19, 18], [17, 16], [26, 25], [28, 27], [24, 23], [10, 11], [22, 21], [12, 13], [0, 29, 7, 4, 6], [19, 20], [29, 2, 9], [7, 8], [4, 5], [2, 3]], "branches": [{"nodes": [14, 15, 17, 26, 28, 24, 10, 22, 12, 0, 1], "parentBranch": -1, "mode": "up", "depth": 0}, {"nodes": [15, 19, 18], "parentBranch": 0, "mode": "down", "depth": 1}, {"nodes": [17, 16], "parentBranch": 0, "mode": "down", "depth": 1}, {"nodes": [26, 25], "parentBranch": 0, "mode": "down", "depth": 1}, {"nodes": [28, 27], "parentBranch": 0, "mode": "down", "depth": 1}, {"nodes": [24, 23], "parentBranch": 0, "mode": "down", "depth": 1}, {"nodes": [10, 11], "parentBranch": 0, "mode": "up", "depth": 1}, {"nodes": [22, 21], "parentBranch": 0, "mode": "down", "depth": 1}, {"nodes": [12, 13], "parentBranch": 0, "mode": "up", "depth": 1}, {"nodes": [0, 29, 7, 4, 6], "parentBranch": 0, "mode": "up", "depth": 1}, {"nodes": [19, 20], "parentBranch": 1, "mode": "down", "depth": 2}, {"nodes": [29, 2, 9], "parentBranch": 9, "mode": "up", "depth": 2}, {"nodes": [7, 8], "parentBranch": 9, "mode": "up", "depth": 2}, {"nodes": [4, 5], "parentBranch": 9, "mode": "up", "depth": 2}, {"nodes": [2, 3], "parentBranch": 11, "mode": "up", "depth": 3}]}