{"nodes": [0, 1, 2, 3, 4, 5, 6, 7, 8, 9, 10, 11, 12, 13, 14, 15, 16, 17, 18, 19, 20, 21, 22, 23, 24, 25, 26, 27, 28, 29, 30, 31], "edges": [[0, 1], [0, 2], [0, 9], [2, 3], [2, 7], [4, 5], [4, 6], [4, 7], [7, 8], [9, 10], [9, 29], [11, 12], [11, 29], [11, 27], [13, 14], [14, 21], [14, 16], [15, 16], [16, 25], [17, 18], [18, 19], [18, 21], [20, 21], [22, 23], [23, 25], [23, 31], [24, 25], [26, 27], [27, 31], [28, 29], [30, 31]], "heights": {"0": 0.411536, "1": 0.759507, "2": 0.479753, "3": 0.685873, "4": 0.568995, "5": 0.605667, "6": 0.595858, "7": 0.545444, "8": 0.572953, "9": 0.203959, "10": 0.34046, "11": 0.181936, "12": 0.338111, "13": 0.0, "14": 0.050036, "15": 2.3e-05, "16": 0.050053, "17": 0.000796, "18": 0.031269, "19": 0.00205, "20": 0.007984, "21": 0.035159, "22": 0.011612, "23": 0.059017, "24": 0.016155, "25": 0.055915, "26": 0.027979, "27": 0.154381, "28": 0.029273, "29": 0.190945, "30": 0.032417, "31": 0.06547}, "types": {"0": 1, "1": 2, "2": 1, "3": 2, "4": 1, "5": 2, "6": 2, "7": 1, "8": 2, "9": 1, "10": 2, "11": 1, "12": 2, "13": 0, "14": 1, "15": 0, "16": 1, "17": 0, "18": 1, "19": 0, "20": 0, "21": 1, "22": 0, "23": 1, "24": 0, "25": 1, "26": 0, "27": 1, "28": 0, "29": 1, "30": 0, "31": 1}, "xs": {"0": 66.0, "1": 66.0, "2": 61.0, "3": 64.0, "4": 62.0, "5": 63.0, "6": 62.0, "7": 64.0, "8": 63.0, "9": 64.0, "10": 67.0, "11": 61.0, "12": 58.0, "13": 63.0, "14": 30.0, "15": 120.0, "16": 105.0, "17": 25.0, "18": 42.0, "19": 54.0, "20": 55.0, "21": 47.0, "22": 73.0, "23": 81.0, "24": 58.0, "25": 57.0, "26": 55.0, "27": 51.0, "28": 78.0, "29": 81.0, "30": 70.0, "31": 71.0}, "ys": {"0": 138.0, "1": 153.0, "2": 117.0, "3": 126.0, "4": 108.0, "5": 107.0, "6": 109.0, "7": 98.0, "8": 93.0, "9": 54.0, "10": 51.0, "11": 53.0, "12": 51.0, "13": 37.0, "14": 0.0, "15": 148.0, "16": 0.0, "17": 151.0, "18": 110.0, "19": 110.0, "20": 129.0, "21": 127.0, "22": 127.0, "23": 126.0, "24": 109.0, "25": 110.0, "26": 155.0, "27": 153.0, "28": 151.0, "29": 151.0, "30": 126.0, "31": 127.0}, "zs": {"0": 0.0, "1": 0.0, "2": 0.0, "3": 0.0, "4": 0.0, "5": 0.0, "6": 0.0, "7": 0.0, "8": 0.0, "9": 0.0, "10": 0.0, "11": 0.0, "12": 0.0, "13": 0.0, "14": 0.0, "15": 0.0, "16": 0.0, "17": 0.0, "18": 0.0, "19": 0.0, "20": 0.0, "21": 0.0, "22": 0.0, "23": 0.0, "24": 0.0, "25": 0.0, "26": 0.0, "27": 0.0, "28": 0.0, "29": 0.0, "30": 0.0, "31": 0.0}, "vizPos": {"0": [0.5, 0.5233996740539137], "1": [0.5, 0.759507], "2": [0.45291539999999997, 0.5705227385824432], "3": [0.42158833333333334, 0.7251055339766083], "4": [0.45291539999999997, 0.6405346723056373], "5": [0.4842424666666667, 0.6700013963289886], "6": [0.45291539999999997, 0.6622590304801897], "7": [0.45291539999999997, 0.6213398166945618], "8": [0.4529159, 0.6437634690960939], "9": [0.5, 0.3617952041731099], "10": [0.735047, 0.4761026360965482], "11": [0.5, 0.3356623495514459], "12": [0.07699059999999998, 0.4745025762048586], "13": [0.5, 0.0], "14": [0.5, 0.10569600485154385], "15": [0.5470845999999999, 4.6254722921620625e-05], "16": [0.5, 0.10573237662654059], "17": [0.3354389, 0.0016029282949445115], "18": [0.3354389, 0.06540645294685662], "19": [0.32369125, 0.0041368345849683965], "20": [0.3589342, 0.01626249815164247], "21": [0.3589342, 0.07375502464771505], "22": [0.6410658, 0.023775552567595858], "23": [0.5, 0.12481728299486314], "24": [0.264953, 0.033275031018913825], "25": [0.5, 0.1182369237036218], "26": [0.8290282, 0.05836222570387781], "27": [0.5, 0.29829633707317393], "28": [0.9230094, 0.06113053028703708], "29": [0.5, 0.34672875943531667], "30": [0.17097180000000003, 0.06786845297061404], "31": [0.5, 0.1384009180813289]}, "vizEdgeSegments": [[[0.5, 0.0], [0.5, 0.0], [0.5, 0.759507]], [[0.5, 0.10569600485154385], [0.3589342, 0.10569600485154385], [0.3589342, 0.01626249815164247]], [[0.5, 0.10573237662654059], [0.5470845999999999, 0.10573237662654059], [0.5470845999999999, 4.6254722921620625e-05]], [[0.5, 0.1182369237036218], [0.264953, 0.1182369237036218], [0.264953, 0.033275031018913825]], [[0.5, 0.12481728299486314], [0.6410658, 0.12481728299486314], [0.6410658, 0.023775552567595858]], [[0.5, 0.1384009180813289], [0.17097180000000003, 0.1384009180813289], [0.17097180000000003, 0.06786845297061404]], [[0.5, 0.29829633707317393], [0.8290282, 0.29829633707317393], [0.8290282, 0.05836222570387781]], [[0.5, 0.3356623495514459], [0.07699059999999998, 0.3356623495514459], [0.07699059999999998, 0.4745025762048586]], [[0.5, 0.34672875943531667], [0.9230094, 0.34672875943531667], [0.9230094, 0.06113053028703708]], [[0.5, 0.3617952041731099], [0.735047, 0.3617952041731099], [0.735047, 0.4761026360965482]], [[0.5, 0.5233996740539137], [0.45291539999999997, 0.5233996740539137], [0.45291539999999997, 0.6622590304801897]], [[0.3589342, 0.07375502464771505], [0.3354389, 0.07375502464771505], [0.3354389, 0.0016029282949445115]], [[0.45291539999999997, 0.5705227385824432], [0.42158833333333334, 0.5705227385824432], [0.42158833333333334, 0.7251055339766083]], [[0.45291539999999997, 0.6213398166945618], [0.4529159, 0.6213398166945618], [0.4529159, 0.6437634690960939]], [[0.45291539999999997, 0.6405346723056373], [0.4842424666666667, 0.6405346723056373], [0.4842424666666667, 0.6700013963289886]], [[0.3354389, 0.06540645294685662], [0.32369125, 0.06540645294685662], [0.32369125, 0.0041368345849683965]]], "vizSegmentNodeIds": [[13, 14, 16, 25, 23, 31, 27, 11, 29, 9, 0, 1], [14, 21, 20], [16, 15], [25, 24], [23, 22], [31, 30], [27, 26], [11, 12], [29, 28], [9, 10], [0, 2, 7, 4, 6], [21, 18, 17], [2, 3], [7, 8], [4, 5], [18, 19]], "branches": [{"nodes": [13, 14, 16, 25, 23, 31, 27, 11, 29, 9, 0, 1], "parentBranch": -1, "mode": "up", "depth": 0}, {"nodes": [14, 21, 20], "parentBranch": 0, "mode": "down", "depth": 1}, {"nodes": [16, 15], "parentBranch": 0, "mode": "down", "depth": 1}, {"nodes": [25, 24], "parentBranch": 0, "mode": "down", "depth": 1}, {"nodes": [23, 22], "parentBranch": 0, "mode": "down", "depth": 1}, {"nodes": [31, 30], "parentBranch": 0, "mode": "down", "depth": 1}, {"nodes": [27, 26], "parentBranch": 0, "mode": "down", "depth": 1}, {"nodes": [11, 12], "parentBranch": 0, "mode": "up", "depth": 1}, {"nodes": [29, 28], "parentBranch": 0, "mode": "down", "depth": 1}, {"nodes": [9, 10], "parentBranch": 0, "mode": "up", "depth": 1}, {"nodes": [0, 2, 7, 4, 6], "parentBranch": 0, "mode": "up", "depth": 1}, {"nodes": [21, 18, 17], "parentBranch": 1, "mode": "down", "depth": 2}, {"nodes": [2, 3], "parentBranch": 10, "mode": "up", "depth": 2}, {"nodes": [7, 8], "parentBranch": 10, "mode": "up", "depth": 2}, {"nodes": [4, 5], "parentBranch": 10, "mode": "up", "depth": 2}, {"nodes": [18, 19], "parentBranch": 11, "mode": "down", "depth": 3}]}