{"nodes": [0, 1, 2, 3, 4, 5, 6, 7, 8, 9, 10, 11, 12, 13, 14, 15, 16, 17, 18, 19, 20, 21, 22, 23, 24, 25, 26, 27, 28, 29, 30, 31, 32, 33, 34, 35, 36, 37, 38, 39], "edges": [[0, 1], [0, 36], [0, 37], [2, 3], [2, 10], [2, 36], [4, 5], [4, 6], [4, 35], [7, 8], [7, 9], [7, 35], [11, 12], [11, 15], [11, 37], [13, 14], [13, 16], [13, 38], [17, 18], [18, 24], [18, 39], [19, 20], [20, 32], [20, 39], [21, 22], [22, 31], [22, 24], [23, 24], [25, 26], [26, 34], [26, 38], [27, 28], [28, 37], [28, 38], [29, 30], [30, 39], [30, 34], [33, 34], [35, 36]], "heights": {"0": 0.362545, "1": 0.776583, "2": 0.534043, "3": 0.692387, "4": 0.570152, "5": 0.597138, "6": 0.593966, "7": 0.549377, "8": 0.565208, "9": 0.55963, "10": 0.557207, "11": 0.206955, "12": 0.338156, "13": 0.201296, "14": 0.33557, "15": 0.216653, "16": 0.211605, "17": 0.0, "18": 0.050004, "19": 0.000234, "20": 0.041272, "21": 0.000452, "22": 0.028166, "23": 0.005176, "24": 0.031722, "25": 0.006134, "26": 0.164739, "27": 0.007274, "28": 0.188481, "29": 0.008943, "30": 0.059407, "31": 0.009106, "32": 0.03224, "33": 0.041669, "34": 0.066815, "35": 0.534904, "36": 0.51105, "37": 0.205588, "38": 0.177968, "39": 0.050071}, "types": {"0": 1, "1": 2, "2": 1, "3": 2, "4": 1, "5": 2, "6": 2, "7": 1, "8": 2, "9": 2, "10": 2, "11": 1, "12": 2, "13": 1, "14": 2, "15": 2, "16": 2, "17": 0, "18": 1, "19": 0, "20": 1, "21": 0, "22": 1, "23": 0, "24": 1, "25": 0, "26": 1, "27": 0, "28": 1, "29": 0, "30": 1, "31": 0, "32": 0, "33": 0, "34": 1, "35": 1, "36": 1, "37": 1, "38": 1, "39": 1}, "xs": {"0": 66.0, "1": 67.0, "2": 62.0, "3": 64.0, "4": 63.0, "5": 62.0, "6": 63.0, "7": 63.0, "8": 63.0, "9": 64.0, "10": 62.0, "11": 70.0, "12": 67.0, "13": 56.0, "14": 58.0, "15": 70.0, "16": 56.0, "17": 63.0, "18": 43.0, "19": 121.0, "20": 87.0, "21": 27.0, "22": 43.0, "23": 56.0, "24": 45.0, "25": 56.0, "26": 52.0, "27": 78.0, "28": 81.0, "29": 73.0, "30": 80.0, "31": 52.0, "32": 67.0, "33": 57.0, "34": 56.0, "35": 64.0, "36": 61.0, "37": 64.0, "38": 61.0, "39": 82.0}, "ys": {"0": 138.0, "1": 154.0, "2": 118.0, "3": 128.0, "4": 107.0, "5": 108.0, "6": 105.0, "7": 95.0, "8": 92.0, "9": 98.0, "10": 116.0, "11": 42.0, "12": 51.0, "13": 42.0, "14": 51.0, "15": 41.0, "16": 41.0, "17": 37.0, "18": 0.0, "19": 148.0, "20": 84.0, "21": 153.0, "22": 126.0, "23": 109.0, "24": 108.0, "25": 157.0, "26": 155.0, "27": 152.0, "28": 151.0, "29": 127.0, "30": 126.0, "31": 127.0, "32": 57.0, "33": 126.0, "34": 126.0, "35": 102.0, "36": 115.0, "37": 54.0, "38": 53.0, "39": 0.0}, "zs": {"0": 0.0, "1": 0.0, "2": 0.0, "3": 0.0, "4": 0.0, "5": 0.0, "6": 0.0, "7": 0.0, "8": 0.0, "9": 0.0, "10": 0.0, "11": 0.0, "12": 0.0, "13": 0.0, "14": 0.0, "15": 0.0, "16": 0.0, "17": 0.0, "18": 0.0, "19": 0.0, "20": 0.0, "21": 0.0, "22": 0.0, "23": 0.0, "24": 0.0, "25": 0.0, "26": 0.0, "27": 0.0, "28": 0.0, "29": 0.0, "30": 0.0, "31": 0.0, "32": 0.0, "33": 0.0, "34": 0.0, "35": 0.0, "36": 0.0, "37": 0.0, "38": 0.0, "39": 0.0}, "vizPos": {"0": [0.5, 0.362545], "1": [0.5, 0.776583], "2": [0.04545454545454547, 0.534043], "3": [0.04545454545454547, 0.692387], "4": [0.09090909090909094, 0.570152], "5": [0.09090909090909094, 0.597138], "6": [0.1136363636363637, 0.593966], "7": [0.06818181818181818, 0.549377], "8": [0.06818181818181818, 0.565208], "9": [0.05681818181818182, 0.55963], "10": [0.0, 0.557207], "11": [0.3181818181818182, 0.206955], "12": [0.3181818181818182, 0.338156], "13": [0.7727272727272727, 0.201296], "14": [0.7727272727272727, 0.33557], "15": [0.2727272727272727, 0.216653], "16": [0.7272727272727273, 0.211605], "17": [0.5, 0.0], "18": [0.5, 0.050004], "19": [0.40909090909090906, 0.000234], "20": [0.40909090909090906, 0.041272], "21": [0.5454545454545454, 0.000452], "22": [0.5454545454545454, 0.028166], "23": [0.5909090909090909, 0.005176], "24": [0.5909090909090909, 0.031722], "25": [0.22727272727272724, 0.006134], "26": [0.5, 0.164739], "27": [0.13636363636363635, 0.007274], "28": [0.5, 0.188481], "29": [0.6818181818181819, 0.008943], "30": [0.5, 0.059407], "31": [0.5681818181818181, 0.009106], "32": [0.36363636363636365, 0.03224], "33": [0.8636363636363636, 0.041669], "34": [0.5, 0.066815], "35": [0.09090909090909094, 0.534904], "36": [0.04545454545454547, 0.51105], "37": [0.5, 0.205588], "38": [0.5, 0.177968], "39": [0.5, 0.050071]}, "vizEdgeSegments": [[[0.5, 0.0], [0.5, 0.0], [0.5, 0.776583]], [[0.5, 0.362545], [0.04545454545454547, 0.362545], [0.04545454545454547, 0.692387]], [[0.04545454545454547, 0.534043], [0.0, 0.534043], [0.0, 0.557207]], [[0.04545454545454547, 0.51105], [0.09090909090909094, 0.51105], [0.09090909090909094, 0.597138]], [[0.09090909090909094, 0.570152], [0.1136363636363637, 0.570152], [0.1136363636363637, 0.593966]], [[0.09090909090909094, 0.534904], [0.06818181818181818, 0.534904], [0.06818181818181818, 0.565208]], [[0.06818181818181818, 0.549377], [0.05681818181818182, 0.549377], [0.05681818181818182, 0.55963]], [[0.5, 0.205588], [0.3181818181818182, 0.205588], [0.3181818181818182, 0.338156]], [[0.3181818181818182, 0.206955], [0.2727272727272727, 0.206955], [0.2727272727272727, 0.216653]], [[0.5, 0.188481], [0.13636363636363635, 0.188481], [0.13636363636363635, 0.007274]], [[0.5, 0.177968], [0.7727272727272727, 0.177968], [0.7727272727272727, 0.33557]], [[0.7727272727272727, 0.201296], [0.7272727272727273, 0.201296], [0.7272727272727273, 0.211605]], [[0.5, 0.164739], [0.22727272727272724, 0.164739], [0.22727272727272724, 0.006134]], [[0.5, 0.066815], [0.8636363636363636, 0.066815], [0.8636363636363636, 0.041669]], [[0.5, 0.059407], [0.6818181818181819, 0.059407], [0.6818181818181819, 0.008943]], [[0.5, 0.050071], [0.40909090909090906, 0.050071], [0.40909090909090906, 0.000234]], [[0.40909090909090906, 0.041272], [0.36363636363636365, 0.041272], [0.36363636363636365, 0.03224]], [[0.5, 0.050004], [0.5909090909090909, 0.050004], [0.5909090909090909, 0.005176]], [[0.5909090909090909, 0.031722], [0.5454545454545454, 0.031722], [0.5454545454545454, 0.000452]], [[0.5454545454545454, 0.028166], [0.5681818181818181, 0.028166], [0.5681818181818181, 0.009106]]], "vizSegmentNodeIds": [[17, 18, 39, 30, 34, 26, 38, 28, 37, 0, 1], [0, 36, 2, 3], [2, 10], [36, 35, 4, 5], [4, 6], [35, 7, 8], [7, 9], [37, 11, 12], [11, 15], [28, 27], [38, 13, 14], [13, 16], [26, 25], [34, 33], [30, 29], [39, 20, 19], [20, 32], [18, 24, 23], [24, 22, 21], [22, 31]], "branches": [{"nodes": [17, 18, 39, 30, 34, 26, 38, 28, 37, 0, 1], "parentBranch": -1, "mode": "up", "depth": 0}, {"nodes": [0, 36, 2, 3], "parentBranch": 0, "mode": "up", "depth": 1}, {"nodes": [2, 10], "parentBranch": 1, "mode": "up", "depth": 2}, {"nodes": [36, 35, 4, 5], "parentBranch": 1, "mode": "up", "depth": 2}, {"nodes": [4, 6], "parentBranch": 3, "mode": "up", "depth": 3}, {"nodes": [35, 7, 8], "parentBranch": 3, "mode": "up", "depth": 3}, {"nodes": [7, 9], "parentBranch": 5, "mode": "up", "depth": 4}, {"nodes": [37, 11, 12], "parentBranch": 0, "mode": "up", "depth": 1}, {"nodes": [11, 15], "parentBranch": 7, "mode": "up", "depth": 2}, {"nodes": [28, 27], "parentBranch": 0, "mode": "down", "depth": 1}, {"nodes": [38, 13, 14], "parentBranch": 0, "mode": "up", "depth": 1}, {"nodes": [13, 16], "parentBranch": 10, "mode": "up", "depth": 2}, {"nodes": [26, 25], "parentBranch": 0, "mode": "down", "depth": 1}, {"nodes": [34, 33], "parentBranch": 0, "mode": "down", "depth": 1}, {"nodes": [30, 29], "parentBranch": 0, "mode": "down", "depth": 1}, {"nodes": [39, 20, 19], "parentBranch": 0, "mode": "down", "depth": 1}, {"nodes": [20, 32], "parentBranch": 15, "mode": "down", "depth": 2}, {"nodes": [18, 24, 23], "parentBranch": 0, "mode": "down", "depth": 1}, {"nodes": [24, 22, 21], "parentBranch": 17, "mode": "down", "depth": 2}, {"nodes": [22, 31], "parentBranch": 18, "mode": "down", "depth": 3}]}