{"nodes": [0, 1, 2, 3, 4, 5, 6, 7, 8, 9, 10, 11, 12, 13, 14, 15, 16, 17, 18, 19, 20, 21, 22, 23, 24, 25, 26, 27, 28, 29, 30, 31, 32, 33, 34, 35, 36, 37, 38, 39, 40, 41, 42, 43, 44, 45, 46, 47], "edges": [[0, 1], [0, 2], [0, 43], [2, 3], [2, 11], [4, 5], [4, 6], [4, 9], [7, 8], [7, 9], [7, 11], [9, 10], [11, 12], [13, 14], [13, 17], [13, 43], [15, 16], [15, 18], [15, 44], [19, 20], [20, 45], [20, 46], [21, 22], [22, 37], [22, 46], [23, 24], [24, 25], [24, 45], [26, 27], [27, 32], [27, 45], [28, 29], [29, 31], [29, 39], [30, 31], [31, 46], [33, 34], [34, 42], [34, 44], [35, 36], [36, 40], [36, 47], [38, 39], [39, 42], [41, 42], [43, 47], [44, 47]], "heights": {"0": 0.411536, "1": 0.759507, "2": 0.479753, "3": 0.685873, "4": 0.568995, "5": 0.605667, "6": 0.595858, "7": 0.545444, "8": 0.572953, "9": 0.551473, "10": 0.561789, "11": 0.488034, "12": 0.497717, "13": 0.207459, "14": 0.34046, "15": 0.201866, "16": 0.338111, "17": 0.217276, "18": 0.212244, "19": 0.0, "20": 0.050036, "21": 2.3e-05, "22": 0.041758, "23": 0.000796, "24": 0.031269, "25": 0.00205, "26": 0.007984, "27": 0.034654, "28": 0.011612, "29": 0.059017, "30": 0.016155, "31": 0.055915, "32": 0.022073, "33": 0.027979, "34": 0.154381, "35": 0.029273, "36": 0.047754, "37": 0.032164, "38": 0.032417, "39": 0.06547, "40": 0.033843, "41": 0.132384, "42": 0.141688, "43": 0.203959, "44": 0.181936, "45": 0.035159, "46": 0.050053, "47": 0.190945}, "types": {"0": 1, "1": 2, "2": 1, "3": 2, "4": 1, "5": 2, "6": 2, "7": 1, "8": 2, "9": 1, "10": 2, "11": 1, "12": 2, "13": 1, "14": 2, "15": 1, "16": 2, "17": 2, "18": 2, "19": 0, "20": 1, "21": 0, "22": 1, "23": 0, "24": 1, "25": 0, "26": 0, "27": 1, "28": 0, "29": 1, "30": 0, "31": 1, "32": 0, "33": 0, "34": 1, "35": 0, "36": 1, "37": 0, "38": 0, "39": 1, "40": 0, "41": 0, "42": 1, "43": 1, "44": 1, "45": 1, "46": 1, "47": 1}, "xs": {"0": 66.0, "1": 66.0, "2": 61.0, "3": 64.0, "4": 62.0, "5": 63.0, "6": 62.0, "7": 64.0, "8": 63.0, "9": 64.0, "10": 64.0, "11": 61.0, "12": 61.0, "13": 70.0, "14": 67.0, "15": 56.0, "16": 58.0, "17": 70.0, "18": 56.0, "19": 63.0, "20": 30.0, "21": 120.0, "22": 83.0, "23": 25.0, "24": 42.0, "25": 54.0, "26": 55.0, "27": 56.0, "28": 73.0, "29": 81.0, "30": 58.0, "31": 57.0, "32": 58.0, "33": 55.0, "34": 51.0, "35": 78.0, "36": 77.0, "37": 67.0, "38": 70.0, "39": 71.0, "40": 77.0, "41": 65.0, "42": 66.0, "43": 64.0, "44": 61.0, "45": 47.0, "46": 105.0, "47": 81.0}, "ys": {"0": 138.0, "1": 153.0, "2": 117.0, "3": 126.0, "4": 108.0, "5": 107.0, "6": 109.0, "7": 98.0, "8": 93.0, "9": 104.0, "10": 101.0, "11": 114.0, "12": 116.0, "13": 42.0, "14": 51.0, "15": 42.0, "16": 51.0, "17": 41.0, "18": 41.0, "19": 37.0, "20": 0.0, "21": 148.0, "22": 83.0, "23": 151.0, "24": 110.0, "25": 110.0, "26": 129.0, "27": 130.0, "28": 127.0, "29": 126.0, "30": 109.0, "31": 110.0, "32": 129.0, "33": 155.0, "34": 153.0, "35": 151.0, "36": 151.0, "37": 57.0, "38": 126.0, "39": 127.0, "40": 150.0, "41": 116.0, "42": 115.0, "43": 54.0, "44": 53.0, "45": 127.0, "46": 0.0, "47": 151.0}, "zs": {"0": 0.0, "1": 0.0, "2": 0.0, "3": 0.0, "4": 0.0, "5": 0.0, "6": 0.0, "7": 0.0, "8": 0.0, "9": 0.0, "10": 0.0, "11": 0.0, "12": 0.0, "13": 0.0, "14": 0.0, "15": 0.0, "16": 0.0, "17": 0.0, "18": 0.0, "19": 0.0, "20": 0.0, "21": 0.0, "22": 0.0, "23": 0.0, "24": 0.0, "25": 0.0, "26": 0.0, "27": 0.0, "28": 0.0, "29": 0.0, "30": 0.0, "31": 0.0, "32": 0.0, "33": 0.0, "34": 0.0, "35": 0.0, "36": 0.0, "37": 0.0, "38": 0.0, "39": 0.0, "40": 0.0, "41": 0.0, "42": 0.0, "43": 0.0, "44": 0.0, "45": 0.0, "46": 0.0, "47": 0.0}, "vizPos": {"0": [0.5, 0.411536], "1": [0.5, 0.759507], "2": [0.03846153846153849, 0.479753], "3": [0.03846153846153849, 0.685873], "4": [0.014423076923076927, 0.568995], "5": [0.014423076923076927, 0.605667], "6": [0.012019230769230782, 0.595858], "7": [0.019230769230769218, 0.545444], "8": [0.019230769230769218, 0.572953], "9": [0.009615384615384692, 0.551473], "10": [0.009615384615384692, 0.561789], "11": [0.0, 0.488034], "12": [0.0, 0.497717], "13": [0.2692307692307693, 0.207459], "14": [0.2692307692307693, 0.34046], "15": [0.8076923076923077, 0.201866], "16": [0.8076923076923077, 0.338111], "17": [0.23076923076923078, 0.217276], "18": [0.7692307692307692, 0.212244], "19": [0.5, 0.0], "20": [0.5, 0.050036], "21": [0.5769230769230769, 2.3e-05], "22": [0.5769230769230769, 0.041758], "23": [0.4230769230769231, 0.000796], "24": [0.4230769230769231, 0.031269], "25": [0.46153846153846156, 0.00205], "26": [0.38461538461538464, 0.007984], "27": [0.38461538461538464, 0.034654], "28": [0.6538461538461539, 0.011612], "29": [0.5, 0.059017], "30": [0.34615384615384615, 0.016155], "31": [0.5, 0.055915], "32": [0.40384615384615385, 0.022073], "33": [0.19230769230769235, 0.027979], "34": [0.5, 0.154381], "35": [0.11538461538461547, 0.029273], "36": [0.11538461538461547, 0.047754], "37": [0.5384615384615384, 0.032164], "38": [0.8846153846153846, 0.032417], "39": [0.5, 0.06547], "40": [0.07692307692307698, 0.033843], "41": [0.7307692307692307, 0.132384], "42": [0.5, 0.141688], "43": [0.5, 0.203959], "44": [0.5, 0.181936], "45": [0.4230769230769231, 0.035159], "46": [0.5, 0.050053], "47": [0.5, 0.190945]}, "vizEdgeSegments": [[[0.5, 0.0], [0.5, 0.0], [0.5, 0.759507]], [[0.5, 0.411536], [0.03846153846153849, 0.411536], [0.03846153846153849, 0.685873]], [[0.03846153846153849, 0.479753], [0.0, 0.479753], [0.0, 0.497717]], [[0.0, 0.488034], [0.019230769230769218, 0.488034], [0.019230769230769218, 0.572953]], [[0.019230769230769218, 0.545444], [0.009615384615384692, 0.545444], [0.009615384615384692, 0.561789]], [[0.009615384615384692, 0.551473], [0.014423076923076927, 0.551473], [0.014423076923076927, 0.605667]], [[0.014423076923076927, 0.568995], [0.012019230769230782, 0.568995], [0.012019230769230782, 0.595858]], [[0.5, 0.203959], [0.2692307692307693, 0.203959], [0.2692307692307693, 0.34046]], [[0.2692307692307693, 0.207459], [0.23076923076923078, 0.207459], [0.23076923076923078, 0.217276]], [[0.5, 0.190945], [0.11538461538461547, 0.190945], [0.11538461538461547, 0.029273]], [[0.11538461538461547, 0.047754], [0.07692307692307698, 0.047754], [0.07692307692307698, 0.033843]], [[0.5, 0.181936], [0.8076923076923077, 0.181936], [0.8076923076923077, 0.338111]], [[0.8076923076923077, 0.201866], [0.7692307692307692, 0.201866], [0.7692307692307692, 0.212244]], [[0.5, 0.154381], [0.19230769230769235, 0.154381], [0.19230769230769235, 0.027979]], [[0.5, 0.141688], [0.7307692307692307, 0.141688], [0.7307692307692307, 0.132384]], [[0.5, 0.06547], [0.8846153846153846, 0.06547], [0.8846153846153846, 0.032417]], [[0.5, 0.059017], [0.6538461538461539, 0.059017], [0.6538461538461539, 0.011612]], [[0.5, 0.055915], [0.34615384615384615, 0.055915], [0.34615384615384615, 0.016155]], [[0.5, 0.050053], [0.5769230769230769, 0.050053], [0.5769230769230769, 2.3e-05]], [[0.5769230769230769, 0.041758], [0.5384615384615384, 0.041758], [0.5384615384615384, 0.032164]], [[0.5, 0.050036], [0.4230769230769231, 0.050036], [0.4230769230769231, 0.000796]], [[0.4230769230769231, 0.031269], [0.46153846153846156, 0.031269], [0.46153846153846156, 0.00205]], [[0.4230769230769231, 0.035159], [0.38461538461538464, 0.035159], [0.38461538461538464, 0.007984]], [[0.38461538461538464, 0.034654], [0.40384615384615385, 0.034654], [0.40384615384615385, 0.022073]]], "vizSegmentNodeIds": [[19, 20, 46, 31, 29, 39, 42, 34, 44, 47, 43, 0, 1], [0, 2, 3], [2, 11, 12], [11, 7, 8], [7, 9, 10], [9, 4, 5], [4, 6], [43, 13, 14], [13, 17], [47, 36, 35], [36, 40], [44, 15, 16], [15, 18], [34, 33], [42, 41], [39, 38], [29, 28], [31, 30], [46, 22, 21], [22, 37], [20, 45, 24, 23], [24, 25], [45, 27, 26], [27, 32]], "branches": [{"nodes": [19, 20, 46, 31, 29, 39, 42, 34, 44, 47, 43, 0, 1], "parentBranch": -1, "mode": "up", "depth": 0}, {"nodes": [0, 2, 3], "parentBranch": 0, "mode": "up", "depth": 1}, {"nodes": [2, 11, 12], "parentBranch": 1, "mode": "up", "depth": 2}, {"nodes": [11, 7, 8], "parentBranch": 2, "mode": "up",