{"nodes": [0, 1, 2, 3, 4, 5, 6, 7, 8, 9, 10, 11, 12, 13, 14, 15, 16, 17, 18, 19, 20, 21, 22, 23, 24, 25, 26, 27, 28, 29, 30, 31, 32, 33, 34, 35, 36, 37, 38, 39, 40, 41, 42, 43, 44, 45], "edges": [[0, 1], [0, 43], [0, 13], [2, 3], [2, 10], [2, 43], [4, 5], [4, 6], [4, 42], [7, 8], [7, 9], [7, 42], [11, 12], [11, 15], [11, 44], [13, 14], [13, 16], [16, 17], [16, 38], [18, 19], [19, 26], [19, 45], [20, 21], [21, 39], [21, 36], [22, 23], [23, 24], [23, 26], [25, 26], [27, 28], [28, 45], [28, 34], [29, 30], [30, 34], [30, 41], [31, 32], [32, 44], [32, 41], [33, 34], [35, 36], [36, 45], [37, 38], [38, 44], [40, 41], [42, 43]], "heights": {"0": 0.392916, "1": 0.758333, "2": 0.494068, "3": 0.690968, "4": 0.567785, "5": 0.588673, "6": 0.585091, "7": 0.552103, "8": 0.579037, "9": 0.565239, "10": 0.514184, "11": 0.207231, "12": 0.340388, "13": 0.203943, "14": 0.338296, "15": 0.217105, "16": 0.201964, "17": 0.212284, "18": 0.0, "19": 0.049994, "20": 0.000347, "21": 0.04135, "22": 0.000555, "23": 0.032052, "24": 0.005497, "25": 0.005922, "26": 0.032401, "27": 0.006782, "28": 0.055887, "29": 0.011241, "30": 0.062038, "31": 0.019986, "32": 0.162312, "33": 0.022049, "34": 0.056966, "35": 0.025338, "36": 0.041568, "37": 0.028956, "38": 0.189686, "39": 0.032203, "40": 0.051508, "41": 0.088124, "42": 0.53615, "43": 0.472383, "44": 0.181468, "45": 0.050045}, "types": {"0": 1, "1": 2, "2": 1, "3": 2, "4": 1, "5": 2, "6": 2, "7": 1, "8": 2, "9": 2, "10": 2, "11": 1, "12": 2, "13": 1, "14": 2, "15": 2, "16": 1, "17": 2, "18": 0, "19": 1, "20": 0, "21": 1, "22": 0, "23": 1, "24": 0, "25": 0, "26": 1, "27": 0, "28": 1, "29": 0, "30": 1, "31": 0, "32": 1, "33": 0, "34": 1, "35": 0, "36": 1, "37": 0, "38": 1, "39": 0, "40": 0, "41": 1, "42": 1, "43": 1, "44": 1, "45": 1}, "xs": {"0": 59.0, "1": 58.0, "2": 62.0, "3": 62.0, "4": 62.0, "5": 63.0, "6": 62.0, "7": 61.0, "8": 62.0, "9": 61.0, "10": 62.0, "11": 56.0, "12": 58.0, "13": 64.0, "14": 67.0, "15": 56.0, "16": 70.0, "17": 70.0, "18": 63.0, "19": 81.0, "20": 7.0, "21": 43.0, "22": 100.0, "23": 83.0, "24": 71.0, "25": 71.0, "26": 81.0, "27": 67.0, "28": 68.0, "29": 53.0, "30": 46.0, "31": 70.0, "32": 74.0, "33": 68.0, "34": 69.0, "35": 57.0, "36": 49.0, "37": 48.0, "38": 44.0, "39": 58.0, "40": 59.0, "41": 55.0, "42": 61.0, "43": 64.0, "44": 61.0, "45": 35.0}, "ys": {"0": 138.0, "1": 154.0, "2": 118.0, "3": 126.0, "4": 106.0, "5": 107.0, "6": 105.0, "7": 97.0, "8": 93.0, "9": 99.0, "10": 116.0, "11": 42.0, "12": 51.0, "13": 54.0, "14": 51.0, "15": 41.0, "16": 42.0, "17": 41.0, "18": 37.0, "19": 0.0, "20": 147.0, "21": 81.0, "22": 152.0, "23": 108.0, "24": 108.0, "25": 127.0, "26": 127.0, "27": 107.0, "28": 108.0, "29": 127.0, "30": 126.0, "31": 156.0, "32": 153.0, "33": 127.0, "34": 127.0, "35": 97.0, "36": 89.0, "37": 150.0, "38": 153.0, "39": 57.0, "40": 115.0, "41": 114.0, "42": 103.0, "43": 114.0, "44": 53.0, "45": 0.0}, "zs": {"0": 0.0, "1": 0.0, "2": 0.0, "3": 0.0, "4": 0.0, "5": 0.0, "6": 0.0, "7": 0.0, "8": 0.0, "9": 0.0, "10": 0.0, "11": 0.0, "12": 0.0, "13": 0.0, "14": 0.0, "15": 0.0, "16": 0.0, "17": 0.0, "18": 0.0, "19": 0.0, "20": 0.0, "21": 0.0, "22": 0.0, "23": 0.0, "24": 0.0, "25": 0.0, "26": 0.0, "27": 0.0, "28": 0.0, "29": 0.0, "30": 0.0, "31": 0.0, "32": 0.0, "33": 0.0, "34": 0.0, "35": 0.0, "36": 0.0, "37": 0.0, "38": 0.0, "39": 0.0, "40": 0.0, "41": 0.0, "42": 0.0, "43": 0.0, "44": 0.0, "45": 0.0}, "vizPos": {"0": [0.5, 0.392916], "1": [0.5, 0.758333], "2": [0.11538461538461547, 0.494068], "3": [0.11538461538461547, 0.690968], "4": [0.07692307692307698, 0.567785], "5": [0.07692307692307698, 0.588673], "6": [0.09615384615384631, 0.585091], "7": [0.05769230769230782, 0.552103], "8": [0.05769230769230782, 0.579037], "9": [0.04807692307692313, 0.565239], "10": [0.1538461538461539, 0.514184], "11": [0.03846153846153849, 0.207231], "12": [0.03846153846153849, 0.340388], "13": [0.5, 0.203943], "14": [0.8076923076923077, 0.338296], "15": [0.0, 0.217105], "16": [0.5, 0.201964], "17": [0.8846153846153846, 0.212284], "18": [0.5, 0.0], "19": [0.5, 0.049994], "20": [0.5384615384615384, 0.000347], "21": [0.5384615384615384, 0.04135], "22": [0.38461538461538464, 0.000555], "23": [0.38461538461538464, 0.032052], "24": [0.40384615384615385, 0.005497], "25": [0.4230769230769231, 0.005922], "26": [0.4230769230769231, 0.032401], "27": [0.34615384615384615, 0.006782], "28": [0.5, 0.055887], "29": [0.2692307692307693, 0.011241], "30": [0.5, 0.062038], "31": [0.19230769230769235, 0.019986], "32": [0.5, 0.162312], "33": [0.6538461538461539, 0.022049], "34": [0.5, 0.056966], "35": [0.5769230769230769, 0.025338], "36": [0.5769230769230769, 0.041568], "37": [0.9615384615384615, 0.028956], "38": [0.5, 0.189686], "39": [0.5576923076923077, 0.032203], "40": [0.7307692307692307, 0.051508], "41": [0.5, 0.088124], "42": [0.07692307692307698, 0.53615], "43": [0.11538461538461547, 0.472383], "44": [0.5, 0.181468], "45": [0.5, 0.050045]}, "vizEdgeSegments": [[[0.5, 0.0], [0.5, 0.0], [0.5, 0.758333]], [[0.5, 0.392916], [0.11538461538461547, 0.392916], [0.11538461538461547, 0.690968]], [[0.11538461538461547, 0.494068], [0.1538461538461539, 0.494068], [0.1538461538461539, 0.514184]], [[0.11538461538461547, 0.472383], [0.07692307692307698, 0.472383], [0.07692307692307698, 0.588673]], [[0.07692307692307698, 0.567785], [0.09615384615384631, 0.567785], [0.09615384615384631, 0.585091]], [[0.07692307692307698, 0.53615], [0.05769230769230782, 0.53615], [0.05769230769230782, 0.579037]], [[0.05769230769230782, 0.552103], [0.04807692307692313, 0.552103], [0.04807692307692313, 0.565239]], [[0.5, 0.203943], [0.8076923076923077, 0.203943], [0.8076923076923077, 0.338296]], [[0.5, 0.201964], [0.8846153846153846, 0.201964], [0.8846153846153846, 0.212284]], [[0.5, 0.189686], [0.9615384615384615, 0.189686], [0.9615384615384615, 0.028956]], [[0.5, 0.181468], [0.03846153846153849, 0.181468], [0.03846153846153849, 0.340388]], [[0.03846153846153849, 0.207231], [0.0, 0.207231], [0.0, 0.217105]], [[0.5, 0.162312], [0.19230769230769235, 0.162312], [0.19230769230769235, 0.019986]], [[0.5, 0.088124], [0.7307692307692307, 0.088124], [0.7307692307692307, 0.051508]], [[0.5, 0.062038], [0.2692307692307693, 0.062038], [0.2692307692307693, 0.011241]], [[0.5, 0.056966], [0.6538461538461539, 0.056966], [0.6538461538461539, 0.022049]], [[0.5, 0.055887], [0.34615384615384615, 0.055887], [0.34615384615384615, 0.006782]], [[0.5, 0.050045], [0.5769230769230769, 0.050045], [0.5769230769230769, 0.025338]], [[0.5769230769230769, 0.041568], [0.5384615384615384, 0.041568], [0.5384615384615384, 0.000347]], [[0.5384615384615384, 0.04135], [0.5576923076923077, 0.04135], [0.5576923076923077, 0.032203]], [[0.5, 0.049994], [0.4230769230769231, 0.049994], [0.4230769230769231, 0.005922]], [[0.4230769230769231, 0.032401], [0.38461538461538464, 0.032401], [0.38461538461538464, 0.000555]], [[0.38461538461538464, 0.032052], [0.40384615384615385, 0.032052], [0.40384615384615385, 0.005497]]], "vizSegmentNodeIds": [[18, 19, 45, 28, 34, 30, 41, 32, 44, 38, 16, 13, 0, 1], [0, 43, 2, 3], [2, 10], [43, 42, 4, 5], [4, 6], [42, 7, 8], [7, 9], [13, 14], [16, 17], [38, 37], [44, 11, 12], [11, 15], [32, 31], [41, 40], [30, 29], [34, 33], [28, 27], [45, 36, 35], [36, 21, 20], [21, 39], [19, 26, 25], [26, 23, 22], [23, 24]], "branches": [{"nodes": [18, 19, 45, 28, 34, 30, 41, 32, 44, 38, 16, 13, 0, 1], "parentBranch": -1, "mode": "up", "depth": 0}, {"nodes": [0, 43, 2, 3], "parentBranch": 0, "mode": "up", "depth": 1}, {"nodes": [2, 10], "parentBranch": 1, "mode": "up", "depth": 2}, {"nodes": [43, 42, 4, 5], "parentBranch": 1, "mode": "up", "depth": 2}, {"nodes": [4, 6], "parentBranch": 3, "mode": "up", "depth": 3}, {"nodes": [42, 7, 8], "parentBranch": 3, "mode": "up", "depth": 3}, {"nodes": [7, 9], "parentBranch": 5, "mode": "up", "depth": 4}, {"nodes": [13, 14], "parentBranch": 0, "mode": "up", "depth": 1}, {"nodes": [16, 17], "parentBranch": 0, "mode": "up", "depth": 1}, {"nodes": [38, 37],