{"nodes": [0, 1, 2, 3, 4, 5, 6, 7, 8, 9, 10, 11, 12, 13, 14, 15, 16, 17, 18, 19, 20, 21, 22, 23, 24, 25, 26, 27, 28, 29, 30, 31, 32, 33, 34, 35, 36, 37, 38, 39, 40, 41, 42, 43, 44, 45, 46, 47], "edges": [[0, 1], [0, 2], [0, 43], [2, 3], [2, 9], [4, 5], [4, 6], [4, 7], [7, 8], [7, 9], [9, 10], [11, 12], [11, 15], [11, 43], [13, 14], [13, 16], [13, 44], [17, 18], [18, 34], [18, 47], [19, 20], [20, 38], [20, 47], [21, 22], [22, 25], [22, 24], [23, 24], [24, 34], [26, 27], [27, 28], [27, 45], [29, 30], [30, 45], [30, 42], [31, 32], [32, 40], [32, 46], [33, 34], [35, 36], [36, 44], [36, 42], [37, 38], [38, 39], [41, 42], [43, 46], [44, 46], [45, 47]], "heights": {"0": 0.327096, "1": 0.753372, "2": 0.494609, "3": 0.702185, "4": 0.543056, "5": 0.586036, "6": 0.578016, "7": 0.53757, "8": 0.561457, "9": 0.497751, "10": 0.517543, "11": 0.2072, "12": 0.34038, "13": 0.202092, "14": 0.338272, "15": 0.217024, "16": 0.212486, "17": 0.0, "18": 0.050042, "19": 0.000168, "20": 0.04128, "21": 0.000696, "22": 0.024953, "23": 0.002213, "24": 0.032564, "25": 0.003288, "26": 0.017053, "27": 0.041407, "28": 0.019351, "29": 0.019906, "30": 0.087476, "31": 0.0288, "32": 0.049284, "33": 0.030826, "34": 0.045438, "35": 0.031421, "36": 0.170217, "37": 0.032031, "38": 0.041123, "39": 0.032343, "40": 0.039606, "41": 0.072676, "42": 0.09644, "43": 0.204564, "44": 0.181373, "45": 0.056956, "46": 0.185764, "47": 0.050062}, "types": {"0": 1, "1": 2, "2": 1, "3": 2, "4": 1, "5": 2, "6": 2, "7": 1, "8": 2, "9": 1, "10": 2, "11": 1, "12": 2, "13": 1, "14": 2, "15": 2, "16": 2, "17": 0, "18": 1, "19": 0, "20": 1, "21": 0, "22": 1, "23": 0, "24": 1, "25": 0, "26": 0, "27": 1, "28": 0, "29": 0, "30": 1, "31": 0, "32": 1, "33": 0, "34": 1, "35": 0, "36": 1, "37": 0, "38": 1, "39": 0, "40": 0, "41": 0, "42": 1, "43": 1, "44": 1, "45": 1, "46": 1, "47": 1}, "xs": {"0": 65.0, "1": 68.0, "2": 63.0, "3": 62.0, "4": 64.0, "5": 63.0, "6": 63.0, "7": 62.0, "8": 61.0, "9": 61.0, "10": 62.0, "11": 70.0, "12": 67.0, "13": 56.0, "14": 58.0, "15": 70.0, "16": 56.0, "17": 63.0, "18": 41.0, "19": 118.0, "20": 85.0, "21": 26.0, "22": 39.0, "23": 55.0, "24": 45.0, "25": 50.0, "26": 69.0, "27": 70.0, "28": 72.0, "29": 56.0, "30": 55.0, "31": 78.0, "32": 77.0, "33": 58.0, "34": 57.0, "35": 56.0, "36": 51.0, "37": 68.0, "38": 72.0, "39": 67.0, "40": 77.0, "41": 66.0, "42": 68.0, "43": 64.0, "44": 61.0, "45": 80.0, "46": 81.0, "47": 80.0}, "ys": {"0": 136.0, "1": 154.0, "2": 115.0, "3": 125.0, "4": 102.0, "5": 104.0, "6": 94.0, "7": 108.0, "8": 108.0, "9": 113.0, "10": 114.0, "11": 42.0, "12": 51.0, "13": 42.0, "14": 51.0, "15": 41.0, "16": 41.0, "17": 37.0, "18": 0.0, "19": 148.0, "20": 81.0, "21": 153.0, "22": 125.0, "23": 107.0, "24": 107.0, "25": 126.0, "26": 125.0, "27": 126.0, "28": 126.0, "29": 125.0, "30": 125.0, "31": 152.0, "32": 151.0, "33": 107.0, "34": 107.0, "35": 157.0, "36": 154.0, "37": 97.0, "38": 90.0, "39": 57.0, "40": 150.0, "41": 114.0, "42": 113.0, "43": 54.0, "44": 53.0, "45": 124.0, "46": 153.0, "47": 0.0}, "zs": {"0": 0.0, "1": 0.0, "2": 0.0, "3": 0.0, "4": 0.0, "5": 0.0, "6": 0.0, "7": 0.0, "8": 0.0, "9": 0.0, "10": 0.0, "11": 0.0, "12": 0.0, "13": 0.0, "14": 0.0, "15": 0.0, "16": 0.0, "17": 0.0, "18": 0.0, "19": 0.0, "20": 0.0, "21": 0.0, "22": 0.0, "23": 0.0, "24": 0.0, "25": 0.0, "26": 0.0, "27": 0.0, "28": 0.0, "29": 0.0, "30": 0.0, "31": 0.0, "32": 0.0, "33": 0.0, "34": 0.0, "35": 0.0, "36": 0.0, "37": 0.0, "38": 0.0, "39": 0.0, "40": 0.0, "41": 0.0, "42": 0.0, "43": 0.0, "44": 0.0, "45": 0.0, "46": 0.0, "47": 0.0}, "vizPos": {"0": [0.5, 0.327096], "1": [0.5, 0.753372], "2": [0.19999999999999996, 0.494609], "3": [0.19999999999999996, 0.702185], "4": [0.16249999999999998, 0.543056], "5": [0.16249999999999998, 0.586036], "6": [0.16874999999999996, 0.578016], "7": [0.17499999999999993, 0.53757], "8": [0.17499999999999993, 0.561457], "9": [0.14999999999999997, 0.497751], "10": [0.14999999999999997, 0.517543], "11": [0.8, 0.2072], "12": [0.8, 0.34038], "13": [0.09999999999999998, 0.202092], "14": [0.09999999999999998, 0.338272], "15": [0.75, 0.217024], "16": [0.04999999999999999, 0.212486], "17": [0.5, 0.0], "18": [0.5, 0.050042], "19": [0.6, 0.000168], "20": [0.6, 0.04128], "21": [0.375, 0.000696], "22": [0.375, 0.024953], "23": [0.35, 0.002213], "24": [0.35, 0.032564], "25": [0.3625, 0.003288], "26": [0.3, 0.017053], "27": [0.3, 0.041407], "28": [0.25, 0.019351], "29": [0.7, 0.019906], "30": [0.5, 0.087476], "31": [0.9, 0.0288], "32": [0.9, 0.049284], "33": [0.4, 0.030826], "34": [0.4, 0.045438], "35": [0.0, 0.031421], "36": [0.5, 0.170217], "37": [0.55, 0.032031], "38": [0.55, 0.041123], "39": [0.575, 0.032343], "40": [0.8500000000000001, 0.039606], "41": [1.0, 0.072676], "42": [0.5, 0.09644], "43": [0.5, 0.204564], "44": [0.5, 0.181373], "45": [0.5, 0.056956], "46": [0.5, 0.185764], "47": [0.5, 0.050062]}, "vizEdgeSegments": [[[0.5, 0.0], [0.5, 0.0], [0.5, 0.753372]], [[0.5, 0.327096], [0.19999999999999996, 0.327096], [0.19999999999999996, 0.702185]], [[0.19999999999999996, 0.494609], [0.14999999999999997, 0.494609], [0.14999999999999997, 0.517543]], [[0.14999999999999997, 0.497751], [0.17499999999999993, 0.497751], [0.17499999999999993, 0.561457]], [[0.17499999999999993, 0.53757], [0.16249999999999998, 0.53757], [0.16249999999999998, 0.586036]], [[0.16249999999999998, 0.543056], [0.16874999999999996, 0.543056], [0.16874999999999996, 0.578016]], [[0.5, 0.204564], [0.8, 0.204564], [0.8, 0.34038]], [[0.8, 0.2072], [0.75, 0.2072], [0.75, 0.217024]], [[0.5, 0.185764], [0.9, 0.185764], [0.9, 0.0288]], [[0.9, 0.049284], [0.8500000000000001, 0.049284], [0.8500000000000001, 0.039606]], [[0.5, 0.181373], [0.09999999999999998, 0.181373], [0.09999999999999998, 0.338272]], [[0.09999999999999998, 0.202092], [0.04999999999999999, 0.202092], [0.04999999999999999, 0.212486]], [[0.5, 0.170217], [0.0, 0.170217], [0.0, 0.031421]], [[0.5, 0.09644], [1.0, 0.09644], [1.0, 0.072676]], [[0.5, 0.087476], [0.7, 0.087476], [0.7, 0.019906]], [[0.5, 0.056956], [0.3, 0.056956], [0.3, 0.017053]], [[0.3, 0.041407], [0.25, 0.041407], [0.25, 0.019351]], [[0.5, 0.050062], [0.6, 0.050062], [0.6, 0.000168]], [[0.6, 0.04128], [0.55, 0.04128], [0.55, 0.032031]], [[0.55, 0.041123], [0.575, 0.041123], [0.575, 0.032343]], [[0.5, 0.050042], [0.4, 0.050042], [0.4, 0.030826]], [[0.4, 0.045438], [0.35, 0.045438], [0.35, 0.002213]], [[0.35, 0.032564], [0.375, 0.032564], [0.375, 0.000696]], [[0.375, 0.024953], [0.3625, 0.024953], [0.3625, 0.003288]]], "vizSegmentNodeIds": [[17, 18, 47, 45, 30, 42, 36, 44, 46, 43, 0, 1], [0, 2, 3], [2, 9, 10], [9, 7, 8], [7, 4, 5], [4, 6], [43, 11, 12], [11, 15], [46, 32, 31], [32, 40], [44, 13, 14], [13, 16], [36, 35], [42, 41], [30, 29], [45, 27, 26], [27, 28], [47, 20, 19], [20, 38, 37], [38, 39], [18, 34, 33], [34, 24, 23], [24, 22, 21], [22, 25]], "branches": [{"nodes": [17, 18, 47, 45, 30, 42, 36, 44, 46, 43, 0, 1], "parentBranch": -1, "mode": "up", "depth": 0}, {"nodes": [0, 2, 3], "parentBranch": 0, "mode": "up", "depth": 1}, {"nodes": [2, 9, 10], "parentBranch": 1, "mode": "up", "depth": 2}, {"nodes": [9, 7, 8], "parentBranch": 2, "mode": "up", "depth": 3}, {"nodes": [7, 4, 5], "parentBranch": 3, "mode": "up", "depth": 4}, {"nodes": [4, 6], "parentBranch": 4, "mode": "up", "depth": 5}, {"nodes": [43, 11, 12], "parentBranch": 0, "mode": "up", "depth": 1}, {"nodes": [11, 15], "parentBranch": 6, "mode": "up", "depth": 2}, {"nodes": [46, 32, 31], "parentBranch": 0, "mode": "down", "depth": 1}, {"nodes": [32, 40], "parentBranch": 8, "mode": "down", "depth": 2}, {"nodes": [44, 13, 14], "parentBranch": 0, "mode": "up", "depth": 1}, {"nodes": [13, 16], "parentBranch": 10, "mode": "up", "depth": 2}, {"nodes": [36, 35], "parentBranch": 0, "mode": "down", "depth": 1}, {"nodes": [42, 41], "parentBranch": 0, "mode": "down", "depth": 1}, {"nodes": [30, 29], "parentBranch": 0, "mode": "down", "depth": 1}, {"nodes": [45, 27, 26], "parentBranch": 0, "mode": "down", "depth": 1}, {"nodes": [27, 28],