{"nodes": [0, 1, 2, 3, 4, 5, 6, 7, 8, 9, 10, 11, 12, 13, 14, 15, 16, 17, 18, 19, 20, 21, 22, 23, 24, 25, 26, 27, 28, 29, 30, 31, 32, 33, 34, 35, 36, 37, 38, 39, 40, 41, 42, 43, 44, 45, 46, 47], "edges": [[0, 1], [0, 43], [0, 44], [2, 3], [2, 10], [2, 43], [4, 5], [4, 8], [4, 42], [6, 7], [6, 9], [6, 42], [11, 12], [11, 15], [11, 44], [13, 14], [13, 16], [13, 45], [17, 18], [18, 25], [18, 47], [19, 20], [20, 38], [20, 47], [21, 22], [22, 23], [22, 25], [24, 25], [26, 27], [27, 28], [27, 46], [29, 30], [30, 44], [30, 45], [31, 32], [32, 45], [32, 41], [33, 34], [34, 36], [34, 46], [35, 36], [36, 47], [37, 38], [38, 39], [40, 41], [41, 46], [42, 43]], "heights": {"0": 0.391873, "1": 0.778364, "2": 0.477676, "3": 0.701289, "4": 0.542418, "5": 0.584691, "6": 0.551961, "7": 0.578057, "8": 0.569364, "9": 0.568616, "10": 0.496263, "11": 0.207181, "12": 0.33823, "13": 0.201248, "14": 0.335647, "15": 0.21689, "16": 0.211575, "17": 0.0, "18": 0.050016, "19": 0.000104, "20": 0.041469, "21": 0.00064, "22": 0.029474, "23": 0.001047, "24": 0.005017, "25": 0.030541, "26": 0.007227, "27": 0.020644, "28": 0.007416, "29": 0.017752, "30": 0.194523, "31": 0.023338, "32": 0.157788, "33": 0.025196, "34": 0.06335, "35": 0.0262, "36": 0.054494, "37": 0.029801, "38": 0.041326, "39": 0.032187, "40": 0.068417, "41": 0.096013, "42": 0.540759, "43": 0.452207, "44": 0.205092, "45": 0.178282, "46": 0.06786, "47": 0.05005}, "types": {"0": 1, "1": 2, "2": 1, "3": 2, "4": 1, "5": 2, "6": 1, "7": 2, "8": 2, "9": 2, "10": 2, "11": 1, "12": 2, "13": 1, "14": 2, "15": 2, "16": 2, "17": 0, "18": 1, "19": 0, "20": 1, "21": 0, "22": 1, "23": 0, "24": 0, "25": 1, "26": 0, "27": 1, "28": 0, "29": 0, "30": 1, "31": 0, "32": 1, "33": 0, "34": 1, "35": 0, "36": 1, "37": 0, "38": 1, "39": 0, "40": 0, "41": 1, "42": 1, "43": 1, "44": 1, "45": 1, "46": 1, "47": 1}, "xs": {"0": 66.0, "1": 67.0, "2": 63.0, "3": 64.0, "4": 61.0, "5": 63.0, "6": 63.0, "7": 64.0, "8": 61.0, "9": 63.0, "10": 63.0, "11": 70.0, "12": 67.0, "13": 56.0, "14": 58.0, "15": 70.0, "16": 56.0, "17": 63.0, "18": 47.0, "19": 123.0, "20": 85.0, "21": 27.0, "22": 41.0, "23": 53.0, "24": 54.0, "25": 45.0, "26": 72.0, "27": 71.0, "28": 70.0, "29": 78.0, "30": 82.0, "31": 56.0, "32": 52.0, "33": 58.0, "34": 57.0, "35": 58.0, "36": 56.0, "37": 68.0, "38": 72.0, "39": 67.0, "40": 66.0, "41": 70.0, "42": 63.0, "43": 61.0, "44": 64.0, "45": 61.0, "46": 78.0, "47": 86.0}, "ys": {"0": 139.0, "1": 154.0, "2": 119.0, "3": 128.0, "4": 109.0, "5": 107.0, "6": 97.0, "7": 101.0, "8": 110.0, "9": 92.0, "10": 118.0, "11": 42.0, "12": 51.0, "13": 42.0, "14": 51.0, "15": 41.0, "16": 41.0, "17": 37.0, "18": 0.0, "19": 150.0, "20": 81.0, "21": 153.0, "22": 110.0, "23": 109.0, "24": 129.0, "25": 127.0, "26": 129.0, "27": 129.0, "28": 127.0, "29": 152.0, "30": 153.0, "31": 156.0, "32": 154.0, "33": 108.0, "34": 109.0, "35": 127.0, "36": 127.0, "37": 99.0, "38": 86.0, "39": 57.0, "40": 116.0, "41": 116.0, "42": 105.0, "43": 114.0, "44": 54.0, "45": 53.0, "46": 126.0, "47": 0.0}, "zs": {"0": 0.0, "1": 0.0, "2": 0.0, "3": 0.0, "4": 0.0, "5": 0.0, "6": 0.0, "7": 0.0, "8": 0.0, "9": 0.0, "10": 0.0, "11": 0.0, "12": 0.0, "13": 0.0, "14": 0.0, "15": 0.0, "16": 0.0, "17": 0.0, "18": 0.0, "19": 0.0, "20": 0.0, "21": 0.0, "22": 0.0, "23": 0.0, "24": 0.0, "25": 0.0, "26": 0.0, "27": 0.0, "28": 0.0, "29": 0.0, "30": 0.0, "31": 0.0, "32": 0.0, "33": 0.0, "34": 0.0, "35": 0.0, "36": 0.0, "37": 0.0, "38": 0.0, "39": 0.0, "40": 0.0, "41": 0.0, "42": 0.0, "43": 0.0, "44": 0.0, "45": 0.0, "46": 0.0, "47": 0.0}, "vizPos": {"0": [0.5, 0.391873], "1": [0.5, 0.778364], "2": [0.06363636363636366, 0.477676], "3": [0.06363636363636366, 0.701289], "4": [0.027272727272727226, 0.542418], "5": [0.027272727272727226, 0.584691], "6": [0.009090909090909038, 0.551961], "7": [0.009090909090909038, 0.578057], "8": [0.04545454545454547, 0.569364], "9": [0.0, 0.568616], "10": [0.10000000000000003, 0.496263], "11": [0.35454545454545455, 0.207181], "12": [0.35454545454545455, 0.33823], "13": [0.7909090909090909, 0.201248], "14": [0.7909090909090909, 0.335647], "15": [0.31818181818181823, 0.21689], "16": [0.7545454545454545, 0.211575], "17": [0.5, 0.0], "18": [0.5, 0.050016], "19": [0.42727272727272725, 0.000104], "20": [0.42727272727272725, 0.041469], "21": [0.5363636363636364, 0.00064], "22": [0.5363636363636364, 0.029474], "23": [0.5545454545454546, 0.001047], "24": [0.5727272727272728, 0.005017], "25": [0.5727272727272728, 0.030541], "26": [0.28181818181818186, 0.007227], "27": [0.28181818181818186, 0.020644], "28": [0.24545454545454548, 0.007416], "29": [0.1363636363636364, 0.017752], "30": [0.5, 0.194523], "31": [0.2090909090909091, 0.023338], "32": [0.5, 0.157788], "33": [0.6454545454545455, 0.025196], "34": [0.5, 0.06335], "35": [0.8636363636363635, 0.0262], "36": [0.5, 0.054494], "37": [0.39090909090909093, 0.029801], "38": [0.39090909090909093, 0.041326], "39": [0.4090909090909091, 0.032187], "40": [0.7181818181818181, 0.068417], "41": [0.5, 0.096013], "42": [0.027272727272727226, 0.540759], "43": [0.06363636363636366, 0.452207], "44": [0.5, 0.205092], "45": [0.5, 0.178282], "46": [0.5, 0.06786], "47": [0.5, 0.05005]}, "vizEdgeSegments": [[[0.5, 0.0], [0.5, 0.0], [0.5, 0.778364]], [[0.5, 0.391873], [0.06363636363636366, 0.391873], [0.06363636363636366, 0.701289]], [[0.06363636363636366, 0.477676], [0.10000000000000003, 0.477676], [0.10000000000000003, 0.496263]], [[0.06363636363636366, 0.452207], [0.027272727272727226, 0.452207], [0.027272727272727226, 0.584691]], [[0.027272727272727226, 0.542418], [0.04545454545454547, 0.542418], [0.04545454545454547, 0.569364]], [[0.027272727272727226, 0.540759], [0.009090909090909038, 0.540759], [0.009090909090909038, 0.578057]], [[0.009090909090909038, 0.551961], [0.0, 0.551961], [0.0, 0.568616]], [[0.5, 0.205092], [0.35454545454545455, 0.205092], [0.35454545454545455, 0.33823]], [[0.35454545454545455, 0.207181], [0.31818181818181823, 0.207181], [0.31818181818181823, 0.21689]], [[0.5, 0.194523], [0.1363636363636364, 0.194523], [0.1363636363636364, 0.017752]], [[0.5, 0.178282], [0.7909090909090909, 0.178282], [0.7909090909090909, 0.335647]], [[0.7909090909090909, 0.201248], [0.7545454545454545, 0.201248], [0.7545454545454545, 0.211575]], [[0.5, 0.157788], [0.2090909090909091, 0.157788], [0.2090909090909091, 0.023338]], [[0.5, 0.096013], [0.7181818181818181, 0.096013], [0.7181818181818181, 0.068417]], [[0.5, 0.06786], [0.28181818181818186, 0.06786], [0.28181818181818186, 0.007227]], [[0.28181818181818186, 0.020644], [0.24545454545454548, 0.020644], [0.24545454545454548, 0.007416]], [[0.5, 0.06335], [0.6454545454545455, 0.06335], [0.6454545454545455, 0.025196]], [[0.5, 0.054494], [0.8636363636363635, 0.054494], [0.8636363636363635, 0.0262]], [[0.5, 0.05005], [0.42727272727272725, 0.05005], [0.42727272727272725, 0.000104]], [[0.42727272727272725, 0.041469], [0.39090909090909093, 0.041469], [0.39090909090909093, 0.029801]], [[0.39090909090909093, 0.041326], [0.4090909090909091, 0.041326], [0.4090909090909091, 0.032187]], [[0.5, 0.050016], [0.5727272727272728, 0.050016], [0.5727272727272728, 0.005017]], [[0.5727272727272728, 0.030541], [0.5363636363636364, 0.030541], [0.5363636363636364, 0.00064]], [[0.5363636363636364, 0.029474], [0.5545454545454546, 0.029474], [0.5545454545454546, 0.001047]]], "vizSegmentNodeIds": [[17, 18, 47, 36, 34, 46, 41, 32, 45, 30, 44, 0, 1], [0, 43, 2, 3], [2, 10], [43, 42, 4, 5], [4, 8], [42, 6, 7], [6, 9], [44, 11, 12], [11, 15], [30, 29], [45, 13, 14], [13, 16], [32, 31], [41, 40], [46, 27, 26], [27, 28], [34, 33], [36, 35], [47, 20, 19], [20, 38, 37], [38, 39], [18, 25, 24], [25, 22, 21], [22, 23]], "branches": [{"nodes": [17, 18, 47, 36, 34, 46, 41, 32, 45, 30, 44, 0, 1], "parentBranch": -1, "mode": "up", "depth": 0}, {"nodes": [0, 43, 2, 3], "parentBranch": 0, "mode": "up", "depth": 1}, {"nodes": [2, 10], "parentBranch": 1, "mode": "up", "depth": 2}, {"nodes": [43, 42, 4, 5], "parentBranch": 1, "mode": "up",