{"nodes": [0, 1, 2, 3, 4, 5, 6, 7, 8, 9, 10, 11, 12, 13, 14, 15, 16, 17, 18, 19, 20, 21, 22, 23, 24, 25, 26, 27, 28, 29, 30, 31, 32, 33, 34, 35, 36, 37, 38, 39, 40, 41, 42, 43, 44, 45], "edges": [[0, 1], [0, 2], [0, 15], [2, 3], [2, 11], [4, 5], [4, 6], [4, 7], [7, 8], [7, 9], [9, 10], [9, 11], [11, 12], [13, 14], [13, 17], [13, 44], [15, 16], [15, 18], [18, 19], [18, 30], [20, 21], [21, 36], [21, 45], [22, 23], [23, 37], [23, 45], [24, 25], [25, 26], [25, 32], [27, 28], [28, 43], [28, 44], [29, 30], [30, 44], [31, 32], [32, 36], [33, 34], [34, 45], [34, 39], [35, 36], [38, 39], [39, 41], [40, 41], [41, 43], [42, 43]], "heights": {"0": 0.377346, "1": 0.761723, "2": 0.421334, "3": 0.650139, "4": 0.578882, "5": 0.597309, "6": 0.591227, "7": 0.560864, "8": 0.584733, "9": 0.548402, "10": 0.574054, "11": 0.433533, "12": 0.450032, "13": 0.207786, "14": 0.34053, "15": 0.203928, "16": 0.338168, "17": 0.217581, "18": 0.201667, "19": 0.212089, "20": 0.0, "21": 0.050018, "22": 0.000196, "23": 0.041752, "24": 0.000463, "25": 0.027201, "26": 0.001705, "27": 0.003274, "28": 0.15882, "29": 0.005434, "30": 0.190772, "31": 0.007484, "32": 0.03257, "33": 0.01481, "34": 0.055938, "35": 0.0224, "36": 0.040083, "37": 0.032225, "38": 0.036264, "39": 0.067271, "40": 0.041267, "41": 0.08323, "42": 0.069132, "43": 0.094721, "44": 0.181433, "45": 0.050037}, "types": {"0": 1, "1": 2, "2": 1, "3": 2, "4": 1, "5": 2, "6": 2, "7": 1, "8": 2, "9": 1, "10": 2, "11": 1, "12": 2, "13": 1, "14": 2, "15": 1, "16": 2, "17": 2, "18": 1, "19": 2, "20": 0, "21": 1, "22": 0, "23": 1, "24": 0, "25": 1, "26": 0, "27": 0, "28": 1, "29": 0, "30": 1, "31": 0, "32": 1, "33": 0, "34": 1, "35": 0, "36": 1, "37": 0, "38": 0, "39": 1, "40": 0, "41": 1, "42": 0, "43": 1, "44": 1, "45": 1}, "xs": {"0": 58.0, "1": 58.0, "2": 65.0, "3": 60.0, "4": 62.0, "5": 62.0, "6": 63.0, "7": 61.0, "8": 61.0, "9": 62.0, "10": 62.0, "11": 66.0, "12": 65.0, "13": 56.0, "14": 58.0, "15": 64.0, "16": 67.0, "17": 56.0, "18": 70.0, "19": 70.0, "20": 63.0, "21": 83.0, "22": 5.0, "23": 41.0, "24": 98.0, "25": 86.0, "26": 73.0, "27": 69.0, "28": 73.0, "29": 47.0, "30": 43.0, "31": 70.0, "32": 77.0, "33": 51.0, "34": 44.0, "35": 67.0, "36": 69.0, "37": 58.0, "38": 54.0, "39": 53.0, "40": 68.0, "41": 69.0, "42": 67.0, "43": 68.0, "44": 61.0, "45": 12.0}, "ys": {"0": 138.0, "1": 154.0, "2": 119.0, "3": 126.0, "4": 110.0, "5": 109.0, "6": 111.0, "7": 107.0, "8": 103.0, "9": 98.0, "10": 92.0, "11": 116.0, "12": 118.0, "13": 42.0, "14": 51.0, "15": 54.0, "16": 51.0, "17": 41.0, "18": 42.0, "19": 41.0, "20": 37.0, "21": 0.0, "22": 147.0, "23": 81.0, "24": 152.0, "25": 114.0, "26": 112.0, "27": 156.0, "28": 153.0, "29": 151.0, "30": 149.0, "31": 129.0, "32": 126.0, "33": 127.0, "34": 125.0, "35": 127.0, "36": 127.0, "37": 57.0, "38": 126.0, "39": 127.0, "40": 111.0, "41": 112.0, "42": 110.0, "43": 110.0, "44": 53.0, "45": 0.0}, "zs": {"0": 0.0, "1": 0.0, "2": 0.0, "3": 0.0, "4": 0.0, "5": 0.0, "6": 0.0, "7": 0.0, "8": 0.0, "9": 0.0, "10": 0.0, "11": 0.0, "12": 0.0, "13": 0.0, "14": 0.0, "15": 0.0, "16": 0.0, "17": 0.0, "18": 0.0, "19": 0.0, "20": 0.0, "21": 0.0, "22": 0.0, "23": 0.0, "24": 0.0, "25": 0.0, "26": 0.0, "27": 0.0, "28": 0.0, "29": 0.0, "30": 0.0, "31": 0.0, "32": 0.0, "33": 0.0, "34": 0.0, "35": 0.0, "36": 0.0, "37": 0.0, "38": 0.0, "39": 0.0, "40": 0.0, "41": 0.0, "42": 0.0, "43": 0.0, "44": 0.0, "45": 0.0}, "vizPos": {"0": [0.5, 0.377346], "1": [0.5, 0.761723], "2": [0.19230769230769235, 0.421334], "3": [0.19230769230769235, 0.650139], "4": [0.16826923076923084, 0.578882], "5": [0.16826923076923084, 0.597309], "6": [0.1658653846153847, 0.591227], "7": [0.16346153846153855, 0.560864], "8": [0.16346153846153855, 0.584733], "9": [0.17307692307692313, 0.548402], "10": [0.17307692307692313, 0.574054], "11": [0.1538461538461539, 0.433533], "12": [0.1538461538461539, 0.450032], "13": [0.03846153846153849, 0.207786], "14": [0.03846153846153849, 0.34053], "15": [0.5, 0.203928], "16": [0.8076923076923077, 0.338168], "17": [0.0, 0.217581], "18": [0.5, 0.201667], "19": [0.8846153846153846, 0.212089], "20": [0.5, 0.0], "21": [0.5, 0.050018], "22": [0.5769230769230769, 0.000196], "23": [0.5769230769230769, 0.041752], "24": [0.40384615384615385, 0.000463], "25": [0.40384615384615385, 0.027201], "26": [0.3942307692307693, 0.001705], "27": [0.6538461538461539, 0.003274], "28": [0.5, 0.15882], "29": [0.7307692307692307, 0.005434], "30": [0.5, 0.190772], "31": [0.38461538461538464, 0.007484], "32": [0.38461538461538464, 0.03257], "33": [0.34615384615384615, 0.01481], "34": [0.5, 0.055938], "35": [0.4230769230769231, 0.0224], "36": [0.4230769230769231, 0.040083], "37": [0.5384615384615384, 0.032225], "38": [0.9615384615384615, 0.036264], "39": [0.5, 0.067271], "40": [0.2692307692307693, 0.041267], "41": [0.5, 0.08323], "42": [0.11538461538461547, 0.069132], "43": [0.5, 0.094721], "44": [0.5, 0.181433], "45": [0.5, 0.050037]}, "vizEdgeSegments": [[[0.5, 0.0], [0.5, 0.0], [0.5, 0.761723]], [[0.5, 0.377346], [0.19230769230769235, 0.377346], [0.19230769230769235, 0.650139]], [[0.19230769230769235, 0.421334], [0.1538461538461539, 0.421334], [0.1538461538461539, 0.450032]], [[0.1538461538461539, 0.433533], [0.17307692307692313, 0.433533], [0.17307692307692313, 0.574054]], [[0.17307692307692313, 0.548402], [0.16346153846153855, 0.548402], [0.16346153846153855, 0.584733]], [[0.16346153846153855, 0.560864], [0.16826923076923084, 0.560864], [0.16826923076923084, 0.597309]], [[0.16826923076923084, 0.578882], [0.1658653846153847, 0.578882], [0.1658653846153847, 0.591227]], [[0.5, 0.203928], [0.8076923076923077, 0.203928], [0.8076923076923077, 0.338168]], [[0.5, 0.201667], [0.8846153846153846, 0.201667], [0.8846153846153846, 0.212089]], [[0.5, 0.190772], [0.7307692307692307, 0.190772], [0.7307692307692307, 0.005434]], [[0.5, 0.181433], [0.03846153846153849, 0.181433], [0.03846153846153849, 0.34053]], [[0.03846153846153849, 0.207786], [0.0, 0.207786], [0.0, 0.217581]], [[0.5, 0.15882], [0.6538461538461539, 0.15882], [0.6538461538461539, 0.003274]], [[0.5, 0.094721], [0.11538461538461547, 0.094721], [0.11538461538461547, 0.069132]], [[0.5, 0.08323], [0.2692307692307693, 0.08323], [0.2692307692307693, 0.041267]], [[0.5, 0.067271], [0.9615384615384615, 0.067271], [0.9615384615384615, 0.036264]], [[0.5, 0.055938], [0.34615384615384615, 0.055938], [0.34615384615384615, 0.01481]], [[0.5, 0.050037], [0.5769230769230769, 0.050037], [0.5769230769230769, 0.000196]], [[0.5769230769230769, 0.041752], [0.5384615384615384, 0.041752], [0.5384615384615384, 0.032225]], [[0.5, 0.050018], [0.4230769230769231, 0.050018], [0.4230769230769231, 0.0224]], [[0.4230769230769231, 0.040083], [0.38461538461538464, 0.040083], [0.38461538461538464, 0.007484]], [[0.38461538461538464, 0.03257], [0.40384615384615385, 0.03257], [0.40384615384615385, 0.000463]], [[0.40384615384615385, 0.027201], [0.3942307692307693, 0.027201], [0.3942307692307693, 0.001705]]], "vizSegmentNodeIds": [[20, 21, 45, 34, 39, 41, 43, 28, 44, 30, 18, 15, 0, 1], [0, 2, 3], [2, 11, 12], [11, 9, 10], [9, 7, 8], [7, 4, 5], [4, 6], [15, 16], [18, 19], [30, 29], [44, 13, 14], [13, 17], [28, 27], [43, 42], [41, 40], [39, 38], [34, 33], [45, 23, 22], [23, 37], [21, 36, 35], [36, 32, 31], [32, 25, 24], [25, 26]], "branches": [{"nodes": [20, 21, 45, 34, 39, 41, 43, 28, 44, 30, 18, 15, 0, 1], "parentBranch": -1, "mode": "up", "depth": 0}, {"nodes": [0, 2, 3], "parentBranch": 0, "mode": "up", "depth": 1}, {"nodes": [2, 11, 12], "parentBranch": 1, "mode": "up", "depth": 2}, {"nodes": [11, 9, 10], "parentBranch": 2, "mode": "up", "depth": 3}, {"nodes": [9, 7, 8], "parentBranch": 3, "mode": "up", "depth": 4}, {"nodes": [7, 4, 5], "parentBranch": 4, "mode": "up", "depth": 5}, {"nodes": [4, 6], "parentBranch": 5, "mode": "up", "depth": 6}, {"nodes": [15, 16], "parentBranch": 0, "mode": "up", "depth": 1}, {"nodes": [18, 19], "parentBranch": 0, "mode": "up", "depth": 1}, {"nodes": [30, 29], "parentBranch": 0, "mode": "down",