{"nodes": [0, 1, 2, 3, 4, 5, 6, 7, 8, 9, 10, 11, 12, 13, 14, 15, 16, 17, 18, 19, 20, 21, 22, 23, 24, 25, 26, 27, 28, 29, 30, 31, 32, 33, 34, 35, 36, 37, 38, 39, 40, 41], "edges": [[0, 1], [0, 37], [0, 38], [2, 3], [2, 11], [2, 37], [4, 5], [4, 6], [4, 7], [7, 8], [7, 9], [9, 10], [9, 37], [12, 13], [12, 16], [12, 38], [14, 15], [14, 17], [14, 39], [18, 19], [19, 26], [19, 40], [20, 21], [21, 31], [21, 40], [22, 23], [23, 24], [23, 26], [25, 26], [27, 28], [28, 38], [28, 39], [29, 30], [30, 36], [30, 41], [32, 33], [33, 35], [33, 39], [34, 35], [35, 41], [40, 41]], "heights": {"0": 0.328954, "1": 0.769954, "2": 0.541754, "3": 0.669488, "4": 0.572135, "5": 0.600253, "6": 0.598072, "7": 0.562604, "8": 0.57401, "9": 0.545292, "10": 0.569157, "11": 0.550304, "12": 0.207301, "13": 0.339982, "14": 0.201664, "15": 0.337787, "16": 0.217229, "17": 0.212099, "18": 0.0, "19": 0.050032, "20": 0.000163, "21": 0.041511, "22": 0.0007, "23": 0.02322, "24": 0.00284, "25": 0.006035, "26": 0.032738, "27": 0.018044, "28": 0.189145, "29": 0.023281, "30": 0.049758, "31": 0.032352, "32": 0.033018, "33": 0.165025, "34": 0.035767, "35": 0.084926, "36": 0.039674, "37": 0.539564, "38": 0.203555, "39": 0.180893, "40": 0.050062, "41": 0.060692}, "types": {"0": 1, "1": 2, "2": 1, "3": 2, "4": 1, "5": 2, "6": 2, "7": 1, "8": 2, "9": 1, "10": 2, "11": 2, "12": 1, "13": 2, "14": 1, "15": 2, "16": 2, "17": 2, "18": 0, "19": 1, "20": 0, "21": 1, "22": 0, "23": 1, "24": 0, "25": 0, "26": 1, "27": 0, "28": 1, "29": 0, "30": 1, "31": 0, "32": 0, "33": 1, "34": 0, "35": 1, "36": 0, "37": 1, "38": 1, "39": 1, "40": 1, "41": 1}, "xs": {"0": 65.0, "1": 68.0, "2": 62.0, "3": 64.0, "4": 62.0, "5": 63.0, "6": 62.0, "7": 61.0, "8": 61.0, "9": 64.0, "10": 63.0, "11": 61.0, "12": 70.0, "13": 67.0, "14": 56.0, "15": 58.0, "16": 70.0, "17": 56.0, "18": 63.0, "19": 38.0, "20": 122.0, "21": 84.0, "22": 27.0, "23": 39.0, "24": 50.0, "25": 56.0, "26": 50.0, "27": 78.0, "28": 82.0, "29": 72.0, "30": 71.0, "31": 67.0, "32": 57.0, "33": 52.0, "34": 56.0, "35": 55.0, "36": 70.0, "37": 61.0, "38": 64.0, "39": 61.0, "40": 96.0, "41": 80.0}, "ys": {"0": 137.0, "1": 154.0, "2": 118.0, "3": 125.0, "4": 108.0, "5": 106.0, "6": 110.0, "7": 111.0, "8": 112.0, "9": 102.0, "10": 93.0, "11": 117.0, "12": 42.0, "13": 51.0, "14": 42.0, "15": 51.0, "16": 41.0, "17": 41.0, "18": 37.0, "19": 0.0, "20": 149.0, "21": 80.0, "22": 153.0, "23": 125.0, "24": 125.0, "25": 111.0, "26": 111.0, "27": 151.0, "28": 150.0, "29": 127.0, "30": 127.0, "31": 57.0, "32": 157.0, "33": 155.0, "34": 125.0, "35": 124.0, "36": 126.0, "37": 115.0, "38": 54.0, "39": 53.0, "40": 0.0, "41": 125.0}, "zs": {"0": 0.0, "1": 0.0, "2": 0.0, "3": 0.0, "4": 0.0, "5": 0.0, "6": 0.0, "7": 0.0, "8": 0.0, "9": 0.0, "10": 0.0, "11": 0.0, "12": 0.0, "13": 0.0, "14": 0.0, "15": 0.0, "16": 0.0, "17": 0.0, "18": 0.0, "19": 0.0, "20": 0.0, "21": 0.0, "22": 0.0, "23": 0.0, "24": 0.0, "25": 0.0, "26": 0.0, "27": 0.0, "28": 0.0, "29": 0.0, "30": 0.0, "31": 0.0, "32": 0.0, "33": 0.0, "34": 0.0, "35": 0.0, "36": 0.0, "37": 0.0, "38": 0.0, "39": 0.0, "40": 0.0, "41": 0.0}, "vizPos": {"0": [0.5, 0.328954], "1": [0.5, 0.769954], "2": [0.3, 0.541754], "3": [0.3, 0.669488], "4": [0.3625, 0.572135], "5": [0.3625, 0.600253], "6": [0.36875, 0.598072], "7": [0.375, 0.562604], "8": [0.375, 0.57401], "9": [0.35, 0.545292], "10": [0.35, 0.569157], "11": [0.25, 0.550304], "12": [0.19999999999999996, 0.207301], "13": [0.19999999999999996, 0.339982], "14": [0.8, 0.201664], "15": [0.8, 0.337787], "16": [0.14999999999999997, 0.217229], "17": [0.75, 0.212099], "18": [0.5, 0.0], "19": [0.5, 0.050032], "20": [0.43047619047619046, 0.000163], "21": [0.43047619047619046, 0.041511], "22": [0.55, 0.0007], "23": [0.55, 0.02322], "24": [0.575, 0.00284], "25": [0.6, 0.006035], "26": [0.6, 0.032738], "27": [0.09999999999999998, 0.018044], "28": [0.5, 0.189145], "29": [0.7, 0.023281], "30": [0.7, 0.049758], "31": [0.38047619047619047, 0.032352], "32": [0.9, 0.033018], "33": [0.5, 0.165025], "34": [0.0, 0.035767], "35": [0.5, 0.084926], "36": [0.65, 0.039674], "37": [0.3, 0.539564], "38": [0.5, 0.203555], "39": [0.5, 0.180893], "40": [0.5, 0.050062], "41": [0.5, 0.060692]}, "vizEdgeSegments": [[[0.5, 0.0], [0.5, 0.0], [0.5, 0.769954]], [[0.5, 0.328954], [0.3, 0.328954], [0.3, 0.669488]], [[0.3, 0.541754], [0.25, 0.541754], [0.25, 0.550304]], [[0.3, 0.539564], [0.35, 0.539564], [0.35, 0.569157]], [[0.35, 0.545292], [0.375, 0.545292], [0.375, 0.57401]], [[0.375, 0.562604], [0.3625, 0.562604], [0.3625, 0.600253]], [[0.3625, 0.572135], [0.36875, 0.572135], [0.36875, 0.598072]], [[0.5, 0.203555], [0.19999999999999996, 0.203555], [0.19999999999999996, 0.339982]], [[0.19999999999999996, 0.207301], [0.14999999999999997, 0.207301], [0.14999999999999997, 0.217229]], [[0.5, 0.189145], [0.09999999999999998, 0.189145], [0.09999999999999998, 0.018044]], [[0.5, 0.180893], [0.8, 0.180893], [0.8, 0.337787]], [[0.8, 0.201664], [0.75, 0.201664], [0.75, 0.212099]], [[0.5, 0.165025], [0.9, 0.165025], [0.9, 0.033018]], [[0.5, 0.084926], [0.0, 0.084926], [0.0, 0.035767]], [[0.5, 0.060692], [0.7, 0.060692], [0.7, 0.023281]], [[0.7, 0.049758], [0.65, 0.049758], [0.65, 0.039674]], [[0.5, 0.050062], [0.43047619047619046, 0.050062], [0.43047619047619046, 0.000163]], [[0.43047619047619046, 0.041511], [0.38047619047619047, 0.041511], [0.38047619047619047, 0.032352]], [[0.5, 0.050032], [0.6, 0.050032], [0.6, 0.006035]], [[0.6, 0.032738], [0.55, 0.032738], [0.55, 0.0007]], [[0.55, 0.02322], [0.575, 0.02322], [0.575, 0.00284]]], "vizSegmentNodeIds": [[18, 19, 40, 41, 35, 33, 39, 28, 38, 0, 1], [0, 37, 2, 3], [2, 11], [37, 9, 10], [9, 7, 8], [7, 4, 5], [4, 6], [38, 12, 13], [12, 16], [28, 27], [39, 14, 15], [14, 17], [33, 32], [35, 34], [41, 30, 29], [30, 36], [40, 21, 20], [21, 31], [19, 26, 25], [26, 23, 22], [23, 24]], "branches": [{"nodes": [18, 19, 40, 41, 35, 33, 39, 28, 38, 0, 1], "parentBranch": -1, "mode": "up", "depth": 0}, {"nodes": [0, 37, 2, 3], "parentBranch": 0, "mode": "up", "depth": 1}, {"nodes": [2, 11], "parentBranch": 1, "mode": "up", "depth": 2}, {"nodes": [37, 9, 10], "parentBranch": 1, "mode": "up", "depth": 2}, {"nodes": [9, 7, 8], "parentBranch": 3, "mode": "up", "depth": 3}, {"nodes": [7, 4, 5], "parentBranch": 4, "mode": "up", "depth": 4}, {"nodes": [4, 6], "parentBranch": 5, "mode": "up", "depth": 5}, {"nodes": [38, 12, 13], "parentBranch": 0, "mode": "up", "depth": 1}, {"nodes": [12, 16], "parentBranch": 7, "mode": "up", "depth": 2}, {"nodes": [28, 27], "parentBranch": 0, "mode": "down", "depth": 1}, {"nodes": [39, 14, 15], "parentBranch": 0, "mode": "up", "depth": 1}, {"nodes": [14, 17], "parentBranch": 10, "mode": "up", "depth": 2}, {"nodes": [33, 32], "parentBranch": 0, "mode": "down", "depth": 1}, {"nodes": [35, 34], "parentBranch": 0, "mode": "down", "depth": 1}, {"nodes": [41, 30, 29], "parentBranch": 0, "mode": "down", "depth": 1}, {"nodes": [30, 36], "parentBranch": 14, "mode": "down", "depth": 2}, {"nodes": [40, 21, 20], "parentBranch": 0, "mode": "down", "depth": 1}, {"nodes": [21, 31], "parentBranch": 16, "mode": "down", "depth": 2}, {"nodes": [19, 26, 25], "parentBranch": 0, "mode": "down", "depth": 1}, {"nodes": [26, 23, 22], "parentBranch": 18, "mode": "down", "depth": 2}, {"nodes": [23, 24], "parentBranch": 19, "mode": "down", "depth": 3}]}