{"nodes": [0, 1, 2, 3, 4, 5, 6, 7, 8, 9, 10, 11, 12, 13, 14, 15, 16, 17, 18, 19, 20, 21, 22, 23, 24, 25, 26, 27, 28, 29, 30, 31, 32, 33, 34, 35, 36, 37, 38, 39, 40, 41], "edges": [[0, 1], [0, 38], [0, 39], [2, 3], [2, 9], [2, 38], [4, 5], [4, 6], [4, 7], [7, 8], [7, 38], [10, 11], [10, 14], [10, 39], [12, 13], [12, 15], [12, 40], [16, 17], [17, 32], [17, 41], [18, 19], [19, 35], [19, 41], [20, 21], [21, 24], [21, 23], [22, 23], [23, 32], [25, 26], [26, 41], [26, 30], [27, 28], [28, 39], [28, 40], [29, 30], [30, 37], [31, 32], [33, 34], [34, 40], [34, 37], [36, 37]], "heights": {"0": 0.360178, "1": 0.774006, "2": 0.501206, "3": 0.687272, "4": 0.569288, "5": 0.596515, "6": 0.591785, "7": 0.542046, "8": 0.573902, "9": 0.529417, "10": 0.20716, "11": 0.338226, "12": 0.20124, "13": 0.335637, "14": 0.21688, "15": 0.211582, "16": 0.0, "17": 0.050015, "18": 8e-05, "19": 0.041566, "20": 0.000572, "21": 0.026369, "22": 0.006482, "23": 0.031983, "24": 0.00807, "25": 0.008525, "26": 0.059996, "27": 0.017522, "28": 0.192371, "29": 0.019271, "30": 0.06678, "31": 0.023241, "32": 0.033407, "33": 0.02332, "34": 0.160664, "35": 0.032254, "36": 0.05932, "37": 0.085384, "38": 0.496357, "39": 0.205074, "40": 0.178298, "41": 0.050042}, "types": {"0": 1, "1": 2, "2": 1, "3": 2, "4": 1, "5": 2, "6": 2, "7": 1, "8": 2, "9": 2, "10": 1, "11": 2, "12": 1, "13": 2, "14": 2, "15": 2, "16": 0, "17": 1, "18": 0, "19": 1, "20": 0, "21": 1, "22": 0, "23": 1, "24": 0, "25": 0, "26": 1, "27": 0, "28": 1, "29": 0, "30": 1, "31": 0, "32": 1, "33": 0, "34": 1, "35": 0, "36": 0, "37": 1, "38": 1, "39": 1, "40": 1, "41": 1}, "xs": {"0": 66.0, "1": 67.0, "2": 63.0, "3": 63.0, "4": 62.0, "5": 63.0, "6": 62.0, "7": 64.0, "8": 63.0, "9": 63.0, "10": 70.0, "11": 67.0, "12": 56.0, "13": 58.0, "14": 70.0, "15": 56.0, "16": 63.0, "17": 46.0, "18": 122.0, "19": 87.0, "20": 27.0, "21": 42.0, "22": 55.0, "23": 45.0, "24": 53.0, "25": 73.0, "26": 80.0, "27": 78.0, "28": 82.0, "29": 57.0, "30": 56.0, "31": 58.0, "32": 57.0, "33": 56.0, "34": 52.0, "35": 67.0, "36": 67.0, "37": 70.0, "38": 62.0, "39": 64.0, "40": 61.0, "41": 119.0}, "ys": {"0": 138.0, "1": 154.0, "2": 117.0, "3": 126.0, "4": 106.0, "5": 105.0, "6": 107.0, "7": 102.0, "8": 93.0, "9": 115.0, "10": 42.0, "11": 51.0, "12": 42.0, "13": 51.0, "14": 41.0, "15": 41.0, "16": 37.0, "17": 0.0, "18": 148.0, "19": 79.0, "20": 153.0, "21": 126.0, "22": 107.0, "23": 107.0, "24": 126.0, "25": 127.0, "26": 126.0, "27": 152.0, "28": 150.0, "29": 126.0, "30": 126.0, "31": 107.0, "32": 107.0, "33": 156.0, "34": 154.0, "35": 57.0, "36": 114.0, "37": 113.0, "38": 112.0, "39": 54.0, "40": 53.0, "41": 0.0}, "zs": {"0": 0.0, "1": 0.0, "2": 0.0, "3": 0.0, "4": 0.0, "5": 0.0, "6": 0.0, "7": 0.0, "8": 0.0, "9": 0.0, "10": 0.0, "11": 0.0, "12": 0.0, "13": 0.0, "14": 0.0, "15": 0.0, "16": 0.0, "17": 0.0, "18": 0.0, "19": 0.0, "20": 0.0, "21": 0.0, "22": 0.0, "23": 0.0, "24": 0.0, "25": 0.0, "26": 0.0, "27": 0.0, "28": 0.0, "29": 0.0, "30": 0.0, "31": 0.0, "32": 0.0, "33": 0.0, "34": 0.0, "35": 0.0, "36": 0.0, "37": 0.0, "38": 0.0, "39": 0.0, "40": 0.0, "41": 0.0}, "vizPos": {"0": [0.5, 0.360178], "1": [0.5, 0.774006], "2": [0.04545454545454547, 0.501206], "3": [0.04545454545454547, 0.687272], "4": [0.022727272727272874, 0.569288], "5": [0.022727272727272874, 0.596515], "6": [0.011363636363636409, 0.591785], "7": [0.0, 0.542046], "8": [0.0, 0.573902], "9": [0.09090909090909094, 0.529417], "10": [0.9545454545454546, 0.20716], "11": [0.9545454545454546, 0.338226], "12": [0.14134199134199132, 0.20124], "13": [0.14134199134199132, 0.335637], "14": [0.909090909090909, 0.21688], "15": [0.09588744588744591, 0.211582], "16": [0.5, 0.0], "17": [0.5, 0.050015], "18": [0.40909090909090906, 8e-05], "19": [0.40909090909090906, 0.041566], "20": [0.5681818181818181, 0.000572], "21": [0.5681818181818181, 0.026369], "22": [0.5454545454545454, 0.006482], "23": [0.5454545454545454, 0.031983], "24": [0.5568181818181818, 0.00807], "25": [0.6818181818181819, 0.008525], "26": [0.5, 0.059996], "27": [0.8636363636363636, 0.017522], "28": [0.5, 0.192371], "29": [0.3181818181818182, 0.019271], "30": [0.5, 0.06678], "31": [0.5909090909090909, 0.023241], "32": [0.5909090909090909, 0.033407], "33": [0.7727272727272727, 0.02332], "34": [0.5, 0.160664], "35": [0.36363636363636365, 0.032254], "36": [0.22727272727272724, 0.05932], "37": [0.5, 0.085384], "38": [0.04545454545454547, 0.496357], "39": [0.5, 0.205074], "40": [0.5, 0.178298], "41": [0.5, 0.050042]}, "vizEdgeSegments": [[[0.5, 0.0], [0.5, 0.0], [0.5, 0.774006]], [[0.5, 0.360178], [0.04545454545454547, 0.360178], [0.04545454545454547, 0.687272]], [[0.04545454545454547, 0.501206], [0.09090909090909094, 0.501206], [0.09090909090909094, 0.529417]], [[0.04545454545454547, 0.496357], [0.0, 0.496357], [0.0, 0.573902]], [[0.0, 0.542046], [0.022727272727272874, 0.542046], [0.022727272727272874, 0.596515]], [[0.022727272727272874, 0.569288], [0.011363636363636409, 0.569288], [0.011363636363636409, 0.591785]], [[0.5, 0.205074], [0.9545454545454546, 0.205074], [0.9545454545454546, 0.338226]], [[0.9545454545454546, 0.20716], [0.909090909090909, 0.20716], [0.909090909090909, 0.21688]], [[0.5, 0.192371], [0.8636363636363636, 0.192371], [0.8636363636363636, 0.017522]], [[0.5, 0.178298], [0.14134199134199132, 0.178298], [0.14134199134199132, 0.335637]], [[0.14134199134199132, 0.20124], [0.09588744588744591, 0.20124], [0.09588744588744591, 0.211582]], [[0.5, 0.160664], [0.7727272727272727, 0.160664], [0.7727272727272727, 0.02332]], [[0.5, 0.085384], [0.22727272727272724, 0.085384], [0.22727272727272724, 0.05932]], [[0.5, 0.06678], [0.3181818181818182, 0.06678], [0.3181818181818182, 0.019271]], [[0.5, 0.059996], [0.6818181818181819, 0.059996], [0.6818181818181819, 0.008525]], [[0.5, 0.050042], [0.40909090909090906, 0.050042], [0.40909090909090906, 8e-05]], [[0.40909090909090906, 0.041566], [0.36363636363636365, 0.041566], [0.36363636363636365, 0.032254]], [[0.5, 0.050015], [0.5909090909090909, 0.050015], [0.5909090909090909, 0.023241]], [[0.5909090909090909, 0.033407], [0.5454545454545454, 0.033407], [0.5454545454545454, 0.006482]], [[0.5454545454545454, 0.031983], [0.5681818181818181, 0.031983], [0.5681818181818181, 0.000572]], [[0.5681818181818181, 0.026369], [0.5568181818181818, 0.026369], [0.5568181818181818, 0.00807]]], "vizSegmentNodeIds": [[16, 17, 41, 26, 30, 37, 34, 40, 28, 39, 0, 1], [0, 38, 2, 3], [2, 9], [38, 7, 8], [7, 4, 5], [4, 6], [39, 10, 11], [10, 14], [28, 27], [40, 12, 13], [12, 15], [34, 33], [37, 36], [30, 29], [26, 25], [41, 19, 18], [19, 35], [17, 32, 31], [32, 23, 22], [23, 21, 20], [21, 24]], "branches": [{"nodes": [16, 17, 41, 26, 30, 37, 34, 40, 28, 39, 0, 1], "parentBranch": -1, "mode": "up", "depth": 0}, {"nodes": [0, 38, 2, 3], "parentBranch": 0, "mode": "up", "depth": 1}, {"nodes": [2, 9], "parentBranch": 1, "mode": "up", "depth": 2}, {"nodes": [38, 7, 8], "parentBranch": 1, "mode": "up", "depth": 2}, {"nodes": [7, 4, 5], "parentBranch": 3, "mode": "up", "depth": 3}, {"nodes": [4, 6], "parentBranch": 4, "mode": "up", "depth": 4}, {"nodes": [39, 10, 11], "parentBranch": 0, "mode": "up", "depth": 1}, {"nodes": [10, 14], "parentBranch": 6, "mode": "up", "depth": 2}, {"nodes": [28, 27], "parentBranch": 0, "mode": "down", "depth": 1}, {"nodes": [40, 12, 13], "parentBranch": 0, "mode": "up", "depth": 1}, {"nodes": [12, 15], "parentBranch": 9, "mode": "up", "depth": 2}, {"nodes": [34, 33], "parentBranch": 0, "mode": "down", "depth": 1}, {"nodes": [37, 36], "parentBranch": 0, "mode": "down", "depth": 1}, {"nodes": [30, 29], "parentBranch": 0, "mode": "down", "depth": 1}, {"nodes": [26, 25], "parentBranch": 0, "mode": "down", "depth": 1}, {"nodes": [41, 19, 18], "parentBranch": 0, "mode": "down", "depth": 1}, {"nodes": [19, 35], "parentBranch": 15, "mode": "down", "depth": 2}, {"nodes": [17, 32, 31], "parentBranch": 0, "mode": "down", "depth": 1}, {"nodes": [32, 23, 22], "parentBranch": 17, "mode": "down",