{"nodes": [0, 1, 2, 3, 4, 5, 6, 7, 8, 9, 10, 11, 12, 13, 14, 15, 16, 17, 18, 19, 20, 21, 22, 23, 24, 25, 26, 27, 28, 29, 30, 31, 32, 33, 34, 35, 36, 37, 38, 39, 40, 41], "edges": [[0, 1], [0, 41], [0, 38], [2, 3], [2, 9], [2, 10], [4, 5], [4, 6], [4, 7], [7, 8], [7, 41], [10, 11], [10, 41], [12, 13], [12, 16], [12, 38], [14, 15], [14, 17], [14, 39], [18, 19], [19, 30], [19, 40], [20, 21], [21, 37], [21, 40], [22, 23], [23, 26], [23, 25], [24, 25], [25, 30], [27, 28], [28, 40], [28, 36], [29, 30], [31, 32], [32, 39], [32, 36], [33, 34], [34, 38], [34, 39], [35, 36]], "heights": {"0": 0.415996, "1": 0.769821, "2": 0.521326, "3": 0.643436, "4": 0.585272, "5": 0.599477, "6": 0.593635, "7": 0.55412, "8": 0.572235, "9": 0.530641, "10": 0.507816, "11": 0.519296, "12": 0.20725, "13": 0.33993, "14": 0.201865, "15": 0.337806, "16": 0.217162, "17": 0.212273, "18": 0.0, "19": 0.050016, "20": 0.000237, "21": 0.041326, "22": 0.000711, "23": 0.033025, "24": 0.003838, "25": 0.03352, "26": 0.004642, "27": 0.016075, "28": 0.062035, "29": 0.018226, "30": 0.033971, "31": 0.01856, "32": 0.15547, "33": 0.021467, "34": 0.189841, "35": 0.031159, "36": 0.072829, "37": 0.032208, "38": 0.203507, "39": 0.180836, "40": 0.050059, "41": 0.499876}, "types": {"0": 1, "1": 2, "2": 1, "3": 2, "4": 1, "5": 2, "6": 2, "7": 1, "8": 2, "9": 2, "10": 1, "11": 2, "12": 1, "13": 2, "14": 1, "15": 2, "16": 2, "17": 2, "18": 0, "19": 1, "20": 0, "21": 1, "22": 0, "23": 1, "24": 0, "25": 1, "26": 0, "27": 0, "28": 1, "29": 0, "30": 1, "31": 0, "32": 1, "33": 0, "34": 1, "35": 0, "36": 1, "37": 0, "38": 1, "39": 1, "40": 1, "41": 1}, "xs": {"0": 66.0, "1": 66.0, "2": 64.0, "3": 63.0, "4": 62.0, "5": 63.0, "6": 62.0, "7": 63.0, "8": 63.0, "9": 63.0, "10": 62.0, "11": 62.0, "12": 70.0, "13": 67.0, "14": 56.0, "15": 58.0, "16": 70.0, "17": 56.0, "18": 63.0, "19": 38.0, "20": 120.0, "21": 86.0, "22": 25.0, "23": 43.0, "24": 55.0, "25": 46.0, "26": 55.0, "27": 73.0, "28": 79.0, "29": 58.0, "30": 57.0, "31": 55.0, "32": 51.0, "33": 77.0, "34": 82.0, "35": 67.0, "36": 72.0, "37": 67.0, "38": 64.0, "39": 61.0, "40": 104.0, "41": 62.0}, "ys": {"0": 139.0, "1": 154.0, "2": 118.0, "3": 128.0, "4": 106.0, "5": 104.0, "6": 107.0, "7": 98.0, "8": 92.0, "9": 115.0, "10": 114.0, "11": 113.0, "12": 42.0, "13": 51.0, "14": 42.0, "15": 51.0, "16": 41.0, "17": 41.0, "18": 37.0, "19": 0.0, "20": 148.0, "21": 81.0, "22": 151.0, "23": 105.0, "24": 130.0, "25": 129.0, "26": 107.0, "27": 127.0, "28": 126.0, "29": 107.0, "30": 107.0, "31": 156.0, "32": 153.0, "33": 151.0, "34": 152.0, "35": 114.0, "36": 113.0, "37": 57.0, "38": 54.0, "39": 53.0, "40": 0.0, "41": 112.0}, "zs": {"0": 0.0, "1": 0.0, "2": 0.0, "3": 0.0, "4": 0.0, "5": 0.0, "6": 0.0, "7": 0.0, "8": 0.0, "9": 0.0, "10": 0.0, "11": 0.0, "12": 0.0, "13": 0.0, "14": 0.0, "15": 0.0, "16": 0.0, "17": 0.0, "18": 0.0, "19": 0.0, "20": 0.0, "21": 0.0, "22": 0.0, "23": 0.0, "24": 0.0, "25": 0.0, "26": 0.0, "27": 0.0, "28": 0.0, "29": 0.0, "30": 0.0, "31": 0.0, "32": 0.0, "33": 0.0, "34": 0.0, "35": 0.0, "36": 0.0, "37": 0.0, "38": 0.0, "39": 0.0, "40": 0.0, "41": 0.0}, "vizPos": {"0": [0.5, 0.415996], "1": [0.5, 0.769821], "2": [0.022727272727272874, 0.521326], "3": [0.022727272727272874, 0.643436], "4": [0.09090909090909094, 0.585272], "5": [0.09090909090909094, 0.599477], "6": [0.1136363636363637, 0.593635], "7": [0.04545454545454547, 0.55412], "8": [0.04545454545454547, 0.572235], "9": [0.011363636363636409, 0.530641], "10": [0.0, 0.507816], "11": [0.0, 0.519296], "12": [0.3181818181818182, 0.20725], "13": [0.3181818181818182, 0.33993], "14": [0.7727272727272727, 0.201865], "15": [0.7727272727272727, 0.337806], "16": [0.2727272727272727, 0.217162], "17": [0.7272727272727273, 0.212273], "18": [0.5, 0.0], "19": [0.5, 0.050016], "20": [0.40909090909090906, 0.000237], "21": [0.40909090909090906, 0.041326], "22": [0.5681818181818181, 0.000711], "23": [0.5681818181818181, 0.033025], "24": [0.5454545454545454, 0.003838], "25": [0.5454545454545454, 0.03352], "26": [0.5568181818181818, 0.004642], "27": [0.6818181818181819, 0.016075], "28": [0.5, 0.062035], "29": [0.5909090909090909, 0.018226], "30": [0.5909090909090909, 0.033971], "31": [0.22727272727272724, 0.01856], "32": [0.5, 0.15547], "33": [0.13636363636363635, 0.021467], "34": [0.5, 0.189841], "35": [0.8636363636363636, 0.031159], "36": [0.5, 0.072829], "37": [0.36363636363636365, 0.032208], "38": [0.5, 0.203507], "39": [0.5, 0.180836], "40": [0.5, 0.050059], "41": [0.04545454545454547, 0.499876]}, "vizEdgeSegments": [[[0.5, 0.0], [0.5, 0.0], [0.5, 0.769821]], [[0.5, 0.415996], [0.04545454545454547, 0.415996], [0.04545454545454547, 0.572235]], [[0.04545454545454547, 0.55412], [0.09090909090909094, 0.55412], [0.09090909090909094, 0.599477]], [[0.09090909090909094, 0.585272], [0.1136363636363637, 0.585272], [0.1136363636363637, 0.593635]], [[0.04545454545454547, 0.499876], [0.0, 0.499876], [0.0, 0.519296]], [[0.0, 0.507816], [0.022727272727272874, 0.507816], [0.022727272727272874, 0.643436]], [[0.022727272727272874, 0.521326], [0.011363636363636409, 0.521326], [0.011363636363636409, 0.530641]], [[0.5, 0.203507], [0.3181818181818182, 0.203507], [0.3181818181818182, 0.33993]], [[0.3181818181818182, 0.20725], [0.2727272727272727, 0.20725], [0.2727272727272727, 0.217162]], [[0.5, 0.189841], [0.13636363636363635, 0.189841], [0.13636363636363635, 0.021467]], [[0.5, 0.180836], [0.7727272727272727, 0.180836], [0.7727272727272727, 0.337806]], [[0.7727272727272727, 0.201865], [0.7272727272727273, 0.201865], [0.7272727272727273, 0.212273]], [[0.5, 0.15547], [0.22727272727272724, 0.15547], [0.22727272727272724, 0.01856]], [[0.5, 0.072829], [0.8636363636363636, 0.072829], [0.8636363636363636, 0.031159]], [[0.5, 0.062035], [0.6818181818181819, 0.062035], [0.6818181818181819, 0.016075]], [[0.5, 0.050059], [0.40909090909090906, 0.050059], [0.40909090909090906, 0.000237]], [[0.40909090909090906, 0.041326], [0.36363636363636365, 0.041326], [0.36363636363636365, 0.032208]], [[0.5, 0.050016], [0.5909090909090909, 0.050016], [0.5909090909090909, 0.018226]], [[0.5909090909090909, 0.033971], [0.5454545454545454, 0.033971], [0.5454545454545454, 0.003838]], [[0.5454545454545454, 0.03352], [0.5681818181818181, 0.03352], [0.5681818181818181, 0.000711]], [[0.5681818181818181, 0.033025], [0.5568181818181818, 0.033025], [0.5568181818181818, 0.004642]]], "vizSegmentNodeIds": [[18, 19, 40, 28, 36, 32, 39, 34, 38, 0, 1], [0, 41, 7, 8], [7, 4, 5], [4, 6], [41, 10, 11], [10, 2, 3], [2, 9], [38, 12, 13], [12, 16], [34, 33], [39, 14, 15], [14, 17], [32, 31], [36, 35], [28, 27], [40, 21, 20], [21, 37], [19, 30, 29], [30, 25, 24], [25, 23, 22], [23, 26]], "branches": [{"nodes": [18, 19, 40, 28, 36, 32, 39, 34, 38, 0, 1], "parentBranch": -1, "mode": "up", "depth": 0}, {"nodes": [0, 41, 7, 8], "parentBranch": 0, "mode": "up", "depth": 1}, {"nodes": [7, 4, 5], "parentBranch": 1, "mode": "up", "depth": 2}, {"nodes": [4, 6], "parentBranch": 2, "mode": "up", "depth": 3}, {"nodes": [41, 10, 11], "parentBranch": 1, "mode": "up", "depth": 2}, {"nodes": [10, 2, 3], "parentBranch": 4, "mode": "up", "depth": 3}, {"nodes": [2, 9], "parentBranch": 5, "mode": "up", "depth": 4}, {"nodes": [38, 12, 13], "parentBranch": 0, "mode": "up", "depth": 1}, {"nodes": [12, 16], "parentBranch": 7, "mode": "up", "depth": 2}, {"nodes": [34, 33], "parentBranch": 0, "mode": "down", "depth": 1}, {"nodes": [39, 14, 15], "parentBranch": 0, "mode": "up", "depth": 1}, {"nodes": [14, 17], "parentBranch": 10, "mode": "up", "depth": 2}, {"nodes": [32, 31], "parentBranch": 0, "mode": "down", "depth": 1}, {"nodes": [36, 35], "parentBranch": 0, "mode": "down", "depth": 1}, {"nodes": [28, 27], "parentBranch": 0, "mode": "down", "depth": 1}, {"nodes": [40, 21, 20], "parentBranch": 0, "mode": "down", "depth": 1}, {"nodes": [21, 37], "parentBranch": 15, "mode": "down", "depth": 2}, {"nodes": [19, 30, 29], "parentBranch": 0, "mode": "down", "depth": 1}, {"nodes": [30, 25, 24], "parentBranch": 17,