{"nodes": [0, 1, 2, 3, 4, 5, 6, 7, 8, 9, 10, 11, 12, 13, 14, 15, 16, 17, 18, 19, 20, 21, 22, 23, 24, 25, 26, 27, 28, 29, 30, 31, 32, 33, 34, 35, 36, 37, 38, 39, 40, 41, 42, 43], "edges": [[0, 1], [0, 40], [0, 14], [2, 3], [2, 9], [2, 40], [4, 5], [4, 6], [4, 10], [7, 8], [7, 10], [7, 40], [10, 11], [12, 13], [12, 16], [12, 41], [14, 15], [14, 17], [17, 18], [17, 29], [19, 20], [20, 27], [20, 42], [21, 22], [22, 34], [22, 42], [23, 24], [24, 25], [24, 27], [26, 27], [28, 29], [29, 41], [30, 31], [31, 39], [31, 41], [32, 33], [33, 35], [33, 43], [36, 37], [37, 43], [37, 39], [38, 39], [42, 43]], "heights": {"0": 0.352797, "1": 0.764889, "2": 0.538548, "3": 0.710834, "4": 0.550611, "5": 0.590676, "6": 0.588676, "7": 0.536684, "8": 0.574417, "9": 0.562618, "10": 0.540258, "11": 0.551705, "12": 0.207195, "13": 0.340262, "14": 0.203754, "15": 0.338155, "16": 0.217057, "17": 0.201818, "18": 0.21222, "19": 0.0, "20": 0.050011, "21": 0.000118, "22": 0.041418, "23": 0.000479, "24": 0.024674, "25": 0.002587, "26": 0.004224, "27": 0.033535, "28": 0.007611, "29": 0.187896, "30": 0.01046, "31": 0.163548, "32": 0.014601, "33": 0.054959, "34": 0.03223, "35": 0.040659, "36": 0.046005, "37": 0.092033, "38": 0.087631, "39": 0.099864, "40": 0.528301, "41": 0.181256, "42": 0.050068, "43": 0.064917}, "types": {"0": 1, "1": 2, "2": 1, "3": 2, "4": 1, "5": 2, "6": 2, "7": 1, "8": 2, "9": 2, "10": 1, "11": 2, "12": 1, "13": 2, "14": 1, "15": 2, "16": 2, "17": 1, "18": 2, "19": 0, "20": 1, "21": 0, "22": 1, "23": 0, "24": 1, "25": 0, "26": 0, "27": 1, "28": 0, "29": 1, "30": 0, "31": 1, "32": 0, "33": 1, "34": 0, "35": 0, "36": 0, "37": 1, "38": 0, "39": 1, "40": 1, "41": 1, "42": 1, "43": 1}, "xs": {"0": 60.0, "1": 57.0, "2": 62.0, "3": 62.0, "4": 62.0, "5": 62.0, "6": 63.0, "7": 61.0, "8": 62.0, "9": 63.0, "10": 63.0, "11": 64.0, "12": 56.0, "13": 58.0, "14": 64.0, "15": 67.0, "16": 56.0, "17": 70.0, "18": 70.0, "19": 63.0, "20": 77.0, "21": 3.0, "22": 41.0, "23": 98.0, "24": 85.0, "25": 75.0, "26": 69.0, "27": 79.0, "28": 47.0, "29": 44.0, "30": 69.0, "31": 73.0, "32": 53.0, "33": 54.0, "34": 58.0, "35": 56.0, "36": 68.0, "37": 70.0, "38": 59.0, "39": 57.0, "40": 63.0, "41": 61.0, "42": 47.0, "43": 47.0}, "ys": {"0": 137.0, "1": 154.0, "2": 116.0, "3": 125.0, "4": 106.0, "5": 104.0, "6": 107.0, "7": 101.0, "8": 94.0, "9": 115.0, "10": 109.0, "11": 109.0, "12": 42.0, "13": 51.0, "14": 54.0, "15": 51.0, "16": 41.0, "17": 42.0, "18": 41.0, "19": 37.0, "20": 0.0, "21": 148.0, "22": 81.0, "23": 152.0, "24": 126.0, "25": 126.0, "26": 107.0, "27": 106.0, "28": 151.0, "29": 150.0, "30": 156.0, "31": 154.0, "32": 127.0, "33": 126.0, "34": 57.0, "35": 126.0, "36": 125.0, "37": 125.0, "38": 115.0, "39": 113.0, "40": 113.0, "41": 53.0, "42": 0.0, "43": 125.0}, "zs": {"0": 0.0, "1": 0.0, "2": 0.0, "3": 0.0, "4": 0.0, "5": 0.0, "6": 0.0, "7": 0.0, "8": 0.0, "9": 0.0, "10": 0.0, "11": 0.0, "12": 0.0, "13": 0.0, "14": 0.0, "15": 0.0, "16": 0.0, "17": 0.0, "18": 0.0, "19": 0.0, "20": 0.0, "21": 0.0, "22": 0.0, "23": 0.0, "24": 0.0, "25": 0.0, "26": 0.0, "27": 0.0, "28": 0.0, "29": 0.0, "30": 0.0, "31": 0.0, "32": 0.0, "33": 0.0, "34": 0.0, "35": 0.0, "36": 0.0, "37": 0.0, "38": 0.0, "39": 0.0, "40": 0.0, "41": 0.0, "42": 0.0, "43": 0.0}, "vizPos": {"0": [0.5, 0.352797], "1": [0.5, 0.764889], "2": [0.03846153846153849, 0.538548], "3": [0.03846153846153849, 0.710834], "4": [0.08653846153846156, 0.550611], "5": [0.08653846153846156, 0.590676], "6": [0.09134615384615385, 0.588676], "7": [0.07692307692307698, 0.536684], "8": [0.07692307692307698, 0.574417], "9": [0.0, 0.562618], "10": [0.09615384615384615, 0.540258], "11": [0.09615384615384615, 0.551705], "12": [0.19230769230769235, 0.207195], "13": [0.19230769230769235, 0.340262], "14": [0.5, 0.203754], "15": [0.8846153846153846, 0.338155], "16": [0.1538461538461539, 0.217057], "17": [0.5, 0.201818], "18": [0.11538461538461547, 0.21222], "19": [0.5, 0.0], "20": [0.5, 0.050011], "21": [0.4230769230769231, 0.000118], "22": [0.4230769230769231, 0.041418], "23": [0.5384615384615384, 0.000479], "24": [0.5384615384615384, 0.024674], "25": [0.5576923076923077, 0.002587], "26": [0.5769230769230769, 0.004224], "27": [0.5769230769230769, 0.033535], "28": [0.8076923076923077, 0.007611], "29": [0.5, 0.187896], "30": [0.7307692307692307, 0.01046], "31": [0.5, 0.163548], "32": [0.34615384615384615, 0.014601], "33": [0.34615384615384615, 0.054959], "34": [0.38461538461538464, 0.03223], "35": [0.3076923076923077, 0.040659], "36": [0.6538461538461539, 0.046005], "37": [0.5, 0.092033], "38": [0.2692307692307693, 0.087631], "39": [0.5, 0.099864], "40": [0.03846153846153849, 0.528301], "41": [0.5, 0.181256], "42": [0.5, 0.050068], "43": [0.5, 0.064917]}, "vizEdgeSegments": [[[0.5, 0.0], [0.5, 0.0], [0.5, 0.764889]], [[0.5, 0.352797], [0.03846153846153849, 0.352797], [0.03846153846153849, 0.710834]], [[0.03846153846153849, 0.538548], [0.0, 0.538548], [0.0, 0.562618]], [[0.03846153846153849, 0.528301], [0.07692307692307698, 0.528301], [0.07692307692307698, 0.574417]], [[0.07692307692307698, 0.536684], [0.09615384615384615, 0.536684], [0.09615384615384615, 0.551705]], [[0.09615384615384615, 0.540258], [0.08653846153846156, 0.540258], [0.08653846153846156, 0.590676]], [[0.08653846153846156, 0.550611], [0.09134615384615385, 0.550611], [0.09134615384615385, 0.588676]], [[0.5, 0.203754], [0.8846153846153846, 0.203754], [0.8846153846153846, 0.338155]], [[0.5, 0.201818], [0.11538461538461547, 0.201818], [0.11538461538461547, 0.21222]], [[0.5, 0.187896], [0.8076923076923077, 0.187896], [0.8076923076923077, 0.007611]], [[0.5, 0.181256], [0.19230769230769235, 0.181256], [0.19230769230769235, 0.340262]], [[0.19230769230769235, 0.207195], [0.1538461538461539, 0.207195], [0.1538461538461539, 0.217057]], [[0.5, 0.163548], [0.7307692307692307, 0.163548], [0.7307692307692307, 0.01046]], [[0.5, 0.099864], [0.2692307692307693, 0.099864], [0.2692307692307693, 0.087631]], [[0.5, 0.092033], [0.6538461538461539, 0.092033], [0.6538461538461539, 0.046005]], [[0.5, 0.064917], [0.34615384615384615, 0.064917], [0.34615384615384615, 0.014601]], [[0.34615384615384615, 0.054959], [0.3076923076923077, 0.054959], [0.3076923076923077, 0.040659]], [[0.5, 0.050068], [0.4230769230769231, 0.050068], [0.4230769230769231, 0.000118]], [[0.4230769230769231, 0.041418], [0.38461538461538464, 0.041418], [0.38461538461538464, 0.03223]], [[0.5, 0.050011], [0.5769230769230769, 0.050011], [0.5769230769230769, 0.004224]], [[0.5769230769230769, 0.033535], [0.5384615384615384, 0.033535], [0.5384615384615384, 0.000479]], [[0.5384615384615384, 0.024674], [0.5576923076923077, 0.024674], [0.5576923076923077, 0.002587]]], "vizSegmentNodeIds": [[19, 20, 42, 43, 37, 39, 31, 41, 29, 17, 14, 0, 1], [0, 40, 2, 3], [2, 9], [40, 7, 8], [7, 10, 11], [10, 4, 5], [4, 6], [14, 15], [17, 18], [29, 28], [41, 12, 13], [12, 16], [31, 30], [39, 38], [37, 36], [43, 33, 32], [33, 35], [42, 22, 21], [22, 34], [20, 27, 26], [27, 24, 23], [24, 25]], "branches": [{"nodes": [19, 20, 42, 43, 37, 39, 31, 41, 29, 17, 14, 0, 1], "parentBranch": -1, "mode": "up", "depth": 0}, {"nodes": [0, 40, 2, 3], "parentBranch": 0, "mode": "up", "depth": 1}, {"nodes": [2, 9], "parentBranch": 1, "mode": "up", "depth": 2}, {"nodes": [40, 7, 8], "parentBranch": 1, "mode": "up", "depth": 2}, {"nodes": [7, 10, 11], "parentBranch": 3, "mode": "up", "depth": 3}, {"nodes": [10, 4, 5], "parentBranch": 4, "mode": "up", "depth": 4}, {"nodes": [4, 6], "parentBranch": 5, "mode": "up", "depth": 5}, {"nodes": [14, 15], "parentBranch": 0, "mode": "up", "depth": 1}, {"nodes": [17, 18], "parentBranch": 0, "mode": "up", "depth": 1}, {"nodes": [29, 28], "parentBranch": 0, "mode": "down", "depth": 1}, {"nodes": [41, 12, 13], "parentBranch": 0, "mode": "up", "depth": 1}, {"nodes": [12, 16], "parentBranch": 10, "mode": "up", "depth": 2}, {"nodes": [31, 30], "parentBranch": 0, "mode": "down", "depth": 1}, {"nodes": [39, 38], "parentBranch": 0, "mode": "down",