{"nodes": [0, 1, 2, 3, 4, 5, 6, 7, 8, 9, 10, 11, 12, 13, 14, 15, 16, 17, 18, 19, 20, 21, 22, 23, 24, 25, 26, 27, 28, 29, 30, 31, 32, 33, 34, 35, 36, 37, 38, 39, 40, 41], "edges": [[0, 1], [0, 38], [0, 39], [2, 3], [2, 9], [2, 38], [4, 5], [4, 6], [4, 7], [7, 8], [7, 38], [10, 11], [10, 14], [10, 39], [12, 13], [12, 15], [12, 40], [16, 17], [17, 24], [17, 41], [18, 19], [19, 33], [19, 41], [20, 21], [21, 22], [21, 24], [23, 24], [25, 26], [26, 39], [26, 40], [27, 28], [28, 30], [28, 35], [29, 30], [30, 41], [31, 32], [32, 40], [32, 37], [34, 35], [35, 37], [36, 37]], "heights": {"0": 0.350473, "1": 0.78006, "2": 0.526932, "3": 0.642358, "4": 0.575205, "5": 0.602344, "6": 0.588264, "7": 0.550901, "8": 0.560261, "9": 0.542178, "10": 0.207218, "11": 0.338285, "12": 0.201211, "13": 0.335479, "14": 0.216944, "15": 0.21148, "16": 0.0, "17": 0.05001, "18": 0.000152, "19": 0.041775, "20": 0.00047, "21": 0.026016, "22": 0.00225, "23": 0.007825, "24": 0.032633, "25": 0.008288, "26": 0.192911, "27": 0.017524, "28": 0.05303, "29": 0.02276, "30": 0.051841, "31": 0.026093, "32": 0.158462, "33": 0.032187, "34": 0.038344, "35": 0.053655, "36": 0.060173, "37": 0.086414, "38": 0.525482, "39": 0.205095, "40": 0.178229, "41": 0.05004}, "types": {"0": 1, "1": 2, "2": 1, "3": 2, "4": 1, "5": 2, "6": 2, "7": 1, "8": 2, "9": 2, "10": 1, "11": 2, "12": 1, "13": 2, "14": 2, "15": 2, "16": 0, "17": 1, "18": 0, "19": 1, "20": 0, "21": 1, "22": 0, "23": 0, "24": 1, "25": 0, "26": 1, "27": 0, "28": 1, "29": 0, "30": 1, "31": 0, "32": 1, "33": 0, "34": 0, "35": 1, "36": 0, "37": 1, "38": 1, "39": 1, "40": 1, "41": 1}, "xs": {"0": 66.0, "1": 67.0, "2": 63.0, "3": 63.0, "4": 62.0, "5": 63.0, "6": 62.0, "7": 63.0, "8": 63.0, "9": 63.0, "10": 70.0, "11": 67.0, "12": 56.0, "13": 58.0, "14": 70.0, "15": 56.0, "16": 63.0, "17": 40.0, "18": 122.0, "19": 87.0, "20": 28.0, "21": 41.0, "22": 53.0, "23": 56.0, "24": 46.0, "25": 78.0, "26": 82.0, "27": 74.0, "28": 82.0, "29": 57.0, "30": 56.0, "31": 56.0, "32": 52.0, "33": 67.0, "34": 71.0, "35": 72.0, "36": 67.0, "37": 70.0, "38": 63.0, "39": 64.0, "40": 61.0, "41": 86.0}, "ys": {"0": 138.0, "1": 154.0, "2": 115.0, "3": 126.0, "4": 106.0, "5": 104.0, "6": 107.0, "7": 98.0, "8": 91.0, "9": 114.0, "10": 42.0, "11": 51.0, "12": 42.0, "13": 51.0, "14": 41.0, "15": 41.0, "16": 37.0, "17": 0.0, "18": 148.0, "19": 80.0, "20": 153.0, "21": 126.0, "22": 126.0, "23": 106.0, "24": 105.0, "25": 152.0, "26": 154.0, "27": 127.0, "28": 125.0, "29": 126.0, "30": 125.0, "31": 157.0, "32": 154.0, "33": 57.0, "34": 126.0, "35": 126.0, "36": 114.0, "37": 112.0, "38": 113.0, "39": 54.0, "40": 53.0, "41": 0.0}, "zs": {"0": 0.0, "1": 0.0, "2": 0.0, "3": 0.0, "4": 0.0, "5": 0.0, "6": 0.0, "7": 0.0, "8": 0.0, "9": 0.0, "10": 0.0, "11": 0.0, "12": 0.0, "13": 0.0, "14": 0.0, "15": 0.0, "16": 0.0, "17": 0.0, "18": 0.0, "19": 0.0, "20": 0.0, "21": 0.0, "22": 0.0, "23": 0.0, "24": 0.0, "25": 0.0, "26": 0.0, "27": 0.0, "28": 0.0, "29": 0.0, "30": 0.0, "31": 0.0, "32": 0.0, "33": 0.0, "34": 0.0, "35": 0.0, "36": 0.0, "37": 0.0, "38": 0.0, "39": 0.0, "40": 0.0, "41": 0.0}, "vizPos": {"0": [0.5, 0.350473], "1": [0.5, 0.78006], "2": [0.03846153846153849, 0.526932], "3": [0.03846153846153849, 0.642358], "4": [0.019230769230769218, 0.575205], "5": [0.019230769230769218, 0.602344], "6": [0.009615384615384692, 0.588264], "7": [0.0, 0.550901], "8": [0.0, 0.560261], "9": [0.07692307692307698, 0.542178], "10": [0.2692307692307693, 0.207218], "11": [0.2692307692307693, 0.338285], "12": [0.8076923076923077, 0.201211], "13": [0.8076923076923077, 0.335479], "14": [0.23076923076923078, 0.216944], "15": [0.7692307692307692, 0.21148], "16": [0.5, 0.0], "17": [0.5, 0.05001], "18": [0.4230769230769231, 0.000152], "19": [0.4230769230769231, 0.041775], "20": [0.5384615384615384, 0.00047], "21": [0.5384615384615384, 0.026016], "22": [0.5576923076923077, 0.00225], "23": [0.5769230769230769, 0.007825], "24": [0.5769230769230769, 0.032633], "25": [0.11538461538461547, 0.008288], "26": [0.5, 0.192911], "27": [0.6538461538461539, 0.017524], "28": [0.5, 0.05303], "29": [0.34615384615384615, 0.02276], "30": [0.5, 0.051841], "31": [0.19230769230769235, 0.026093], "32": [0.5, 0.158462], "33": [0.38461538461538464, 0.032187], "34": [0.8846153846153846, 0.038344], "35": [0.5, 0.053655], "36": [0.7307692307692307, 0.060173], "37": [0.5, 0.086414], "38": [0.03846153846153849, 0.525482], "39": [0.5, 0.205095], "40": [0.5, 0.178229], "41": [0.5, 0.05004]}, "vizEdgeSegments": [[[0.5, 0.0], [0.5, 0.0], [0.5, 0.78006]], [[0.5, 0.350473], [0.03846153846153849, 0.350473], [0.03846153846153849, 0.642358]], [[0.03846153846153849, 0.526932], [0.07692307692307698, 0.526932], [0.07692307692307698, 0.542178]], [[0.03846153846153849, 0.525482], [0.0, 0.525482], [0.0, 0.560261]], [[0.0, 0.550901], [0.019230769230769218, 0.550901], [0.019230769230769218, 0.602344]], [[0.019230769230769218, 0.575205], [0.009615384615384692, 0.575205], [0.009615384615384692, 0.588264]], [[0.5, 0.205095], [0.2692307692307693, 0.205095], [0.2692307692307693, 0.338285]], [[0.2692307692307693, 0.207218], [0.23076923076923078, 0.207218], [0.23076923076923078, 0.216944]], [[0.5, 0.192911], [0.11538461538461547, 0.192911], [0.11538461538461547, 0.008288]], [[0.5, 0.178229], [0.8076923076923077, 0.178229], [0.8076923076923077, 0.335479]], [[0.8076923076923077, 0.201211], [0.7692307692307692, 0.201211], [0.7692307692307692, 0.21148]], [[0.5, 0.158462], [0.19230769230769235, 0.158462], [0.19230769230769235, 0.026093]], [[0.5, 0.086414], [0.7307692307692307, 0.086414], [0.7307692307692307, 0.060173]], [[0.5, 0.053655], [0.8846153846153846, 0.053655], [0.8846153846153846, 0.038344]], [[0.5, 0.05303], [0.6538461538461539, 0.05303], [0.6538461538461539, 0.017524]], [[0.5, 0.051841], [0.34615384615384615, 0.051841], [0.34615384615384615, 0.02276]], [[0.5, 0.05004], [0.4230769230769231, 0.05004], [0.4230769230769231, 0.000152]], [[0.4230769230769231, 0.041775], [0.38461538461538464, 0.041775], [0.38461538461538464, 0.032187]], [[0.5, 0.05001], [0.5769230769230769, 0.05001], [0.5769230769230769, 0.007825]], [[0.5769230769230769, 0.032633], [0.5384615384615384, 0.032633], [0.5384615384615384, 0.00047]], [[0.5384615384615384, 0.026016], [0.5576923076923077, 0.026016], [0.5576923076923077, 0.00225]]], "vizSegmentNodeIds": [[16, 17, 41, 30, 28, 35, 37, 32, 40, 26, 39, 0, 1], [0, 38, 2, 3], [2, 9], [38, 7, 8], [7, 4, 5], [4, 6], [39, 10, 11], [10, 14], [26, 25], [40, 12, 13], [12, 15], [32, 31], [37, 36], [35, 34], [28, 27], [30, 29], [41, 19, 18], [19, 33], [17, 24, 23], [24, 21, 20], [21, 22]], "branches": [{"nodes": [16, 17, 41, 30, 28, 35, 37, 32, 40, 26, 39, 0, 1], "parentBranch": -1, "mode": "up", "depth": 0}, {"nodes": [0, 38, 2, 3], "parentBranch": 0, "mode": "up", "depth": 1}, {"nodes": [2, 9], "parentBranch": 1, "mode": "up", "depth": 2}, {"nodes": [38, 7, 8], "parentBranch": 1, "mode": "up", "depth": 2}, {"nodes": [7, 4, 5], "parentBranch": 3, "mode": "up", "depth": 3}, {"nodes": [4, 6], "parentBranch": 4, "mode": "up", "depth": 4}, {"nodes": [39, 10, 11], "parentBranch": 0, "mode": "up", "depth": 1}, {"nodes": [10, 14], "parentBranch": 6, "mode": "up", "depth": 2}, {"nodes": [26, 25], "parentBranch": 0, "mode": "down", "depth": 1}, {"nodes": [40, 12, 13], "parentBranch": 0, "mode": "up", "depth": 1}, {"nodes": [12, 15], "parentBranch": 9, "mode": "up", "depth": 2}, {"nodes": [32, 31], "parentBranch": 0, "mode": "down", "depth": 1}, {"nodes": [37, 36], "parentBranch": 0, "mode": "down", "depth": 1}, {"nodes": [35, 34], "parentBranch": 0, "mode": "down", "depth": 1}, {"nodes": [28, 27], "parentBranch": 0, "mode": "down", "depth": 1}, {"nodes": [30, 29], "parentBranch": 0, "mode": "down", "depth": 1}, {"nodes": [41, 19, 18], "parentBranch": 0, "mode": "down", "depth": 1}, {"nodes": [19, 33], "parentBranch": 16, "mode": "down", "depth": 2}, {"nodes": [17, 24, 23], "parentBranch": 0, "mode": "down", "depth": 1}, {"nodes": [24, 21, 20], "parentBranch": 18,