{"nodes": [0, 1, 2, 3, 4, 5, 6, 7, 8, 9, 10, 11, 12, 13, 14, 15, 16, 17, 18, 19, 20, 21, 22, 23, 24, 25, 26, 27, 28, 29, 30, 31, 32, 33, 34, 35, 36, 37, 38, 39, 40, 41, 42, 43], "edges": [[0, 1], [0, 12], [0, 40], [2, 3], [2, 6], [2, 8], [4, 5], [4, 7], [4, 39], [8, 9], [8, 10], [10, 11], [10, 39], [12, 13], [12, 39], [14, 15], [14, 18], [14, 40], [16, 17], [16, 19], [16, 41], [20, 21], [21, 30], [21, 43], [22, 23], [23, 38], [23, 43], [24, 25], [25, 26], [25, 30], [27, 28], [28, 37], [28, 42], [29, 30], [31, 32], [32, 40], [32, 41], [33, 34], [34, 36], [34, 41], [35, 36], [36, 42], [42, 43]], "heights": {"0": 0.327258, "1": 0.756442, "2": 0.601999, "3": 0.622845, "4": 0.597325, "5": 0.622078, "6": 0.615937, "7": 0.609378, "8": 0.574476, "9": 0.600327, "10": 0.553177, "11": 0.578213, "12": 0.376709, "13": 0.385429, "14": 0.207269, "15": 0.340075, "16": 0.201943, "17": 0.338552, "18": 0.217154, "19": 0.212259, "20": 0.0, "21": 0.05003, "22": 7.2e-05, "23": 0.041639, "24": 0.000332, "25": 0.022278, "26": 0.003852, "27": 0.006487, "28": 0.058388, "29": 0.008267, "30": 0.02987, "31": 0.012389, "32": 0.193134, "33": 0.01264, "34": 0.158218, "35": 0.020724, "36": 0.071824, "37": 0.032038, "38": 0.032372, "39": 0.509883, "40": 0.203746, "41": 0.182486, "42": 0.058402, "43": 0.050048}, "types": {"0": 1, "1": 2, "2": 1, "3": 2, "4": 1, "5": 2, "6": 2, "7": 2, "8": 1, "9": 2, "10": 1, "11": 2, "12": 1, "13": 2, "14": 1, "15": 2, "16": 1, "17": 2, "18": 2, "19": 2, "20": 0, "21": 1, "22": 0, "23": 1, "24": 0, "25": 1, "26": 0, "27": 0, "28": 1, "29": 0, "30": 1, "31": 0, "32": 1, "33": 0, "34": 1, "35": 0, "36": 1, "37": 0, "38": 0, "39": 1, "40": 1, "41": 1, "42": 1, "43": 1}, "xs": {"0": 65.0, "1": 67.0, "2": 63.0, "3": 63.0, "4": 64.0, "5": 63.0, "6": 62.0, "7": 64.0, "8": 61.0, "9": 61.0, "10": 63.0, "11": 63.0, "12": 66.0, "13": 65.0, "14": 70.0, "15": 67.0, "16": 56.0, "17": 58.0, "18": 70.0, "19": 56.0, "20": 63.0, "21": 44.0, "22": 121.0, "23": 83.0, "24": 27.0, "25": 38.0, "26": 49.0, "27": 73.0, "28": 71.0, "29": 55.0, "30": 49.0, "31": 78.0, "32": 82.0, "33": 56.0, "34": 52.0, "35": 56.0, "36": 55.0, "37": 70.0, "38": 67.0, "39": 60.0, "40": 64.0, "41": 61.0, "42": 80.0, "43": 110.0}, "ys": {"0": 135.0, "1": 153.0, "2": 111.0, "3": 109.0, "4": 124.0, "5": 124.0, "6": 112.0, "7": 125.0, "8": 113.0, "9": 114.0, "10": 100.0, "11": 94.0, "12": 130.0, "13": 132.0, "14": 42.0, "15": 51.0, "16": 42.0, "17": 51.0, "18": 41.0, "19": 41.0, "20": 37.0, "21": 0.0, "22": 147.0, "23": 79.0, "24": 151.0, "25": 126.0, "26": 126.0, "27": 125.0, "28": 125.0, "29": 115.0, "30": 115.0, "31": 150.0, "32": 150.0, "33": 156.0, "34": 153.0, "35": 126.0, "36": 125.0, "37": 124.0, "38": 57.0, "39": 118.0, "40": 54.0, "41": 53.0, "42": 124.0, "43": 0.0}, "zs": {"0": 0.0, "1": 0.0, "2": 0.0, "3": 0.0, "4": 0.0, "5": 0.0, "6": 0.0, "7": 0.0, "8": 0.0, "9": 0.0, "10": 0.0, "11": 0.0, "12": 0.0, "13": 0.0, "14": 0.0, "15": 0.0, "16": 0.0, "17": 0.0, "18": 0.0, "19": 0.0, "20": 0.0, "21": 0.0, "22": 0.0, "23": 0.0, "24": 0.0, "25": 0.0, "26": 0.0, "27": 0.0, "28": 0.0, "29": 0.0, "30": 0.0, "31": 0.0, "32": 0.0, "33": 0.0, "34": 0.0, "35": 0.0, "36": 0.0, "37": 0.0, "38": 0.0, "39": 0.0, "40": 0.0, "41": 0.0, "42": 0.0, "43": 0.0}, "vizPos": {"0": [0.5, 0.327258], "1": [0.5, 0.756442], "2": [0.10795454545454547, 0.601999], "3": [0.10795454545454547, 0.622845], "4": [0.09090909090909094, 0.597325], "5": [0.09090909090909094, 0.622078], "6": [0.10511363636363641, 0.615937], "7": [0.06818181818181818, 0.609378], "8": [0.10227272727272729, 0.574476], "9": [0.10227272727272729, 0.600327], "10": [0.1136363636363637, 0.553177], "11": [0.1136363636363637, 0.578213], "12": [0.13636363636363635, 0.376709], "13": [0.13636363636363635, 0.385429], "14": [0.8636363636363636, 0.207269], "15": [0.8636363636363636, 0.340075], "16": [0.04545454545454547, 0.201943], "17": [0.04545454545454547, 0.338552], "18": [0.8181818181818181, 0.217154], "19": [0.0, 0.212259], "20": [0.5, 0.0], "21": [0.5, 0.05003], "22": [0.40909090909090906, 7.2e-05], "23": [0.40909090909090906, 0.041639], "24": [0.5454545454545454, 0.000332], "25": [0.5454545454545454, 0.022278], "26": [0.5681818181818181, 0.003852], "27": [0.3181818181818182, 0.006487], "28": [0.3181818181818182, 0.058388], "29": [0.5909090909090909, 0.008267], "30": [0.5909090909090909, 0.02987], "31": [0.7727272727272727, 0.012389], "32": [0.5, 0.193134], "33": [0.22727272727272724, 0.01264], "34": [0.5, 0.158218], "35": [0.6818181818181819, 0.020724], "36": [0.5, 0.071824], "37": [0.2727272727272727, 0.032038], "38": [0.36363636363636365, 0.032372], "39": [0.09090909090909094, 0.509883], "40": [0.5, 0.203746], "41": [0.5, 0.182486], "42": [0.5, 0.058402], "43": [0.5, 0.050048]}, "vizEdgeSegments": [[[0.5, 0.0], [0.5, 0.0], [0.5, 0.756442]], [[0.5, 0.327258], [0.13636363636363635, 0.327258], [0.13636363636363635, 0.385429]], [[0.13636363636363635, 0.376709], [0.09090909090909094, 0.376709], [0.09090909090909094, 0.622078]], [[0.09090909090909094, 0.597325], [0.06818181818181818, 0.597325], [0.06818181818181818, 0.609378]], [[0.09090909090909094, 0.509883], [0.1136363636363637, 0.509883], [0.1136363636363637, 0.578213]], [[0.1136363636363637, 0.553177], [0.10227272727272729, 0.553177], [0.10227272727272729, 0.600327]], [[0.10227272727272729, 0.574476], [0.10795454545454547, 0.574476], [0.10795454545454547, 0.622845]], [[0.10795454545454547, 0.601999], [0.10511363636363641, 0.601999], [0.10511363636363641, 0.615937]], [[0.5, 0.203746], [0.8636363636363636, 0.203746], [0.8636363636363636, 0.340075]], [[0.8636363636363636, 0.207269], [0.8181818181818181, 0.207269], [0.8181818181818181, 0.217154]], [[0.5, 0.193134], [0.7727272727272727, 0.193134], [0.7727272727272727, 0.012389]], [[0.5, 0.182486], [0.04545454545454547, 0.182486], [0.04545454545454547, 0.338552]], [[0.04545454545454547, 0.201943], [0.0, 0.201943], [0.0, 0.212259]], [[0.5, 0.158218], [0.22727272727272724, 0.158218], [0.22727272727272724, 0.01264]], [[0.5, 0.071824], [0.6818181818181819, 0.071824], [0.6818181818181819, 0.020724]], [[0.5, 0.058402], [0.3181818181818182, 0.058402], [0.3181818181818182, 0.006487]], [[0.3181818181818182, 0.058388], [0.2727272727272727, 0.058388], [0.2727272727272727, 0.032038]], [[0.5, 0.050048], [0.40909090909090906, 0.050048], [0.40909090909090906, 7.2e-05]], [[0.40909090909090906, 0.041639], [0.36363636363636365, 0.041639], [0.36363636363636365, 0.032372]], [[0.5, 0.05003], [0.5909090909090909, 0.05003], [0.5909090909090909, 0.008267]], [[0.5909090909090909, 0.02987], [0.5454545454545454, 0.02987], [0.5454545454545454, 0.000332]], [[0.5454545454545454, 0.022278], [0.5681818181818181, 0.022278], [0.5681818181818181, 0.003852]]], "vizSegmentNodeIds": [[20, 21, 43, 42, 36, 34, 41, 32, 40, 0, 1], [0, 12, 13], [12, 39, 4, 5], [4, 7], [39, 10, 11], [10, 8, 9], [8, 2, 3], [2, 6], [40, 14, 15], [14, 18], [32, 31], [41, 16, 17], [16, 19], [34, 33], [36, 35], [42, 28, 27], [28, 37], [43, 23, 22], [23, 38], [21, 30, 29], [30, 25, 24], [25, 26]], "branches": [{"nodes": [20, 21, 43, 42, 36, 34, 41, 32, 40, 0, 1], "parentBranch": -1, "mode": "up", "depth": 0}, {"nodes": [0, 12, 13], "parentBranch": 0, "mode": "up", "depth": 1}, {"nodes": [12, 39, 4, 5], "parentBranch": 1, "mode": "up", "depth": 2}, {"nodes": [4, 7], "parentBranch": 2, "mode": "up", "depth": 3}, {"nodes": [39, 10, 11], "parentBranch": 2, "mode": "up", "depth": 3}, {"nodes": [10, 8, 9], "parentBranch": 4, "mode": "up", "depth": 4}, {"nodes": [8, 2, 3], "parentBranch": 5, "mode": "up", "depth": 5}, {"nodes": [2, 6], "parentBranch": 6, "mode": "up", "depth": 6}, {"nodes": [40, 14, 15], "parentBranch": 0, "mode": "up", "depth": 1}, {"nodes": [14, 18], "parentBranch": 8, "mode": "up", "depth": 2}, {"nodes": [32, 31], "parentBranch": 0, "mode": "down", "depth": 1}, {"nodes": [41, 16, 17], "parentBranch": 0, "mode": "up", "depth": 1}, {"nodes": [16, 19], "parentBranch": 11, "mode": "up",