{"nodes": [0, 1, 2, 3, 4, 5, 6, 7, 8, 9, 10, 11, 12, 13, 14, 15, 16, 17, 18, 19, 20, 21, 22, 23, 24, 25, 26, 27, 28, 29, 30, 31, 32, 33, 34, 35, 36, 37, 38, 39, 40, 41], "edges": [[0, 1], [0, 39], [0, 12], [2, 3], [2, 9], [2, 39], [4, 5], [4, 6], [4, 7], [7, 8], [7, 39], [10, 11], [10, 14], [10, 40], [12, 13], [12, 15], [15, 16], [15, 27], [17, 18], [18, 24], [18, 41], [19, 20], [20, 32], [20, 41], [21, 22], [22, 25], [22, 24], [23, 24], [26, 27], [27, 40], [28, 29], [29, 40], [29, 36], [30, 31], [31, 34], [31, 38], [33, 34], [34, 41], [35, 36], [36, 38], [37, 38]], "heights": {"0": 0.368006, "1": 0.762679, "2": 0.494061, "3": 0.700926, "4": 0.562904, "5": 0.606624, "6": 0.594839, "7": 0.556656, "8": 0.567766, "9": 0.528055, "10": 0.207459, "11": 0.340501, "12": 0.203918, "13": 0.338303, "14": 0.217263, "15": 0.201767, "16": 0.212091, "17": 0.0, "18": 0.049994, "19": 9.9e-05, "20": 0.041403, "21": 0.000506, "22": 0.024908, "23": 0.005472, "24": 0.031239, "25": 0.008474, "26": 0.01317, "27": 0.193016, "28": 0.014089, "29": 0.161158, "30": 0.020931, "31": 0.077335, "32": 0.032226, "33": 0.033953, "34": 0.051733, "35": 0.036767, "36": 0.090082, "37": 0.066441, "38": 0.08617, "39": 0.480405, "40": 0.181534, "41": 0.050079}, "types": {"0": 1, "1": 2, "2": 1, "3": 2, "4": 1, "5": 2, "6": 2, "7": 1, "8": 2, "9": 2, "10": 1, "11": 2, "12": 1, "13": 2, "14": 2, "15": 1, "16": 2, "17": 0, "18": 1, "19": 0, "20": 1, "21": 0, "22": 1, "23": 0, "24": 1, "25": 0, "26": 0, "27": 1, "28": 0, "29": 1, "30": 0, "31": 1, "32": 0, "33": 0, "34": 1, "35": 0, "36": 1, "37": 0, "38": 1, "39": 1, "40": 1, "41": 1}, "xs": {"0": 60.0, "1": 57.0, "2": 62.0, "3": 61.0, "4": 63.0, "5": 62.0, "6": 63.0, "7": 62.0, "8": 62.0, "9": 62.0, "10": 56.0, "11": 58.0, "12": 64.0, "13": 67.0, "14": 56.0, "15": 70.0, "16": 70.0, "17": 63.0, "18": 75.0, "19": 0.0, "20": 39.0, "21": 98.0, "22": 84.0, "23": 71.0, "24": 80.0, "25": 75.0, "26": 47.0, "27": 43.0, "28": 69.0, "29": 73.0, "30": 56.0, "31": 50.0, "32": 58.0, "33": 67.0, "34": 67.0, "35": 68.0, "36": 70.0, "37": 59.0, "38": 55.0, "39": 64.0, "40": 61.0, "41": 41.0}, "ys": {"0": 138.0, "1": 154.0, "2": 120.0, "3": 128.0, "4": 107.0, "5": 106.0, "6": 108.0, "7": 98.0, "8": 91.0, "9": 118.0, "10": 42.0, "11": 51.0, "12": 54.0, "13": 51.0, "14": 41.0, "15": 42.0, "16": 41.0, "17": 37.0, "18": 0.0, "19": 147.0, "20": 82.0, "21": 152.0, "22": 126.0, "23": 109.0, "24": 110.0, "25": 127.0, "26": 150.0, "27": 149.0, "28": 156.0, "29": 154.0, "30": 127.0, "31": 126.0, "32": 57.0, "33": 108.0, "34": 109.0, "35": 126.0, "36": 126.0, "37": 117.0, "38": 117.0, "39": 114.0, "40": 53.0, "41": 0.0}, "zs": {"0": 0.0, "1": 0.0, "2": 0.0, "3": 0.0, "4": 0.0, "5": 0.0, "6": 0.0, "7": 0.0, "8": 0.0, "9": 0.0, "10": 0.0, "11": 0.0, "12": 0.0, "13": 0.0, "14": 0.0, "15": 0.0, "16": 0.0, "17": 0.0, "18": 0.0, "19": 0.0, "20": 0.0, "21": 0.0, "22": 0.0, "23": 0.0, "24": 0.0, "25": 0.0, "26": 0.0, "27": 0.0, "28": 0.0, "29": 0.0, "30": 0.0, "31": 0.0, "32": 0.0, "33": 0.0, "34": 0.0, "35": 0.0, "36": 0.0, "37": 0.0, "38": 0.0, "39": 0.0, "40": 0.0, "41": 0.0}, "vizPos": {"0": [0.5, 0.368006], "1": [0.5, 0.762679], "2": [0.2692307692307693, 0.494061], "3": [0.2692307692307693, 0.700926], "4": [0.25, 0.562904], "5": [0.25, 0.606624], "6": [0.24038461538461542, 0.594839], "7": [0.23076923076923078, 0.556656], "8": [0.23076923076923078, 0.567766], "9": [0.3076923076923077, 0.528055], "10": [0.03846153846153849, 0.207459], "11": [0.03846153846153849, 0.340501], "12": [0.5, 0.203918], "13": [0.8076923076923077, 0.338303], "14": [0.0, 0.217263], "15": [0.5, 0.201767], "16": [0.8846153846153846, 0.212091], "17": [0.5, 0.0], "18": [0.5, 0.049994], "19": [0.5769230769230769, 9.9e-05], "20": [0.5769230769230769, 0.041403], "21": [0.38461538461538464, 0.000506], "22": [0.38461538461538464, 0.024908], "23": [0.4230769230769231, 0.005472], "24": [0.4230769230769231, 0.031239], "25": [0.40384615384615385, 0.008474], "26": [0.11538461538461547, 0.01317], "27": [0.5, 0.193016], "28": [0.19230769230769235, 0.014089], "29": [0.5, 0.161158], "30": [0.34615384615384615, 0.020931], "31": [0.5, 0.077335], "32": [0.5384615384615384, 0.032226], "33": [0.6538461538461539, 0.033953], "34": [0.5, 0.051733], "35": [0.7307692307692307, 0.036767], "36": [0.5, 0.090082], "37": [0.9615384615384615, 0.066441], "38": [0.5, 0.08617], "39": [0.2692307692307693, 0.480405], "40": [0.5, 0.181534], "41": [0.5, 0.050079]}, "vizEdgeSegments": [[[0.5, 0.0], [0.5, 0.0], [0.5, 0.762679]], [[0.5, 0.368006], [0.2692307692307693, 0.368006], [0.2692307692307693, 0.700926]], [[0.2692307692307693, 0.494061], [0.3076923076923077, 0.494061], [0.3076923076923077, 0.528055]], [[0.2692307692307693, 0.480405], [0.23076923076923078, 0.480405], [0.23076923076923078, 0.567766]], [[0.23076923076923078, 0.556656], [0.25, 0.556656], [0.25, 0.606624]], [[0.25, 0.562904], [0.24038461538461542, 0.562904], [0.24038461538461542, 0.594839]], [[0.5, 0.203918], [0.8076923076923077, 0.203918], [0.8076923076923077, 0.338303]], [[0.5, 0.201767], [0.8846153846153846, 0.201767], [0.8846153846153846, 0.212091]], [[0.5, 0.193016], [0.11538461538461547, 0.193016], [0.11538461538461547, 0.01317]], [[0.5, 0.181534], [0.03846153846153849, 0.181534], [0.03846153846153849, 0.340501]], [[0.03846153846153849, 0.207459], [0.0, 0.207459], [0.0, 0.217263]], [[0.5, 0.161158], [0.19230769230769235, 0.161158], [0.19230769230769235, 0.014089]], [[0.5, 0.090082], [0.7307692307692307, 0.090082], [0.7307692307692307, 0.036767]], [[0.5, 0.08617], [0.9615384615384615, 0.08617], [0.9615384615384615, 0.066441]], [[0.5, 0.077335], [0.34615384615384615, 0.077335], [0.34615384615384615, 0.020931]], [[0.5, 0.051733], [0.6538461538461539, 0.051733], [0.6538461538461539, 0.033953]], [[0.5, 0.050079], [0.5769230769230769, 0.050079], [0.5769230769230769, 9.9e-05]], [[0.5769230769230769, 0.041403], [0.5384615384615384, 0.041403], [0.5384615384615384, 0.032226]], [[0.5, 0.049994], [0.4230769230769231, 0.049994], [0.4230769230769231, 0.005472]], [[0.4230769230769231, 0.031239], [0.38461538461538464, 0.031239], [0.38461538461538464, 0.000506]], [[0.38461538461538464, 0.024908], [0.40384615384615385, 0.024908], [0.40384615384615385, 0.008474]]], "vizSegmentNodeIds": [[17, 18, 41, 34, 31, 38, 36, 29, 40, 27, 15, 12, 0, 1], [0, 39, 2, 3], [2, 9], [39, 7, 8], [7, 4, 5], [4, 6], [12, 13], [15, 16], [27, 26], [40, 10, 11], [10, 14], [29, 28], [36, 35], [38, 37], [31, 30], [34, 33], [41, 20, 19], [20, 32], [18, 24, 23], [24, 22, 21], [22, 25]], "branches": [{"nodes": [17, 18, 41, 34, 31, 38, 36, 29, 40, 27, 15, 12, 0, 1], "parentBranch": -1, "mode": "up", "depth": 0}, {"nodes": [0, 39, 2, 3], "parentBranch": 0, "mode": "up", "depth": 1}, {"nodes": [2, 9], "parentBranch": 1, "mode": "up", "depth": 2}, {"nodes": [39, 7, 8], "parentBranch": 1, "mode": "up", "depth": 2}, {"nodes": [7, 4, 5], "parentBranch": 3, "mode": "up", "depth": 3}, {"nodes": [4, 6], "parentBranch": 4, "mode": "up", "depth": 4}, {"nodes": [12, 13], "parentBranch": 0, "mode": "up", "depth": 1}, {"nodes": [15, 16], "parentBranch": 0, "mode": "up", "depth": 1}, {"nodes": [27, 26], "parentBranch": 0, "mode": "down", "depth": 1}, {"nodes": [40, 10, 11], "parentBranch": 0, "mode": "up", "depth": 1}, {"nodes": [10, 14], "parentBranch": 9, "mode": "up", "depth": 2}, {"nodes": [29, 28], "parentBranch": 0, "mode": "down", "depth": 1}, {"nodes": [36, 35], "parentBranch": 0, "mode": "down", "depth": 1}, {"nodes": [38, 37], "parentBranch": 0, "mode": "down", "depth": 1}, {"nodes": [31, 30], "parentBranch": 0, "mode": "down", "depth": 1}, {"nodes": [34, 33], "parentBranch": 0, "mode": "down", "depth": 1}, {"nodes": [41, 20, 19], "parentBranch": 0, "mode": "down", "depth": 1}, {"nodes": [20, 32], "parentBranch": 16, "mode": "down", "depth": 2}, {"nodes": [18, 24, 23], "parentBranch": 0, "mode": "down", "depth": 1}, {"nodes": [24, 22, 21], "parentBranch": 18, "mode": "down", "depth": 2}, {"nodes": [22, 25],