{"nodes": [0, 1, 2, 3, 4, 5, 6, 7, 8, 9, 10, 11, 12, 13, 14, 15, 16, 17, 18, 19, 20, 21, 22, 23, 24, 25, 26, 27, 28, 29, 30, 31, 32, 33, 34, 35, 36, 37, 38, 39, 40, 41], "edges": [[0, 1], [0, 38], [0, 12], [2, 3], [2, 9], [2, 38], [4, 5], [4, 6], [4, 7], [7, 8], [7, 38], [10, 11], [10, 14], [10, 39], [12, 13], [12, 15], [15, 16], [15, 32], [17, 18], [18, 40], [18, 41], [19, 20], [20, 35], [20, 41], [21, 22], [22, 23], [22, 40], [24, 25], [25, 28], [25, 40], [26, 27], [27, 34], [27, 37], [29, 30], [30, 37], [30, 39], [31, 32], [32, 39], [33, 34], [34, 41], [36, 37]], "heights": {"0": 0.382209, "1": 0.770347, "2": 0.508287, "3": 0.718078, "4": 0.583375, "5": 0.597572, "6": 0.594797, "7": 0.550385, "8": 0.580479, "9": 0.541658, "10": 0.207275, "11": 0.340139, "12": 0.203093, "13": 0.337757, "14": 0.217152, "15": 0.201835, "16": 0.212265, "17": 0.0, "18": 0.050005, "19": 0.000241, "20": 0.041148, "21": 0.000615, "22": 0.02871, "23": 0.001188, "24": 0.007097, "25": 0.02967, "26": 0.009444, "27": 0.07401, "28": 0.011021, "29": 0.024272, "30": 0.163364, "31": 0.027158, "32": 0.188047, "33": 0.031657, "34": 0.067688, "35": 0.032325, "36": 0.046473, "37": 0.078059, "38": 0.506406, "39": 0.181093, "40": 0.033268, "41": 0.050047}, "types": {"0": 1, "1": 2, "2": 1, "3": 2, "4": 1, "5": 2, "6": 2, "7": 1, "8": 2, "9": 2, "10": 1, "11": 2, "12": 1, "13": 2, "14": 2, "15": 1, "16": 2, "17": 0, "18": 1, "19": 0, "20": 1, "21": 0, "22": 1, "23": 0, "24": 0, "25": 1, "26": 0, "27": 1, "28": 0, "29": 0, "30": 1, "31": 0, "32": 1, "33": 0, "34": 1, "35": 0, "36": 0, "37": 1, "38": 1, "39": 1, "40": 1, "41": 1}, "xs": {"0": 60.0, "1": 58.0, "2": 61.0, "3": 62.0, "4": 62.0, "5": 62.0, "6": 63.0, "7": 62.0, "8": 62.0, "9": 63.0, "10": 56.0, "11": 58.0, "12": 64.0, "13": 67.0, "14": 56.0, "15": 70.0, "16": 70.0, "17": 63.0, "18": 89.0, "19": 6.0, "20": 39.0, "21": 99.0, "22": 82.0, "23": 73.0, "24": 70.0, "25": 68.0, "26": 55.0, "27": 48.0, "28": 67.0, "29": 69.0, "30": 74.0, "31": 47.0, "32": 44.0, "33": 68.0, "34": 70.0, "35": 58.0, "36": 59.0, "37": 54.0, "38": 64.0, "39": 61.0, "40": 81.0, "41": 50.0}, "ys": {"0": 138.0, "1": 154.0, "2": 119.0, "3": 128.0, "4": 106.0, "5": 105.0, "6": 108.0, "7": 99.0, "8": 93.0, "9": 115.0, "10": 42.0, "11": 51.0, "12": 54.0, "13": 51.0, "14": 41.0, "15": 42.0, "16": 41.0, "17": 37.0, "18": 0.0, "19": 148.0, "20": 83.0, "21": 152.0, "22": 127.0, "23": 127.0, "24": 108.0, "25": 108.0, "26": 129.0, "27": 126.0, "28": 108.0, "29": 157.0, "30": 154.0, "31": 152.0, "32": 152.0, "33": 127.0, "34": 127.0, "35": 57.0, "36": 115.0, "37": 114.0, "38": 114.0, "39": 53.0, "40": 107.0, "41": 0.0}, "zs": {"0": 0.0, "1": 0.0, "2": 0.0, "3": 0.0, "4": 0.0, "5": 0.0, "6": 0.0, "7": 0.0, "8": 0.0, "9": 0.0, "10": 0.0, "11": 0.0, "12": 0.0, "13": 0.0, "14": 0.0, "15": 0.0, "16": 0.0, "17": 0.0, "18": 0.0, "19": 0.0, "20": 0.0, "21": 0.0, "22": 0.0, "23": 0.0, "24": 0.0, "25": 0.0, "26": 0.0, "27": 0.0, "28": 0.0, "29": 0.0, "30": 0.0, "31": 0.0, "32": 0.0, "33": 0.0, "34": 0.0, "35": 0.0, "36": 0.0, "37": 0.0, "38": 0.0, "39": 0.0, "40": 0.0, "41": 0.0}, "vizPos": {"0": [0.5, 0.382209], "1": [0.5, 0.770347], "2": [0.03846153846153849, 0.508287], "3": [0.03846153846153849, 0.718078], "4": [0.019230769230769218, 0.583375], "5": [0.019230769230769218, 0.597572], "6": [0.009615384615384692, 0.594797], "7": [0.0, 0.550385], "8": [0.0, 0.580479], "9": [0.07692307692307698, 0.541658], "10": [0.19230769230769235, 0.207275], "11": [0.19230769230769235, 0.340139], "12": [0.5, 0.203093], "13": [0.8846153846153846, 0.337757], "14": [0.1538461538461539, 0.217152], "15": [0.5, 0.201835], "16": [0.11538461538461547, 0.212265], "17": [0.5, 0.0], "18": [0.5, 0.050005], "19": [0.5769230769230769, 0.000241], "20": [0.5769230769230769, 0.041148], "21": [0.4230769230769231, 0.000615], "22": [0.4230769230769231, 0.02871], "23": [0.46153846153846156, 0.001188], "24": [0.38461538461538464, 0.007097], "25": [0.38461538461538464, 0.02967], "26": [0.6538461538461539, 0.009444], "27": [0.5, 0.07401], "28": [0.40384615384615385, 0.011021], "29": [0.7307692307692307, 0.024272], "30": [0.5, 0.163364], "31": [0.8076923076923077, 0.027158], "32": [0.5, 0.188047], "33": [0.34615384615384615, 0.031657], "34": [0.5, 0.067688], "35": [0.5384615384615384, 0.032325], "36": [0.2692307692307693, 0.046473], "37": [0.5, 0.078059], "38": [0.03846153846153849, 0.506406], "39": [0.5, 0.181093], "40": [0.4230769230769231, 0.033268], "41": [0.5, 0.050047]}, "vizEdgeSegments": [[[0.5, 0.0], [0.5, 0.0], [0.5, 0.770347]], [[0.5, 0.382209], [0.03846153846153849, 0.382209], [0.03846153846153849, 0.718078]], [[0.03846153846153849, 0.508287], [0.07692307692307698, 0.508287], [0.07692307692307698, 0.541658]], [[0.03846153846153849, 0.506406], [0.0, 0.506406], [0.0, 0.580479]], [[0.0, 0.550385], [0.019230769230769218, 0.550385], [0.019230769230769218, 0.597572]], [[0.019230769230769218, 0.583375], [0.009615384615384692, 0.583375], [0.009615384615384692, 0.594797]], [[0.5, 0.203093], [0.8846153846153846, 0.203093], [0.8846153846153846, 0.337757]], [[0.5, 0.201835], [0.11538461538461547, 0.201835], [0.11538461538461547, 0.212265]], [[0.5, 0.188047], [0.8076923076923077, 0.188047], [0.8076923076923077, 0.027158]], [[0.5, 0.181093], [0.19230769230769235, 0.181093], [0.19230769230769235, 0.340139]], [[0.19230769230769235, 0.207275], [0.1538461538461539, 0.207275], [0.1538461538461539, 0.217152]], [[0.5, 0.163364], [0.7307692307692307, 0.163364], [0.7307692307692307, 0.024272]], [[0.5, 0.078059], [0.2692307692307693, 0.078059], [0.2692307692307693, 0.046473]], [[0.5, 0.07401], [0.6538461538461539, 0.07401], [0.6538461538461539, 0.009444]], [[0.5, 0.067688], [0.34615384615384615, 0.067688], [0.34615384615384615, 0.031657]], [[0.5, 0.050047], [0.5769230769230769, 0.050047], [0.5769230769230769, 0.000241]], [[0.5769230769230769, 0.041148], [0.5384615384615384, 0.041148], [0.5384615384615384, 0.032325]], [[0.5, 0.050005], [0.4230769230769231, 0.050005], [0.4230769230769231, 0.000615]], [[0.4230769230769231, 0.02871], [0.46153846153846156, 0.02871], [0.46153846153846156, 0.001188]], [[0.4230769230769231, 0.033268], [0.38461538461538464, 0.033268], [0.38461538461538464, 0.007097]], [[0.38461538461538464, 0.02967], [0.40384615384615385, 0.02967], [0.40384615384615385, 0.011021]]], "vizSegmentNodeIds": [[17, 18, 41, 34, 27, 37, 30, 39, 32, 15, 12, 0, 1], [0, 38, 2, 3], [2, 9], [38, 7, 8], [7, 4, 5], [4, 6], [12, 13], [15, 16], [32, 31], [39, 10, 11], [10, 14], [30, 29], [37, 36], [27, 26], [34, 33], [41, 20, 19], [20, 35], [18, 40, 22, 21], [22, 23], [40, 25, 24], [25, 28]], "branches": [{"nodes": [17, 18, 41, 34, 27, 37, 30, 39, 32, 15, 12, 0, 1], "parentBranch": -1, "mode": "up", "depth": 0}, {"nodes": [0, 38, 2, 3], "parentBranch": 0, "mode": "up", "depth": 1}, {"nodes": [2, 9], "parentBranch": 1, "mode": "up", "depth": 2}, {"nodes": [38, 7, 8], "parentBranch": 1, "mode": "up", "depth": 2}, {"nodes": [7, 4, 5], "parentBranch": 3, "mode": "up", "depth": 3}, {"nodes": [4, 6], "parentBranch": 4, "mode": "up", "depth": 4}, {"nodes": [12, 13], "parentBranch": 0, "mode": "up", "depth": 1}, {"nodes": [15, 16], "parentBranch": 0, "mode": "up", "depth": 1}, {"nodes": [32, 31], "parentBranch": 0, "mode": "down", "depth": 1}, {"nodes": [39, 10, 11], "parentBranch": 0, "mode": "up", "depth": 1}, {"nodes": [10, 14], "parentBranch": 9, "mode": "up", "depth": 2}, {"nodes": [30, 29], "parentBranch": 0, "mode": "down", "depth": 1}, {"nodes": [37, 36], "parentBranch": 0, "mode": "down", "depth": 1}, {"nodes": [27, 26], "parentBranch": 0, "mode": "down", "depth": 1}, {"nodes": [34, 33], "parentBranch": 0, "mode": "down", "depth": 1}, {"nodes": [41, 20, 19], "parentBranch": 0, "mode": "down", "depth": 1}, {"nodes": [20, 35], "parentBranch": 15, "mode": "down", "depth": 2}, {"nodes": [18, 40, 22, 21], "parentBranch": 0, "mode": "down", "depth": 1}, {"nodes": [22, 23], "parentBranch": 17, "mode": "down", "depth": 2}, {"nodes": [40, 25, 24],