{"nodes": [0, 1, 2, 3, 4, 5, 6, 7, 8, 9, 10, 11, 12, 13, 14, 15, 16, 17, 18, 19, 20, 21, 22, 23, 24, 25, 26, 27, 28, 29, 30, 31, 32, 33, 34, 35, 36, 37], "edges": [[0, 1], [0, 34], [0, 35], [2, 3], [2, 7], [2, 34], [4, 5], [4, 6], [4, 34], [8, 9], [8, 12], [8, 35], [10, 11], [10, 13], [10, 36], [14, 15], [15, 24], [15, 37], [16, 17], [17, 29], [17, 37], [18, 19], [19, 20], [19, 24], [21, 22], [22, 36], [22, 33], [23, 24], [25, 26], [26, 35], [26, 36], [27, 28], [28, 37], [28, 31], [30, 31], [31, 33], [32, 33]], "heights": {"0": 0.380295, "1": 0.764293, "2": 0.54156, "3": 0.717179, "4": 0.584151, "5": 0.608206, "6": 0.595669, "7": 0.553817, "8": 0.207496, "9": 0.340523, "10": 0.20181, "11": 0.338216, "12": 0.217296, "13": 0.212133, "14": 0.0, "15": 0.050005, "16": 0.0001, "17": 0.041433, "18": 0.00028, "19": 0.025489, "20": 0.005789, "21": 0.00625, "22": 0.158885, "23": 0.008072, "24": 0.034338, "25": 0.01101, "26": 0.194105, "27": 0.014988, "28": 0.073584, "29": 0.032051, "30": 0.034912, "31": 0.084204, "32": 0.068595, "33": 0.091912, "34": 0.530197, "35": 0.203944, "36": 0.181836, "37": 0.050053}, "types": {"0": 1, "1": 2, "2": 1, "3": 2, "4": 1, "5": 2, "6": 2, "7": 2, "8": 1, "9": 2, "10": 1, "11": 2, "12": 2, "13": 2, "14": 0, "15": 1, "16": 0, "17": 1, "18": 0, "19": 1, "20": 0, "21": 0, "22": 1, "23": 0, "24": 1, "25": 0, "26": 1, "27": 0, "28": 1, "29": 0, "30": 0, "31": 1, "32": 0, "33": 1, "34": 1, "35": 1, "36": 1, "37": 1}, "xs": {"0": 65.0, "1": 67.0, "2": 63.0, "3": 63.0, "4": 63.0, "5": 63.0, "6": 62.0, "7": 62.0, "8": 70.0, "9": 67.0, "10": 56.0, "11": 58.0, "12": 70.0, "13": 56.0, "14": 63.0, "15": 44.0, "16": 122.0, "17": 82.0, "18": 27.0, "19": 41.0, "20": 51.0, "21": 56.0, "22": 52.0, "23": 56.0, "24": 47.0, "25": 78.0, "26": 82.0, "27": 71.0, "28": 77.0, "29": 67.0, "30": 57.0, "31": 55.0, "32": 66.0, "33": 69.0, "34": 61.0, "35": 64.0, "36": 61.0, "37": 113.0}, "ys": {"0": 138.0, "1": 153.0, "2": 119.0, "3": 126.0, "4": 107.0, "5": 105.0, "6": 108.0, "7": 115.0, "8": 42.0, "9": 51.0, "10": 42.0, "11": 51.0, "12": 41.0, "13": 41.0, "14": 37.0, "15": 0.0, "16": 147.0, "17": 82.0, "18": 152.0, "19": 127.0, "20": 127.0, "21": 156.0, "22": 154.0, "23": 108.0, "24": 107.0, "25": 151.0, "26": 150.0, "27": 129.0, "28": 126.0, "29": 57.0, "30": 126.0, "31": 126.0, "32": 116.0, "33": 115.0, "34": 113.0, "35": 54.0, "36": 53.0, "37": 0.0}, "zs": {"0": 0.0, "1": 0.0, "2": 0.0, "3": 0.0, "4": 0.0, "5": 0.0, "6": 0.0, "7": 0.0, "8": 0.0, "9": 0.0, "10": 0.0, "11": 0.0, "12": 0.0, "13": 0.0, "14": 0.0, "15": 0.0, "16": 0.0, "17": 0.0, "18": 0.0, "19": 0.0, "20": 0.0, "21": 0.0, "22": 0.0, "23": 0.0, "24": 0.0, "25": 0.0, "26": 0.0, "27": 0.0, "28": 0.0, "29": 0.0, "30": 0.0, "31": 0.0, "32": 0.0, "33": 0.0, "34": 0.0, "35": 0.0, "36": 0.0, "37": 0.0}, "vizPos": {"0": [0.5, 0.380295], "1": [0.5, 0.764293], "2": [0.09090909090909094, 0.54156], "3": [0.09090909090909094, 0.717179], "4": [0.04545454545454547, 0.584151], "5": [0.04545454545454547, 0.608206], "6": [0.0, 0.595669], "7": [0.1136363636363637, 0.553817], "8": [0.9545454545454546, 0.207496], "9": [0.9545454545454546, 0.340523], "10": [0.16435406698564592, 0.20181], "11": [0.16435406698564592, 0.338216], "12": [0.909090909090909, 0.217296], "13": [0.1188995215311005, 0.212133], "14": [0.5, 0.0], "15": [0.5, 0.050005], "16": [0.40909090909090906, 0.0001], "17": [0.40909090909090906, 0.041433], "18": [0.5454545454545454, 0.00028], "19": [0.5454545454545454, 0.025489], "20": [0.5681818181818181, 0.005789], "21": [0.7727272727272727, 0.00625], "22": [0.5, 0.158885], "23": [0.5909090909090909, 0.008072], "24": [0.5909090909090909, 0.034338], "25": [0.8636363636363636, 0.01101], "26": [0.5, 0.194105], "27": [0.6818181818181819, 0.014988], "28": [0.5, 0.073584], "29": [0.36363636363636365, 0.032051], "30": [0.3181818181818182, 0.034912], "31": [0.5, 0.084204], "32": [0.22727272727272724, 0.068595], "33": [0.5, 0.091912], "34": [0.04545454545454547, 0.530197], "35": [0.5, 0.203944], "36": [0.5, 0.181836], "37": [0.5, 0.050053]}, "vizEdgeSegments": [[[0.5, 0.0], [0.5, 0.0], [0.5, 0.764293]], [[0.5, 0.380295], [0.04545454545454547, 0.380295], [0.04545454545454547, 0.608206]], [[0.04545454545454547, 0.584151], [0.0, 0.584151], [0.0, 0.595669]], [[0.04545454545454547, 0.530197], [0.09090909090909094, 0.530197], [0.09090909090909094, 0.717179]], [[0.09090909090909094, 0.54156], [0.1136363636363637, 0.54156], [0.1136363636363637, 0.553817]], [[0.5, 0.203944], [0.9545454545454546, 0.203944], [0.9545454545454546, 0.340523]], [[0.9545454545454546, 0.207496], [0.909090909090909, 0.207496], [0.909090909090909, 0.217296]], [[0.5, 0.194105], [0.8636363636363636, 0.194105], [0.8636363636363636, 0.01101]], [[0.5, 0.181836], [0.16435406698564592, 0.181836], [0.16435406698564592, 0.338216]], [[0.16435406698564592, 0.20181], [0.1188995215311005, 0.20181], [0.1188995215311005, 0.212133]], [[0.5, 0.158885], [0.7727272727272727, 0.158885], [0.7727272727272727, 0.00625]], [[0.5, 0.091912], [0.22727272727272724, 0.091912], [0.22727272727272724, 0.068595]], [[0.5, 0.084204], [0.3181818181818182, 0.084204], [0.3181818181818182, 0.034912]], [[0.5, 0.073584], [0.6818181818181819, 0.073584], [0.6818181818181819, 0.014988]], [[0.5, 0.050053], [0.40909090909090906, 0.050053], [0.40909090909090906, 0.0001]], [[0.40909090909090906, 0.041433], [0.36363636363636365, 0.041433], [0.36363636363636365, 0.032051]], [[0.5, 0.050005], [0.5909090909090909, 0.050005], [0.5909090909090909, 0.008072]], [[0.5909090909090909, 0.034338], [0.5454545454545454, 0.034338], [0.5454545454545454, 0.00028]], [[0.5454545454545454, 0.025489], [0.5681818181818181, 0.025489], [0.5681818181818181, 0.005789]]], "vizSegmentNodeIds": [[14, 15, 37, 28, 31, 33, 22, 36, 26, 35, 0, 1], [0, 34, 4, 5], [4, 6], [34, 2, 3], [2, 7], [35, 8, 9], [8, 12], [26, 25], [36, 10, 11], [10, 13], [22, 21], [33, 32], [31, 30], [28, 27], [37, 17, 16], [17, 29], [15, 24, 23], [24, 19, 18], [19, 20]], "branches": [{"nodes": [14, 15, 37, 28, 31, 33, 22, 36, 26, 35, 0, 1], "parentBranch": -1, "mode": "up", "depth": 0}, {"nodes": [0, 34, 4, 5], "parentBranch": 0, "mode": "up", "depth": 1}, {"nodes": [4, 6], "parentBranch": 1, "mode": "up", "depth": 2}, {"nodes": [34, 2, 3], "parentBranch": 1, "mode": "up", "depth": 2}, {"nodes": [2, 7], "parentBranch": 3, "mode": "up", "depth": 3}, {"nodes": [35, 8, 9], "parentBranch": 0, "mode": "up", "depth": 1}, {"nodes": [8, 12], "parentBranch": 5, "mode": "up", "depth": 2}, {"nodes": [26, 25], "parentBranch": 0, "mode": "down", "depth": 1}, {"nodes": [36, 10, 11], "parentBranch": 0, "mode": "up", "depth": 1}, {"nodes": [10, 13], "parentBranch": 8, "mode": "up", "depth": 2}, {"nodes": [22, 21], "parentBranch": 0, "mode": "down", "depth": 1}, {"nodes": [33, 32], "parentBranch": 0, "mode": "down", "depth": 1}, {"nodes": [31, 30], "parentBranch": 0, "mode": "down", "depth": 1}, {"nodes": [28, 27], "parentBranch": 0, "mode": "down", "depth": 1}, {"nodes": [37, 17, 16], "parentBranch": 0, "mode": "down", "depth": 1}, {"nodes": [17, 29], "parentBranch": 14, "mode": "down", "depth": 2}, {"nodes": [15, 24, 23], "parentBranch": 0, "mode": "down", "depth": 1}, {"nodes": [24, 19, 18], "parentBranch": 16, "mode": "down", "depth": 2}, {"nodes": [19, 20], "parentBranch": 17, "mode": "down", "depth": 3}]}