{"nodes": [0, 1, 2, 3, 4, 5, 6, 7, 8, 9, 10, 11, 12, 13, 14, 15, 16, 17, 18, 19, 20, 21, 22, 23, 24, 25, 26, 27, 28, 29, 30, 31, 32, 33, 34, 35, 36, 37, 38, 39, 40, 41, 42, 43], "edges": [[0, 1], [0, 40], [0, 41], [2, 3], [2, 7], [2, 8], [4, 5], [4, 6], [4, 40], [8, 9], [8, 40], [10, 11], [10, 14], [10, 41], [12, 13], [12, 15], [12, 42], [16, 17], [17, 35], [17, 43], [18, 19], [19, 33], [19, 23], [20, 21], [21, 29], [21, 25], [22, 23], [23, 43], [24, 25], [25, 35], [26, 27], [27, 42], [27, 39], [28, 29], [29, 32], [30, 31], [31, 41], [31, 42], [34, 35], [36, 37], [37, 43], [37, 39], [38, 39]], "heights": {"0": 0.383842, "1": 0.769128, "2": 0.575153, "3": 0.648922, "4": 0.567447, "5": 0.603319, "6": 0.588395, "7": 0.587041, "8": 0.542445, "9": 0.552086, "10": 0.20682, "11": 0.33967, "12": 0.202013, "13": 0.337915, "14": 0.216734, "15": 0.212459, "16": 0.0, "17": 0.050011, "18": 0.000172, "19": 0.041257, "20": 0.000591, "21": 0.03053, "22": 0.003947, "23": 0.045057, "24": 0.009692, "25": 0.035028, "26": 0.011733, "27": 0.158406, "28": 0.014084, "29": 0.023718, "30": 0.015198, "31": 0.190149, "32": 0.015622, "33": 0.03231, "34": 0.033716, "35": 0.044933, "36": 0.034994, "37": 0.058948, "38": 0.101559, "39": 0.117825, "40": 0.516582, "41": 0.203974, "42": 0.180738, "43": 0.050044}, "types": {"0": 1, "1": 2, "2": 1, "3": 2, "4": 1, "5": 2, "6": 2, "7": 2, "8": 1, "9": 2, "10": 1, "11": 2, "12": 1, "13": 2, "14": 2, "15": 2, "16": 0, "17": 1, "18": 0, "19": 1, "20": 0, "21": 1, "22": 0, "23": 1, "24": 0, "25": 1, "26": 0, "27": 1, "28": 0, "29": 1, "30": 0, "31": 1, "32": 0, "33": 0, "34": 0, "35": 1, "36": 0, "37": 1, "38": 0, "39": 1, "40": 1, "41": 1, "42": 1, "43": 1}, "xs": {"0": 66.0, "1": 66.0, "2": 62.0, "3": 63.0, "4": 63.0, "5": 63.0, "6": 62.0, "7": 63.0, "8": 63.0, "9": 62.0, "10": 70.0, "11": 67.0, "12": 56.0, "13": 58.0, "14": 70.0, "15": 56.0, "16": 63.0, "17": 48.0, "18": 116.0, "19": 83.0, "20": 25.0, "21": 44.0, "22": 75.0, "23": 83.0, "24": 56.0, "25": 48.0, "26": 55.0, "27": 51.0, "28": 56.0, "29": 55.0, "30": 77.0, "31": 80.0, "32": 54.0, "33": 67.0, "34": 58.0, "35": 58.0, "36": 70.0, "37": 72.0, "38": 66.0, "39": 67.0, "40": 62.0, "41": 64.0, "42": 61.0, "43": 90.0}, "ys": {"0": 138.0, "1": 154.0, "2": 126.0, "3": 121.0, "4": 107.0, "5": 105.0, "6": 108.0, "7": 128.0, "8": 115.0, "9": 114.0, "10": 42.0, "11": 51.0, "12": 42.0, "13": 51.0, "14": 41.0, "15": 41.0, "16": 37.0, "17": 0.0, "18": 148.0, "19": 81.0, "20": 151.0, "21": 125.0, "22": 126.0, "23": 124.0, "24": 108.0, "25": 107.0, "26": 156.0, "27": 153.0, "28": 129.0, "29": 129.0, "30": 152.0, "31": 150.0, "32": 126.0, "33": 57.0, "34": 121.0, "35": 122.0, "36": 124.0, "37": 125.0, "38": 114.0, "39": 113.0, "40": 112.0, "41": 54.0, "42": 53.0, "43": 0.0}, "zs": {"0": 0.0, "1": 0.0, "2": 0.0, "3": 0.0, "4": 0.0, "5": 0.0, "6": 0.0, "7": 0.0, "8": 0.0, "9": 0.0, "10": 0.0, "11": 0.0, "12": 0.0, "13": 0.0, "14": 0.0, "15": 0.0, "16": 0.0, "17": 0.0, "18": 0.0, "19": 0.0, "20": 0.0, "21": 0.0, "22": 0.0, "23": 0.0, "24": 0.0, "25": 0.0, "26": 0.0, "27": 0.0, "28": 0.0, "29": 0.0, "30": 0.0, "31": 0.0, "32": 0.0, "33": 0.0, "34": 0.0, "35": 0.0, "36": 0.0, "37": 0.0, "38": 0.0, "39": 0.0, "40": 0.0, "41": 0.0, "42": 0.0, "43": 0.0}, "vizPos": {"0": [0.5, 0.383842], "1": [0.5, 0.769128], "2": [0.1136363636363637, 0.575153], "3": [0.1136363636363637, 0.648922], "4": [0.04545454545454547, 0.567447], "5": [0.04545454545454547, 0.603319], "6": [0.0, 0.588395], "7": [0.10227272727272729, 0.587041], "8": [0.09090909090909094, 0.542445], "9": [0.09090909090909094, 0.552086], "10": [0.3181818181818182, 0.20682], "11": [0.3181818181818182, 0.33967], "12": [0.7727272727272727, 0.202013], "13": [0.7727272727272727, 0.337915], "14": [0.2727272727272727, 0.216734], "15": [0.7272727272727273, 0.212459], "16": [0.5, 0.0], "17": [0.5, 0.050011], "18": [0.36363636363636365, 0.000172], "19": [0.36363636363636365, 0.041257], "20": [0.5681818181818181, 0.000591], "21": [0.5681818181818181, 0.03053], "22": [0.40909090909090906, 0.003947], "23": [0.40909090909090906, 0.045057], "24": [0.5454545454545454, 0.009692], "25": [0.5454545454545454, 0.035028], "26": [0.22727272727272724, 0.011733], "27": [0.5, 0.158406], "28": [0.5568181818181818, 0.014084], "29": [0.5568181818181818, 0.023718], "30": [0.13636363636363635, 0.015198], "31": [0.5, 0.190149], "32": [0.5625, 0.015622], "33": [0.38636363636363635, 0.03231], "34": [0.5909090909090909, 0.033716], "35": [0.5909090909090909, 0.044933], "36": [0.8636363636363636, 0.034994], "37": [0.5, 0.058948], "38": [0.6818181818181819, 0.101559], "39": [0.5, 0.117825], "40": [0.04545454545454547, 0.516582], "41": [0.5, 0.203974], "42": [0.5, 0.180738], "43": [0.5, 0.050044]}, "vizEdgeSegments": [[[0.5, 0.0], [0.5, 0.0], [0.5, 0.769128]], [[0.5, 0.383842], [0.04545454545454547, 0.383842], [0.04545454545454547, 0.603319]], [[0.04545454545454547, 0.567447], [0.0, 0.567447], [0.0, 0.588395]], [[0.04545454545454547, 0.516582], [0.09090909090909094, 0.516582], [0.09090909090909094, 0.552086]], [[0.09090909090909094, 0.542445], [0.1136363636363637, 0.542445], [0.1136363636363637, 0.648922]], [[0.1136363636363637, 0.575153], [0.10227272727272729, 0.575153], [0.10227272727272729, 0.587041]], [[0.5, 0.203974], [0.3181818181818182, 0.203974], [0.3181818181818182, 0.33967]], [[0.3181818181818182, 0.20682], [0.2727272727272727, 0.20682], [0.2727272727272727, 0.216734]], [[0.5, 0.190149], [0.13636363636363635, 0.190149], [0.13636363636363635, 0.015198]], [[0.5, 0.180738], [0.7727272727272727, 0.180738], [0.7727272727272727, 0.337915]], [[0.7727272727272727, 0.202013], [0.7272727272727273, 0.202013], [0.7272727272727273, 0.212459]], [[0.5, 0.158406], [0.22727272727272724, 0.158406], [0.22727272727272724, 0.011733]], [[0.5, 0.117825], [0.6818181818181819, 0.117825], [0.6818181818181819, 0.101559]], [[0.5, 0.058948], [0.8636363636363636, 0.058948], [0.8636363636363636, 0.034994]], [[0.5, 0.050044], [0.40909090909090906, 0.050044], [0.40909090909090906, 0.003947]], [[0.40909090909090906, 0.045057], [0.36363636363636365, 0.045057], [0.36363636363636365, 0.000172]], [[0.36363636363636365, 0.041257], [0.38636363636363635, 0.041257], [0.38636363636363635, 0.03231]], [[0.5, 0.050011], [0.5909090909090909, 0.050011], [0.5909090909090909, 0.033716]], [[0.5909090909090909, 0.044933], [0.5454545454545454, 0.044933], [0.5454545454545454, 0.009692]], [[0.5454545454545454, 0.035028], [0.5681818181818181, 0.035028], [0.5681818181818181, 0.000591]], [[0.5681818181818181, 0.03053], [0.5568181818181818, 0.03053], [0.5568181818181818, 0.014084]], [[0.5568181818181818, 0.023718], [0.5625, 0.023718], [0.5625, 0.015622]]], "vizSegmentNodeIds": [[16, 17, 43, 37, 39, 27, 42, 31, 41, 0, 1], [0, 40, 4, 5], [4, 6], [40, 8, 9], [8, 2, 3], [2, 7], [41, 10, 11], [10, 14], [31, 30], [42, 12, 13], [12, 15], [27, 26], [39, 38], [37, 36], [43, 23, 22], [23, 19, 18], [19, 33], [17, 35, 34], [35, 25, 24], [25, 21, 20], [21, 29, 28], [29, 32]], "branches": [{"nodes": [16, 17, 43, 37, 39, 27, 42, 31, 41, 0, 1], "parentBranch": -1, "mode": "up", "depth": 0}, {"nodes": [0, 40, 4, 5], "parentBranch": 0, "mode": "up", "depth": 1}, {"nodes": [4, 6], "parentBranch": 1, "mode": "up", "depth": 2}, {"nodes": [40, 8, 9], "parentBranch": 1, "mode": "up", "depth": 2}, {"nodes": [8, 2, 3], "parentBranch": 3, "mode": "up", "depth": 3}, {"nodes": [2, 7], "parentBranch": 4, "mode": "up", "depth": 4}, {"nodes": [41, 10, 11], "parentBranch": 0, "mode": "up", "depth": 1}, {"nodes": [10, 14], "parentBranch": 6, "mode": "up", "depth": 2}, {"nodes": [31, 30], "parentBranch": 0, "mode": "down", "depth": 1}, {"nodes": [42, 12, 13], "parentBranch": 0, "mode": "up", "depth": 1}, {"nodes": [12, 15], "parentBranch": 9, "mode": "up", "depth": 2}, {"nodes": [27, 26], "parentBranch": 0, "mode": "down", "depth": 1}, {"nodes": [39, 38], "parentBranch": 0, "mode": "down", "depth": 1}, {"nodes": [37, 36], "parentBranch": 0, "mode": "down",