{"nodes": [0, 1, 2, 3, 4, 5, 6, 7, 8, 9, 10, 11, 12, 13, 14, 15, 16, 17, 18, 19, 20, 21, 22, 23, 24, 25, 26, 27, 28, 29, 30, 31, 32, 33, 34, 35, 36, 37, 38, 39, 40, 41, 42, 43, 44, 45], "edges": [[0, 1], [0, 42], [0, 43], [2, 3], [2, 10], [2, 42], [4, 5], [4, 6], [4, 41], [7, 8], [7, 9], [7, 41], [11, 12], [11, 15], [11, 43], [13, 14], [13, 16], [13, 44], [17, 18], [18, 37], [18, 45], [19, 20], [20, 38], [20, 35], [21, 22], [22, 27], [22, 24], [23, 24], [24, 37], [25, 26], [26, 44], [26, 40], [28, 29], [29, 43], [29, 44], [30, 31], [31, 33], [31, 40], [32, 33], [33, 45], [34, 35], [35, 45], [36, 37], [39, 40], [41, 42]], "heights": {"0": 0.35806, "1": 0.781754, "2": 0.517975, "3": 0.660596, "4": 0.553735, "5": 0.589306, "6": 0.581736, "7": 0.542418, "8": 0.580705, "9": 0.568934, "10": 0.534546, "11": 0.207167, "12": 0.338201, "13": 0.201372, "14": 0.335768, "15": 0.216861, "16": 0.211674, "17": 0.0, "18": 0.05002, "19": 0.00018, "20": 0.041463, "21": 0.000393, "22": 0.029278, "23": 0.002672, "24": 0.031259, "25": 0.006145, "26": 0.163205, "27": 0.007868, "28": 0.012352, "29": 0.189507, "30": 0.012384, "31": 0.056414, "32": 0.012732, "33": 0.053767, "34": 0.023473, "35": 0.042425, "36": 0.026186, "37": 0.036029, "38": 0.032412, "39": 0.086192, "40": 0.107416, "41": 0.528636, "42": 0.508562, "43": 0.205088, "44": 0.178317, "45": 0.050048}, "types": {"0": 1, "1": 2, "2": 1, "3": 2, "4": 1, "5": 2, "6": 2, "7": 1, "8": 2, "9": 2, "10": 2, "11": 1, "12": 2, "13": 1, "14": 2, "15": 2, "16": 2, "17": 0, "18": 1, "19": 0, "20": 1, "21": 0, "22": 1, "23": 0, "24": 1, "25": 0, "26": 1, "27": 0, "28": 0, "29": 1, "30": 0, "31": 1, "32": 0, "33": 1, "34": 0, "35": 1, "36": 0, "37": 1, "38": 0, "39": 0, "40": 1, "41": 1, "42": 1, "43": 1, "44": 1, "45": 1}, "xs": {"0": 66.0, "1": 67.0, "2": 62.0, "3": 63.0, "4": 63.0, "5": 62.0, "6": 63.0, "7": 64.0, "8": 63.0, "9": 64.0, "10": 62.0, "11": 70.0, "12": 67.0, "13": 56.0, "14": 58.0, "15": 70.0, "16": 56.0, "17": 63.0, "18": 41.0, "19": 120.0, "20": 88.0, "21": 27.0, "22": 44.0, "23": 55.0, "24": 45.0, "25": 56.0, "26": 52.0, "27": 54.0, "28": 78.0, "29": 81.0, "30": 70.0, "31": 72.0, "32": 74.0, "33": 81.0, "34": 68.0, "35": 74.0, "36": 58.0, "37": 57.0, "38": 67.0, "39": 66.0, "40": 68.0, "41": 63.0, "42": 61.0, "43": 64.0, "44": 61.0, "45": 116.0}, "ys": {"0": 138.0, "1": 154.0, "2": 116.0, "3": 126.0, "4": 107.0, "5": 108.0, "6": 105.0, "7": 96.0, "8": 93.0, "9": 98.0, "10": 115.0, "11": 42.0, "12": 51.0, "13": 42.0, "14": 51.0, "15": 41.0, "16": 41.0, "17": 37.0, "18": 0.0, "19": 148.0, "20": 80.0, "21": 153.0, "22": 126.0, "23": 108.0, "24": 109.0, "25": 157.0, "26": 155.0, "27": 127.0, "28": 152.0, "29": 151.0, "30": 126.0, "31": 126.0, "32": 127.0, "33": 125.0, "34": 97.0, "35": 89.0, "36": 108.0, "37": 108.0, "38": 57.0, "39": 115.0, "40": 114.0, "41": 103.0, "42": 113.0, "43": 54.0, "44": 53.0, "45": 0.0}, "zs": {"0": 0.0, "1": 0.0, "2": 0.0, "3": 0.0, "4": 0.0, "5": 0.0, "6": 0.0, "7": 0.0, "8": 0.0, "9": 0.0, "10": 0.0, "11": 0.0, "12": 0.0, "13": 0.0, "14": 0.0, "15": 0.0, "16": 0.0, "17": 0.0, "18": 0.0, "19": 0.0, "20": 0.0, "21": 0.0, "22": 0.0, "23": 0.0, "24": 0.0, "25": 0.0, "26": 0.0, "27": 0.0, "28": 0.0, "29": 0.0, "30": 0.0, "31": 0.0, "32": 0.0, "33": 0.0, "34": 0.0, "35": 0.0, "36": 0.0, "37": 0.0, "38": 0.0, "39": 0.0, "40": 0.0, "41": 0.0, "42": 0.0, "43": 0.0, "44": 0.0, "45": 0.0}, "vizPos": {"0": [0.5, 0.35806], "1": [0.5, 0.781754], "2": [0.04545454545454547, 0.517975], "3": [0.04545454545454547, 0.660596], "4": [0.09090909090909094, 0.553735], "5": [0.09090909090909094, 0.589306], "6": [0.1136363636363637, 0.581736], "7": [0.06818181818181818, 0.542418], "8": [0.06818181818181818, 0.580705], "9": [0.05681818181818182, 0.568934], "10": [0.0, 0.534546], "11": [0.9545454545454546, 0.207167], "12": [0.9545454545454546, 0.338201], "13": [0.1638339920948617, 0.201372], "14": [0.1638339920948617, 0.335768], "15": [0.909090909090909, 0.216861], "16": [0.11837944664031624, 0.211674], "17": [0.5, 0.0], "18": [0.5, 0.05002], "19": [0.36363636363636365, 0.00018], "20": [0.36363636363636365, 0.041463], "21": [0.5681818181818181, 0.000393], "22": [0.5681818181818181, 0.029278], "23": [0.5454545454545454, 0.002672], "24": [0.5454545454545454, 0.031259], "25": [0.7727272727272727, 0.006145], "26": [0.5, 0.163205], "27": [0.5568181818181818, 0.007868], "28": [0.8636363636363636, 0.012352], "29": [0.5, 0.189507], "30": [0.6818181818181819, 0.012384], "31": [0.5, 0.056414], "32": [0.3181818181818182, 0.012732], "33": [0.5, 0.053767], "34": [0.40909090909090906, 0.023473], "35": [0.40909090909090906, 0.042425], "36": [0.5909090909090909, 0.026186], "37": [0.5909090909090909, 0.036029], "38": [0.38636363636363635, 0.032412], "39": [0.22727272727272724, 0.086192], "40": [0.5, 0.107416], "41": [0.09090909090909094, 0.528636], "42": [0.04545454545454547, 0.508562], "43": [0.5, 0.205088], "44": [0.5, 0.178317], "45": [0.5, 0.050048]}, "vizEdgeSegments": [[[0.5, 0.0], [0.5, 0.0], [0.5, 0.781754]], [[0.5, 0.35806], [0.04545454545454547, 0.35806], [0.04545454545454547, 0.660596]], [[0.04545454545454547, 0.517975], [0.0, 0.517975], [0.0, 0.534546]], [[0.04545454545454547, 0.508562], [0.09090909090909094, 0.508562], [0.09090909090909094, 0.589306]], [[0.09090909090909094, 0.553735], [0.1136363636363637, 0.553735], [0.1136363636363637, 0.581736]], [[0.09090909090909094, 0.528636], [0.06818181818181818, 0.528636], [0.06818181818181818, 0.580705]], [[0.06818181818181818, 0.542418], [0.05681818181818182, 0.542418], [0.05681818181818182, 0.568934]], [[0.5, 0.205088], [0.9545454545454546, 0.205088], [0.9545454545454546, 0.338201]], [[0.9545454545454546, 0.207167], [0.909090909090909, 0.207167], [0.909090909090909, 0.216861]], [[0.5, 0.189507], [0.8636363636363636, 0.189507], [0.8636363636363636, 0.012352]], [[0.5, 0.178317], [0.1638339920948617, 0.178317], [0.1638339920948617, 0.335768]], [[0.1638339920948617, 0.201372], [0.11837944664031624, 0.201372], [0.11837944664031624, 0.211674]], [[0.5, 0.163205], [0.7727272727272727, 0.163205], [0.7727272727272727, 0.006145]], [[0.5, 0.107416], [0.22727272727272724, 0.107416], [0.22727272727272724, 0.086192]], [[0.5, 0.056414], [0.6818181818181819, 0.056414], [0.6818181818181819, 0.012384]], [[0.5, 0.053767], [0.3181818181818182, 0.053767], [0.3181818181818182, 0.012732]], [[0.5, 0.050048], [0.40909090909090906, 0.050048], [0.40909090909090906, 0.023473]], [[0.40909090909090906, 0.042425], [0.36363636363636365, 0.042425], [0.36363636363636365, 0.00018]], [[0.36363636363636365, 0.041463], [0.38636363636363635, 0.041463], [0.38636363636363635, 0.032412]], [[0.5, 0.05002], [0.5909090909090909, 0.05002], [0.5909090909090909, 0.026186]], [[0.5909090909090909, 0.036029], [0.5454545454545454, 0.036029], [0.5454545454545454, 0.002672]], [[0.5454545454545454, 0.031259], [0.5681818181818181, 0.031259], [0.5681818181818181, 0.000393]], [[0.5681818181818181, 0.029278], [0.5568181818181818, 0.029278], [0.5568181818181818, 0.007868]]], "vizSegmentNodeIds": [[17, 18, 45, 33, 31, 40, 26, 44, 29, 43, 0, 1], [0, 42, 2, 3], [2, 10], [42, 41, 4, 5], [4, 6], [41, 7, 8], [7, 9], [43, 11, 12], [11, 15], [29, 28], [44, 13, 14], [13, 16], [26, 25], [40, 39], [31, 30], [33, 32], [45, 35, 34], [35, 20, 19], [20, 38], [18, 37, 36], [37, 24, 23], [24, 22, 21], [22, 27]], "branches": [{"nodes": [17, 18, 45, 33, 31, 40, 26, 44, 29, 43, 0, 1], "parentBranch": -1, "mode": "up", "depth": 0}, {"nodes": [0, 42, 2, 3], "parentBranch": 0, "mode": "up", "depth": 1}, {"nodes": [2, 10], "parentBranch": 1, "mode": "up", "depth": 2}, {"nodes": [42, 41, 4, 5], "parentBranch": 1, "mode": "up", "depth": 2}, {"nodes": [4, 6], "parentBranch": 3, "mode": "up", "depth": 3}, {"nodes": [41, 7, 8], "parentBranch": 3, "mode": "up", "depth": 3}, {"nodes": [7, 9], "parentBranch": 5, "mode": "up", "depth": 4}, {"nodes": [43, 11, 12], "parentBranch": 0, "mode": "up", "depth": 1}, {"nodes": [11, 15], "parentBranch": 7, "mode": "up",