{"nodes": [0, 1, 2, 3, 4, 5, 6, 7, 8, 9, 10, 11, 12, 13, 14, 15, 16, 17, 18, 19, 20, 21, 22, 23, 24, 25, 26, 27, 28, 29, 30, 31, 32, 33, 34, 35, 36, 37, 38, 39], "edges": [[0, 1], [0, 2], [0, 37], [2, 3], [2, 7], [4, 5], [4, 6], [4, 7], [7, 8], [9, 10], [9, 13], [9, 37], [11, 12], [11, 14], [11, 38], [15, 16], [16, 27], [16, 39], [17, 18], [18, 28], [18, 25], [19, 20], [20, 23], [20, 22], [21, 22], [22, 27], [24, 25], [25, 39], [26, 27], [29, 30], [30, 37], [30, 38], [31, 32], [32, 38], [32, 36], [33, 34], [34, 39], [34, 36], [35, 36]], "heights": {"0": 0.384844, "1": 0.76215, "2": 0.517418, "3": 0.652975, "4": 0.559185, "5": 0.601292, "6": 0.586741, "7": 0.554048, "8": 0.572989, "9": 0.207417, "10": 0.340527, "11": 0.201775, "12": 0.338028, "13": 0.217228, "14": 0.212126, "15": 0.0, "16": 0.050005, "17": 8.6e-05, "18": 0.041843, "19": 0.000341, "20": 0.029671, "21": 0.004768, "22": 0.033448, "23": 0.006192, "24": 0.017323, "25": 0.049785, "26": 0.024981, "27": 0.035735, "28": 0.032171, "29": 0.0339, "30": 0.189227, "31": 0.034479, "32": 0.152943, "33": 0.03507, "34": 0.06012, "35": 0.087441, "36": 0.110476, "37": 0.20398, "38": 0.181639, "39": 0.050071}, "types": {"0": 1, "1": 2, "2": 1, "3": 2, "4": 1, "5": 2, "6": 2, "7": 1, "8": 2, "9": 1, "10": 2, "11": 1, "12": 2, "13": 2, "14": 2, "15": 0, "16": 1, "17": 0, "18": 1, "19": 0, "20": 1, "21": 0, "22": 1, "23": 0, "24": 0, "25": 1, "26": 0, "27": 1, "28": 0, "29": 0, "30": 1, "31": 0, "32": 1, "33": 0, "34": 1, "35": 0, "36": 1, "37": 1, "38": 1, "39": 1}, "xs": {"0": 66.0, "1": 66.0, "2": 62.0, "3": 63.0, "4": 62.0, "5": 63.0, "6": 62.0, "7": 63.0, "8": 63.0, "9": 70.0, "10": 67.0, "11": 56.0, "12": 58.0, "13": 70.0, "14": 56.0, "15": 63.0, "16": 31.0, "17": 119.0, "18": 88.0, "19": 26.0, "20": 44.0, "21": 56.0, "22": 46.0, "23": 54.0, "24": 75.0, "25": 83.0, "26": 57.0, "27": 56.0, "28": 67.0, "29": 78.0, "30": 81.0, "31": 55.0, "32": 52.0, "33": 71.0, "34": 72.0, "35": 66.0, "36": 68.0, "37": 64.0, "38": 61.0, "39": 79.0}, "ys": {"0": 138.0, "1": 153.0, "2": 112.0, "3": 126.0, "4": 106.0, "5": 105.0, "6": 107.0, "7": 99.0, "8": 93.0, "9": 42.0, "10": 51.0, "11": 42.0, "12": 51.0, "13": 41.0, "14": 41.0, "15": 37.0, "16": 0.0, "17": 147.0, "18": 78.0, "19": 151.0, "20": 126.0, "21": 107.0, "22": 106.0, "23": 127.0, "24": 126.0, "25": 125.0, "26": 127.0, "27": 127.0, "28": 57.0, "29": 151.0, "30": 151.0, "31": 155.0, "32": 153.0, "33": 125.0, "34": 126.0, "35": 114.0, "36": 113.0, "37": 54.0, "38": 53.0, "39": 0.0}, "zs": {"0": 0.0, "1": 0.0, "2": 0.0, "3": 0.0, "4": 0.0, "5": 0.0, "6": 0.0, "7": 0.0, "8": 0.0, "9": 0.0, "10": 0.0, "11": 0.0, "12": 0.0, "13": 0.0, "14": 0.0, "15": 0.0, "16": 0.0, "17": 0.0, "18": 0.0, "19": 0.0, "20": 0.0, "21": 0.0, "22": 0.0, "23": 0.0, "24": 0.0, "25": 0.0, "26": 0.0, "27": 0.0, "28": 0.0, "29": 0.0, "30": 0.0, "31": 0.0, "32": 0.0, "33": 0.0, "34": 0.0, "35": 0.0, "36": 0.0, "37": 0.0, "38": 0.0, "39": 0.0}, "vizPos": {"0": [0.5, 0.384844], "1": [0.5, 0.76215], "2": [0.04545454545454547, 0.517418], "3": [0.04545454545454547, 0.652975], "4": [0.022727272727272874, 0.559185], "5": [0.022727272727272874, 0.601292], "6": [0.011363636363636409, 0.586741], "7": [0.0, 0.554048], "8": [0.0, 0.572989], "9": [0.3181818181818182, 0.207417], "10": [0.3181818181818182, 0.340527], "11": [0.7727272727272727, 0.201775], "12": [0.7727272727272727, 0.338028], "13": [0.2727272727272727, 0.217228], "14": [0.7272727272727273, 0.212126], "15": [0.5, 0.0], "16": [0.5, 0.050005], "17": [0.36363636363636365, 8.6e-05], "18": [0.36363636363636365, 0.041843], "19": [0.5681818181818181, 0.000341], "20": [0.5681818181818181, 0.029671], "21": [0.5454545454545454, 0.004768], "22": [0.5454545454545454, 0.033448], "23": [0.5568181818181818, 0.006192], "24": [0.40909090909090906, 0.017323], "25": [0.40909090909090906, 0.049785], "26": [0.5909090909090909, 0.024981], "27": [0.5909090909090909, 0.035735], "28": [0.38636363636363635, 0.032171], "29": [0.13636363636363635, 0.0339], "30": [0.5, 0.189227], "31": [0.22727272727272724, 0.034479], "32": [0.5, 0.152943], "33": [0.8636363636363636, 0.03507], "34": [0.5, 0.06012], "35": [0.6818181818181819, 0.087441], "36": [0.5, 0.110476], "37": [0.5, 0.20398], "38": [0.5, 0.181639], "39": [0.5, 0.050071]}, "vizEdgeSegments": [[[0.5, 0.0], [0.5, 0.0], [0.5, 0.76215]], [[0.5, 0.384844], [0.04545454545454547, 0.384844], [0.04545454545454547, 0.652975]], [[0.04545454545454547, 0.517418], [0.0, 0.517418], [0.0, 0.572989]], [[0.0, 0.554048], [0.022727272727272874, 0.554048], [0.022727272727272874, 0.601292]], [[0.022727272727272874, 0.559185], [0.011363636363636409, 0.559185], [0.011363636363636409, 0.586741]], [[0.5, 0.20398], [0.3181818181818182, 0.20398], [0.3181818181818182, 0.340527]], [[0.3181818181818182, 0.207417], [0.2727272727272727, 0.207417], [0.2727272727272727, 0.217228]], [[0.5, 0.189227], [0.13636363636363635, 0.189227], [0.13636363636363635, 0.0339]], [[0.5, 0.181639], [0.7727272727272727, 0.181639], [0.7727272727272727, 0.338028]], [[0.7727272727272727, 0.201775], [0.7272727272727273, 0.201775], [0.7272727272727273, 0.212126]], [[0.5, 0.152943], [0.22727272727272724, 0.152943], [0.22727272727272724, 0.034479]], [[0.5, 0.110476], [0.6818181818181819, 0.110476], [0.6818181818181819, 0.087441]], [[0.5, 0.06012], [0.8636363636363636, 0.06012], [0.8636363636363636, 0.03507]], [[0.5, 0.050071], [0.40909090909090906, 0.050071], [0.40909090909090906, 0.017323]], [[0.40909090909090906, 0.049785], [0.36363636363636365, 0.049785], [0.36363636363636365, 8.6e-05]], [[0.36363636363636365, 0.041843], [0.38636363636363635, 0.041843], [0.38636363636363635, 0.032171]], [[0.5, 0.050005], [0.5909090909090909, 0.050005], [0.5909090909090909, 0.024981]], [[0.5909090909090909, 0.035735], [0.5454545454545454, 0.035735], [0.5454545454545454, 0.004768]], [[0.5454545454545454, 0.033448], [0.5681818181818181, 0.033448], [0.5681818181818181, 0.000341]], [[0.5681818181818181, 0.029671], [0.5568181818181818, 0.029671], [0.5568181818181818, 0.006192]]], "vizSegmentNodeIds": [[15, 16, 39, 34, 36, 32, 38, 30, 37, 0, 1], [0, 2, 3], [2, 7, 8], [7, 4, 5], [4, 6], [37, 9, 10], [9, 13], [30, 29], [38, 11, 12], [11, 14], [32, 31], [36, 35], [34, 33], [39, 25, 24], [25, 18, 17], [18, 28], [16, 27, 26], [27, 22, 21], [22, 20, 19], [20, 23]], "branches": [{"nodes": [15, 16, 39, 34, 36, 32, 38, 30, 37, 0, 1], "parentBranch": -1, "mode": "up", "depth": 0}, {"nodes": [0, 2, 3], "parentBranch": 0, "mode": "up", "depth": 1}, {"nodes": [2, 7, 8], "parentBranch": 1, "mode": "up", "depth": 2}, {"nodes": [7, 4, 5], "parentBranch": 2, "mode": "up", "depth": 3}, {"nodes": [4, 6], "parentBranch": 3, "mode": "up", "depth": 4}, {"nodes": [37, 9, 10], "parentBranch": 0, "mode": "up", "depth": 1}, {"nodes": [9, 13], "parentBranch": 5, "mode": "up", "depth": 2}, {"nodes": [30, 29], "parentBranch": 0, "mode": "down", "depth": 1}, {"nodes": [38, 11, 12], "parentBranch": 0, "mode": "up", "depth": 1}, {"nodes": [11, 14], "parentBranch": 8, "mode": "up", "depth": 2}, {"nodes": [32, 31], "parentBranch": 0, "mode": "down", "depth": 1}, {"nodes": [36, 35], "parentBranch": 0, "mode": "down", "depth": 1}, {"nodes": [34, 33], "parentBranch": 0, "mode": "down", "depth": 1}, {"nodes": [39, 25, 24], "parentBranch": 0, "mode": "down", "depth": 1}, {"nodes": [25, 18, 17], "parentBranch": 13, "mode": "down", "depth": 2}, {"nodes": [18, 28], "parentBranch": 14, "mode": "down", "depth": 3}, {"nodes": [16, 27, 26], "parentBranch": 0, "mode": "down", "depth": 1}, {"nodes": [27, 22, 21], "parentBranch": 16, "mode": "down", "depth": 2}, {"nodes": [22, 20, 19], "parentBranch": 17, "mode": "down", "depth": 3}, {"nodes": [20, 23], "parentBranch": 18, "mode": "down", "depth": 4}]}