{"nodes": [0, 1, 2, 3, 4, 5, 6, 7, 8, 9, 10, 11, 12, 13, 14, 15, 16, 17, 18, 19, 20, 21, 22, 23, 24, 25, 26, 27, 28, 29, 30, 31, 32, 33, 34, 35, 36, 37, 38, 39], "edges": [[0, 1], [0, 2], [0, 11], [2, 3], [2, 6], [4, 5], [4, 8], [4, 6], [6, 7], [9, 10], [9, 13], [9, 38], [11, 12], [11, 14], [14, 15], [14, 30], [16, 17], [17, 23], [17, 39], [18, 19], [19, 33], [19, 39], [20, 21], [21, 26], [21, 23], [22, 23], [24, 25], [25, 35], [25, 32], [27, 28], [28, 38], [28, 32], [29, 30], [30, 38], [31, 32], [34, 35], [35, 37], [36, 37], [37, 39]], "heights": {"0": 0.372442, "1": 0.739677, "2": 0.484296, "3": 0.644854, "4": 0.564792, "5": 0.612361, "6": 0.561307, "7": 0.591052, "8": 0.585076, "9": 0.207444, "10": 0.340029, "11": 0.204152, "12": 0.33852, "13": 0.217257, "14": 0.201946, "15": 0.212273, "16": 0.0, "17": 0.050009, "18": 0.000201, "19": 0.041902, "20": 0.000573, "21": 0.027179, "22": 0.004871, "23": 0.02855, "24": 0.00963, "25": 0.059891, "26": 0.010476, "27": 0.026878, "28": 0.157504, "29": 0.027622, "30": 0.192539, "31": 0.0291, "32": 0.060789, "33": 0.03261, "34": 0.032731, "35": 0.058779, "36": 0.045844, "37": 0.057253, "38": 0.180772, "39": 0.050064}, "types": {"0": 1, "1": 2, "2": 1, "3": 2, "4": 1, "5": 2, "6": 1, "7": 2, "8": 2, "9": 1, "10": 2, "11": 1, "12": 2, "13": 2, "14": 1, "15": 2, "16": 0, "17": 1, "18": 0, "19": 1, "20": 0, "21": 1, "22": 0, "23": 1, "24": 0, "25": 1, "26": 0, "27": 0, "28": 1, "29": 0, "30": 1, "31": 0, "32": 1, "33": 0, "34": 0, "35": 1, "36": 0, "37": 1, "38": 1, "39": 1}, "xs": {"0": 60.0, "1": 58.0, "2": 65.0, "3": 61.0, "4": 62.0, "5": 62.0, "6": 64.0, "7": 64.0, "8": 62.0, "9": 56.0, "10": 58.0, "11": 64.0, "12": 67.0, "13": 56.0, "14": 70.0, "15": 70.0, "16": 63.0, "17": 83.0, "18": 4.0, "19": 41.0, "20": 99.0, "21": 82.0, "22": 71.0, "23": 80.0, "24": 52.0, "25": 45.0, "26": 72.0, "27": 70.0, "28": 73.0, "29": 47.0, "30": 43.0, "31": 55.0, "32": 54.0, "33": 58.0, "34": 68.0, "35": 69.0, "36": 68.0, "37": 70.0, "38": 61.0, "39": 48.0}, "ys": {"0": 136.0, "1": 152.0, "2": 117.0, "3": 125.0, "4": 102.0, "5": 109.0, "6": 112.0, "7": 113.0, "8": 95.0, "9": 42.0, "10": 51.0, "11": 54.0, "12": 51.0, "13": 41.0, "14": 42.0, "15": 41.0, "16": 37.0, "17": 0.0, "18": 146.0, "19": 79.0, "20": 150.0, "21": 124.0, "22": 114.0, "23": 116.0, "24": 126.0, "25": 125.0, "26": 127.0, "27": 155.0, "28": 151.0, "29": 149.0, "30": 149.0, "31": 125.0, "32": 126.0, "33": 57.0, "34": 113.0, "35": 113.0, "36": 127.0, "37": 126.0, "38": 53.0, "39": 0.0}, "zs": {"0": 0.0, "1": 0.0, "2": 0.0, "3": 0.0, "4": 0.0, "5": 0.0, "6": 0.0, "7": 0.0, "8": 0.0, "9": 0.0, "10": 0.0, "11": 0.0, "12": 0.0, "13": 0.0, "14": 0.0, "15": 0.0, "16": 0.0, "17": 0.0, "18": 0.0, "19": 0.0, "20": 0.0, "21": 0.0, "22": 0.0, "23": 0.0, "24": 0.0, "25": 0.0, "26": 0.0, "27": 0.0, "28": 0.0, "29": 0.0, "30": 0.0, "31": 0.0, "32": 0.0, "33": 0.0, "34": 0.0, "35": 0.0, "36": 0.0, "37": 0.0, "38": 0.0, "39": 0.0}, "vizPos": {"0": [0.5, 0.372442], "1": [0.5, 0.739677], "2": [0.34615384615384615, 0.484296], "3": [0.34615384615384615, 0.644854], "4": [0.326923076923077, 0.564792], "5": [0.326923076923077, 0.612361], "6": [0.3076923076923077, 0.561307], "7": [0.3076923076923077, 0.591052], "8": [0.31730769230769235, 0.585076], "9": [0.03846153846153849, 0.207444], "10": [0.03846153846153849, 0.340029], "11": [0.5, 0.204152], "12": [0.8076923076923077, 0.33852], "13": [0.0, 0.217257], "14": [0.5, 0.201946], "15": [0.8846153846153846, 0.212273], "16": [0.5, 0.0], "17": [0.5, 0.050009], "18": [0.5769230769230769, 0.000201], "19": [0.5769230769230769, 0.041902], "20": [0.38461538461538464, 0.000573], "21": [0.38461538461538464, 0.027179], "22": [0.4230769230769231, 0.004871], "23": [0.4230769230769231, 0.02855], "24": [0.2692307692307693, 0.00963], "25": [0.5, 0.059891], "26": [0.40384615384615385, 0.010476], "27": [0.19230769230769235, 0.026878], "28": [0.5, 0.157504], "29": [0.11538461538461547, 0.027622], "30": [0.5, 0.192539], "31": [0.7307692307692307, 0.0291], "32": [0.5, 0.060789], "33": [0.5384615384615384, 0.03261], "34": [0.6538461538461539, 0.032731], "35": [0.5, 0.058779], "36": [0.9615384615384615, 0.045844], "37": [0.5, 0.057253], "38": [0.5, 0.180772], "39": [0.5, 0.050064]}, "vizEdgeSegments": [[[0.5, 0.0], [0.5, 0.0], [0.5, 0.739677]], [[0.5, 0.372442], [0.34615384615384615, 0.372442], [0.34615384615384615, 0.644854]], [[0.34615384615384615, 0.484296], [0.3076923076923077, 0.484296], [0.3076923076923077, 0.591052]], [[0.3076923076923077, 0.561307], [0.326923076923077, 0.561307], [0.326923076923077, 0.612361]], [[0.326923076923077, 0.564792], [0.31730769230769235, 0.564792], [0.31730769230769235, 0.585076]], [[0.5, 0.204152], [0.8076923076923077, 0.204152], [0.8076923076923077, 0.33852]], [[0.5, 0.201946], [0.8846153846153846, 0.201946], [0.8846153846153846, 0.212273]], [[0.5, 0.192539], [0.11538461538461547, 0.192539], [0.11538461538461547, 0.027622]], [[0.5, 0.180772], [0.03846153846153849, 0.180772], [0.03846153846153849, 0.340029]], [[0.03846153846153849, 0.207444], [0.0, 0.207444], [0.0, 0.217257]], [[0.5, 0.157504], [0.19230769230769235, 0.157504], [0.19230769230769235, 0.026878]], [[0.5, 0.060789], [0.7307692307692307, 0.060789], [0.7307692307692307, 0.0291]], [[0.5, 0.059891], [0.2692307692307693, 0.059891], [0.2692307692307693, 0.00963]], [[0.5, 0.058779], [0.6538461538461539, 0.058779], [0.6538461538461539, 0.032731]], [[0.5, 0.057253], [0.9615384615384615, 0.057253], [0.9615384615384615, 0.045844]], [[0.5, 0.050064], [0.5769230769230769, 0.050064], [0.5769230769230769, 0.000201]], [[0.5769230769230769, 0.041902], [0.5384615384615384, 0.041902], [0.5384615384615384, 0.03261]], [[0.5, 0.050009], [0.4230769230769231, 0.050009], [0.4230769230769231, 0.004871]], [[0.4230769230769231, 0.02855], [0.38461538461538464, 0.02855], [0.38461538461538464, 0.000573]], [[0.38461538461538464, 0.027179], [0.40384615384615385, 0.027179], [0.40384615384615385, 0.010476]]], "vizSegmentNodeIds": [[16, 17, 39, 37, 35, 25, 32, 28, 38, 30, 14, 11, 0, 1], [0, 2, 3], [2, 6, 7], [6, 4, 5], [4, 8], [11, 12], [14, 15], [30, 29], [38, 9, 10], [9, 13], [28, 27], [32, 31], [25, 24], [35, 34], [37, 36], [39, 19, 18], [19, 33], [17, 23, 22], [23, 21, 20], [21, 26]], "branches": [{"nodes": [16, 17, 39, 37, 35, 25, 32, 28, 38, 30, 14, 11, 0, 1], "parentBranch": -1, "mode": "up", "depth": 0}, {"nodes": [0, 2, 3], "parentBranch": 0, "mode": "up", "depth": 1}, {"nodes": [2, 6, 7], "parentBranch": 1, "mode": "up", "depth": 2}, {"nodes": [6, 4, 5], "parentBranch": 2, "mode": "up", "depth": 3}, {"nodes": [4, 8], "parentBranch": 3, "mode": "up", "depth": 4}, {"nodes": [11, 12], "parentBranch": 0, "mode": "up", "depth": 1}, {"nodes": [14, 15], "parentBranch": 0, "mode": "up", "depth": 1}, {"nodes": [30, 29], "parentBranch": 0, "mode": "down", "depth": 1}, {"nodes": [38, 9, 10], "parentBranch": 0, "mode": "up", "depth": 1}, {"nodes": [9, 13], "parentBranch": 8, "mode": "up", "depth": 2}, {"nodes": [28, 27], "parentBranch": 0, "mode": "down", "depth": 1}, {"nodes": [32, 31], "parentBranch": 0, "mode": "down", "depth": 1}, {"nodes": [25, 24], "parentBranch": 0, "mode": "down", "depth": 1}, {"nodes": [35, 34], "parentBranch": 0, "mode": "down", "depth": 1}, {"nodes": [37, 36], "parentBranch": 0, "mode": "down", "depth": 1}, {"nodes": [39, 19, 18], "parentBranch": 0, "mode": "down", "depth": 1}, {"nodes": [19, 33], "parentBranch": 15, "mode": "down", "depth": 2}, {"nodes": [17, 23, 22], "parentBranch": 0, "mode": "down", "depth": 1}, {"nodes": [23, 21, 20], "parentBranch": 17, "mode": "down", "depth": 2}, {"nodes": [21, 26], "parentBranch": 18, "mode": "down", "depth": 3}]}