{"nodes": [0, 1, 2, 3, 4, 5, 6, 7, 8, 9, 10, 11, 12, 13, 14, 15, 16, 17, 18, 19, 20, 21, 22, 23, 24, 25, 26, 27, 28, 29, 30, 31, 32, 33, 34, 35, 36, 37, 38, 39, 40, 41], "edges": [[0, 1], [0, 39], [0, 14], [2, 3], [2, 9], [2, 39], [4, 5], [4, 6], [4, 7], [7, 8], [7, 10], [10, 11], [10, 39], [12, 13], [12, 16], [12, 40], [14, 15], [14, 17], [17, 18], [17, 29], [19, 20], [20, 27], [20, 41], [21, 22], [22, 38], [22, 41], [23, 24], [24, 25], [24, 27], [26, 27], [28, 29], [29, 40], [30, 31], [31, 33], [31, 35], [32, 33], [33, 37], [34, 35], [35, 40], [36, 37], [37, 41]], "heights": {"0": 0.408883, "1": 0.751567, "2": 0.536053, "3": 0.663173, "4": 0.561372, "5": 0.596247, "6": 0.593846, "7": 0.53144, "8": 0.550488, "9": 0.550365, "10": 0.522468, "11": 0.548001, "12": 0.206918, "13": 0.34005, "14": 0.203599, "15": 0.338464, "16": 0.216759, "17": 0.202449, "18": 0.212749, "19": 0.0, "20": 0.050023, "21": 0.000213, "22": 0.041047, "23": 0.00051, "24": 0.030694, "25": 0.003786, "26": 0.009503, "27": 0.035703, "28": 0.013179, "29": 0.192857, "30": 0.017798, "31": 0.077439, "32": 0.018585, "33": 0.063573, "34": 0.02671, "35": 0.159523, "36": 0.032091, "37": 0.057694, "38": 0.032391, "39": 0.51997, "40": 0.18171, "41": 0.050075}, "types": {"0": 1, "1": 2, "2": 1, "3": 2, "4": 1, "5": 2, "6": 2, "7": 1, "8": 2, "9": 2, "10": 1, "11": 2, "12": 1, "13": 2, "14": 1, "15": 2, "16": 2, "17": 1, "18": 2, "19": 0, "20": 1, "21": 0, "22": 1, "23": 0, "24": 1, "25": 0, "26": 0, "27": 1, "28": 0, "29": 1, "30": 0, "31": 1, "32": 0, "33": 1, "34": 0, "35": 1, "36": 0, "37": 1, "38": 0, "39": 1, "40": 1, "41": 1}, "xs": {"0": 60.0, "1": 59.0, "2": 62.0, "3": 62.0, "4": 62.0, "5": 62.0, "6": 63.0, "7": 64.0, "8": 63.0, "9": 62.0, "10": 63.0, "11": 62.0, "12": 56.0, "13": 58.0, "14": 64.0, "15": 67.0, "16": 56.0, "17": 70.0, "18": 70.0, "19": 63.0, "20": 78.0, "21": 7.0, "22": 43.0, "23": 101.0, "24": 82.0, "25": 73.0, "26": 69.0, "27": 80.0, "28": 48.0, "29": 44.0, "30": 56.0, "31": 50.0, "32": 58.0, "33": 52.0, "34": 70.0, "35": 74.0, "36": 69.0, "37": 70.0, "38": 58.0, "39": 61.0, "40": 61.0, "41": 52.0}, "ys": {"0": 138.0, "1": 153.0, "2": 122.0, "3": 128.0, "4": 104.0, "5": 101.0, "6": 105.0, "7": 110.0, "8": 112.0, "9": 121.0, "10": 113.0, "11": 114.0, "12": 42.0, "13": 51.0, "14": 54.0, "15": 51.0, "16": 41.0, "17": 42.0, "18": 41.0, "19": 37.0, "20": 0.0, "21": 148.0, "22": 82.0, "23": 151.0, "24": 127.0, "25": 129.0, "26": 106.0, "27": 102.0, "28": 150.0, "29": 148.0, "30": 127.0, "31": 126.0, "32": 113.0, "33": 112.0, "34": 156.0, "35": 153.0, "36": 127.0, "37": 127.0, "38": 57.0, "39": 117.0, "40": 53.0, "41": 0.0}, "zs": {"0": 0.0, "1": 0.0, "2": 0.0, "3": 0.0, "4": 0.0, "5": 0.0, "6": 0.0, "7": 0.0, "8": 0.0, "9": 0.0, "10": 0.0, "11": 0.0, "12": 0.0, "13": 0.0, "14": 0.0, "15": 0.0, "16": 0.0, "17": 0.0, "18": 0.0, "19": 0.0, "20": 0.0, "21": 0.0, "22": 0.0, "23": 0.0, "24": 0.0, "25": 0.0, "26": 0.0, "27": 0.0, "28": 0.0, "29": 0.0, "30": 0.0, "31": 0.0, "32": 0.0, "33": 0.0, "34": 0.0, "35": 0.0, "36": 0.0, "37": 0.0, "38": 0.0, "39": 0.0, "40": 0.0, "41": 0.0}, "vizPos": {"0": [0.5, 0.408883], "1": [0.5, 0.751567], "2": [0.03846153846153849, 0.536053], "3": [0.03846153846153849, 0.663173], "4": [0.009615384615384692, 0.561372], "5": [0.009615384615384692, 0.596247], "6": [0.014423076923076927, 0.593846], "7": [0.019230769230769218, 0.53144], "8": [0.019230769230769218, 0.550488], "9": [0.07692307692307698, 0.550365], "10": [0.0, 0.522468], "11": [0.0, 0.548001], "12": [0.19230769230769235, 0.206918], "13": [0.19230769230769235, 0.34005], "14": [0.5, 0.203599], "15": [0.8846153846153846, 0.338464], "16": [0.1538461538461539, 0.216759], "17": [0.5, 0.202449], "18": [0.11538461538461547, 0.212749], "19": [0.5, 0.0], "20": [0.5, 0.050023], "21": [0.4230769230769231, 0.000213], "22": [0.4230769230769231, 0.041047], "23": [0.5384615384615384, 0.00051], "24": [0.5384615384615384, 0.030694], "25": [0.5576923076923077, 0.003786], "26": [0.5769230769230769, 0.009503], "27": [0.5769230769230769, 0.035703], "28": [0.8076923076923077, 0.013179], "29": [0.5, 0.192857], "30": [0.2692307692307693, 0.017798], "31": [0.5, 0.077439], "32": [0.6538461538461539, 0.018585], "33": [0.5, 0.063573], "34": [0.7307692307692307, 0.02671], "35": [0.5, 0.159523], "36": [0.34615384615384615, 0.032091], "37": [0.5, 0.057694], "38": [0.38461538461538464, 0.032391], "39": [0.03846153846153849, 0.51997], "40": [0.5, 0.18171], "41": [0.5, 0.050075]}, "vizEdgeSegments": [[[0.5, 0.0], [0.5, 0.0], [0.5, 0.751567]], [[0.5, 0.408883], [0.03846153846153849, 0.408883], [0.03846153846153849, 0.663173]], [[0.03846153846153849, 0.536053], [0.07692307692307698, 0.536053], [0.07692307692307698, 0.550365]], [[0.03846153846153849, 0.51997], [0.0, 0.51997], [0.0, 0.548001]], [[0.0, 0.522468], [0.019230769230769218, 0.522468], [0.019230769230769218, 0.550488]], [[0.019230769230769218, 0.53144], [0.009615384615384692, 0.53144], [0.009615384615384692, 0.596247]], [[0.009615384615384692, 0.561372], [0.014423076923076927, 0.561372], [0.014423076923076927, 0.593846]], [[0.5, 0.203599], [0.8846153846153846, 0.203599], [0.8846153846153846, 0.338464]], [[0.5, 0.202449], [0.11538461538461547, 0.202449], [0.11538461538461547, 0.212749]], [[0.5, 0.192857], [0.8076923076923077, 0.192857], [0.8076923076923077, 0.013179]], [[0.5, 0.18171], [0.19230769230769235, 0.18171], [0.19230769230769235, 0.34005]], [[0.19230769230769235, 0.206918], [0.1538461538461539, 0.206918], [0.1538461538461539, 0.216759]], [[0.5, 0.159523], [0.7307692307692307, 0.159523], [0.7307692307692307, 0.02671]], [[0.5, 0.077439], [0.2692307692307693, 0.077439], [0.2692307692307693, 0.017798]], [[0.5, 0.063573], [0.6538461538461539, 0.063573], [0.6538461538461539, 0.018585]], [[0.5, 0.057694], [0.34615384615384615, 0.057694], [0.34615384615384615, 0.032091]], [[0.5, 0.050075], [0.4230769230769231, 0.050075], [0.4230769230769231, 0.000213]], [[0.4230769230769231, 0.041047], [0.38461538461538464, 0.041047], [0.38461538461538464, 0.032391]], [[0.5, 0.050023], [0.5769230769230769, 0.050023], [0.5769230769230769, 0.009503]], [[0.5769230769230769, 0.035703], [0.5384615384615384, 0.035703], [0.5384615384615384, 0.00051]], [[0.5384615384615384, 0.030694], [0.5576923076923077, 0.030694], [0.5576923076923077, 0.003786]]], "vizSegmentNodeIds": [[19, 20, 41, 37, 33, 31, 35, 40, 29, 17, 14, 0, 1], [0, 39, 2, 3], [2, 9], [39, 10, 11], [10, 7, 8], [7, 4, 5], [4, 6], [14, 15], [17, 18], [29, 28], [40, 12, 13], [12, 16], [35, 34], [31, 30], [33, 32], [37, 36], [41, 22, 21], [22, 38], [20, 27, 26], [27, 24, 23], [24, 25]], "branches": [{"nodes": [19, 20, 41, 37, 33, 31, 35, 40, 29, 17, 14, 0, 1], "parentBranch": -1, "mode": "up", "depth": 0}, {"nodes": [0, 39, 2, 3], "parentBranch": 0, "mode": "up", "depth": 1}, {"nodes": [2, 9], "parentBranch": 1, "mode": "up", "depth": 2}, {"nodes": [39, 10, 11], "parentBranch": 1, "mode": "up", "depth": 2}, {"nodes": [10, 7, 8], "parentBranch": 3, "mode": "up", "depth": 3}, {"nodes": [7, 4, 5], "parentBranch": 4, "mode": "up", "depth": 4}, {"nodes": [4, 6], "parentBranch": 5, "mode": "up", "depth": 5}, {"nodes": [14, 15], "parentBranch": 0, "mode": "up", "depth": 1}, {"nodes": [17, 18], "parentBranch": 0, "mode": "up", "depth": 1}, {"nodes": [29, 28], "parentBranch": 0, "mode": "down", "depth": 1}, {"nodes": [40, 12, 13], "parentBranch": 0, "mode": "up", "depth": 1}, {"nodes": [12, 16], "parentBranch": 10, "mode": "up", "depth": 2}, {"nodes": [35, 34], "parentBranch": 0, "mode": "down", "depth": 1}, {"nodes": [31, 30], "parentBranch": 0, "mode": "down", "depth": 1}, {"nodes": [33, 32], "parentBranch": 0, "mode": "down", "depth": 1}, {"nodes": [37, 36], "parentBranch": 0, "mode": "down", "depth": 1}, {"nodes": [41, 22, 21], "parentBranch": 0, "mode": "down", "depth": 1}, {"nodes": [22, 38], "parentBranch": 16, "mode": "down", "depth": 2}, {"nodes": [20, 27, 26], "parentBranch": 0, "mode": "down", "depth": 1}, {"nodes": [27, 24, 23],