{"nodes": [0, 1, 2, 3, 4, 5, 6, 7, 8, 9, 10, 11, 12, 13, 14, 15, 16, 17, 18, 19, 20, 21, 22, 23, 24, 25, 26, 27, 28, 29, 30, 31, 32, 33, 34, 35, 36, 37, 38, 39], "edges": [[0, 1], [0, 35], [0, 36], [2, 3], [2, 4], [2, 35], [5, 6], [5, 7], [5, 8], [8, 9], [8, 35], [10, 11], [10, 14], [10, 36], [12, 13], [12, 15], [12, 37], [16, 17], [17, 38], [17, 39], [18, 19], [19, 34], [19, 39], [20, 21], [21, 27], [21, 38], [22, 23], [23, 39], [23, 29], [24, 25], [25, 26], [25, 38], [28, 29], [29, 33], [30, 31], [31, 36], [31, 37], [32, 33], [33, 37]], "heights": {"0": 0.417345, "1": 0.767455, "2": 0.645534, "3": 0.677058, "4": 0.674142, "5": 0.572419, "6": 0.607702, "7": 0.59263, "8": 0.562988, "9": 0.573089, "10": 0.2073, "11": 0.340191, "12": 0.201808, "13": 0.337922, "14": 0.217137, "15": 0.212211, "16": 0.0, "17": 0.050024, "18": 6.5e-05, "19": 0.041535, "20": 0.000478, "21": 0.03334, "22": 0.003804, "23": 0.051921, "24": 0.004997, "25": 0.023593, "26": 0.007776, "27": 0.008946, "28": 0.025149, "29": 0.070504, "30": 0.02979, "31": 0.189934, "32": 0.030616, "33": 0.151999, "34": 0.032066, "35": 0.536817, "36": 0.203597, "37": 0.181218, "38": 0.035041, "39": 0.050058}, "types": {"0": 1, "1": 2, "2": 1, "3": 2, "4": 2, "5": 1, "6": 2, "7": 2, "8": 1, "9": 2, "10": 1, "11": 2, "12": 1, "13": 2, "14": 2, "15": 2, "16": 0, "17": 1, "18": 0, "19": 1, "20": 0, "21": 1, "22": 0, "23": 1, "24": 0, "25": 1, "26": 0, "27": 0, "28": 0, "29": 1, "30": 0, "31": 1, "32": 0, "33": 1, "34": 0, "35": 1, "36": 1, "37": 1, "38": 1, "39": 1}, "xs": {"0": 67.0, "1": 66.0, "2": 64.0, "3": 64.0, "4": 63.0, "5": 63.0, "6": 63.0, "7": 62.0, "8": 63.0, "9": 63.0, "10": 70.0, "11": 67.0, "12": 56.0, "13": 58.0, "14": 70.0, "15": 56.0, "16": 63.0, "17": 46.0, "18": 120.0, "19": 85.0, "20": 26.0, "21": 46.0, "22": 75.0, "23": 82.0, "24": 56.0, "25": 57.0, "26": 58.0, "27": 56.0, "28": 71.0, "29": 72.0, "30": 77.0, "31": 81.0, "32": 55.0, "33": 52.0, "34": 67.0, "35": 62.0, "36": 64.0, "37": 61.0, "38": 47.0, "39": 93.0}, "ys": {"0": 139.0, "1": 154.0, "2": 126.0, "3": 128.0, "4": 125.0, "5": 109.0, "6": 107.0, "7": 110.0, "8": 102.0, "9": 98.0, "10": 42.0, "11": 51.0, "12": 42.0, "13": 51.0, "14": 41.0, "15": 41.0, "16": 37.0, "17": 0.0, "18": 148.0, "19": 79.0, "20": 151.0, "21": 109.0, "22": 127.0, "23": 126.0, "24": 130.0, "25": 130.0, "26": 130.0, "27": 110.0, "28": 126.0, "29": 126.0, "30": 151.0, "31": 151.0, "32": 156.0, "33": 153.0, "34": 57.0, "35": 114.0, "36": 54.0, "37": 53.0, "38": 127.0, "39": 0.0}, "zs": {"0": 0.0, "1": 0.0, "2": 0.0, "3": 0.0, "4": 0.0, "5": 0.0, "6": 0.0, "7": 0.0, "8": 0.0, "9": 0.0, "10": 0.0, "11": 0.0, "12": 0.0, "13": 0.0, "14": 0.0, "15": 0.0, "16": 0.0, "17": 0.0, "18": 0.0, "19": 0.0, "20": 0.0, "21": 0.0, "22": 0.0, "23": 0.0, "24": 0.0, "25": 0.0, "26": 0.0, "27": 0.0, "28": 0.0, "29": 0.0, "30": 0.0, "31": 0.0, "32": 0.0, "33": 0.0, "34": 0.0, "35": 0.0, "36": 0.0, "37": 0.0, "38": 0.0, "39": 0.0}, "vizPos": {"0": [0.5, 0.417345], "1": [0.5, 0.767455], "2": [0.04545454545454547, 0.645534], "3": [0.04545454545454547, 0.677058], "4": [0.09090909090909094, 0.674142], "5": [0.022727272727272874, 0.572419], "6": [0.022727272727272874, 0.607702], "7": [0.011363636363636409, 0.59263], "8": [0.0, 0.562988], "9": [0.0, 0.573089], "10": [0.3181818181818182, 0.2073], "11": [0.3181818181818182, 0.340191], "12": [0.7727272727272727, 0.201808], "13": [0.7727272727272727, 0.337922], "14": [0.2727272727272727, 0.217137], "15": [0.7272727272727273, 0.212211], "16": [0.5, 0.0], "17": [0.5, 0.050024], "18": [0.5909090909090909, 6.5e-05], "19": [0.5909090909090909, 0.041535], "20": [0.45454545454545453, 0.000478], "21": [0.45454545454545453, 0.03334], "22": [0.6818181818181819, 0.003804], "23": [0.5, 0.051921], "24": [0.40909090909090906, 0.004997], "25": [0.40909090909090906, 0.023593], "26": [0.36363636363636365, 0.007776], "27": [0.4772727272727273, 0.008946], "28": [0.22727272727272724, 0.025149], "29": [0.5, 0.070504], "30": [0.13636363636363635, 0.02979], "31": [0.5, 0.189934], "32": [0.8636363636363636, 0.030616], "33": [0.5, 0.151999], "34": [0.5454545454545454, 0.032066], "35": [0.04545454545454547, 0.536817], "36": [0.5, 0.203597], "37": [0.5, 0.181218], "38": [0.40909090909090906, 0.035041], "39": [0.5, 0.050058]}, "vizEdgeSegments": [[[0.5, 0.0], [0.5, 0.0], [0.5, 0.767455]], [[0.5, 0.417345], [0.04545454545454547, 0.417345], [0.04545454545454547, 0.677058]], [[0.04545454545454547, 0.645534], [0.09090909090909094, 0.645534], [0.09090909090909094, 0.674142]], [[0.04545454545454547, 0.536817], [0.0, 0.536817], [0.0, 0.573089]], [[0.0, 0.562988], [0.022727272727272874, 0.562988], [0.022727272727272874, 0.607702]], [[0.022727272727272874, 0.572419], [0.011363636363636409, 0.572419], [0.011363636363636409, 0.59263]], [[0.5, 0.203597], [0.3181818181818182, 0.203597], [0.3181818181818182, 0.340191]], [[0.3181818181818182, 0.2073], [0.2727272727272727, 0.2073], [0.2727272727272727, 0.217137]], [[0.5, 0.189934], [0.13636363636363635, 0.189934], [0.13636363636363635, 0.02979]], [[0.5, 0.181218], [0.7727272727272727, 0.181218], [0.7727272727272727, 0.337922]], [[0.7727272727272727, 0.201808], [0.7272727272727273, 0.201808], [0.7272727272727273, 0.212211]], [[0.5, 0.151999], [0.8636363636363636, 0.151999], [0.8636363636363636, 0.030616]], [[0.5, 0.070504], [0.22727272727272724, 0.070504], [0.22727272727272724, 0.025149]], [[0.5, 0.051921], [0.6818181818181819, 0.051921], [0.6818181818181819, 0.003804]], [[0.5, 0.050058], [0.5909090909090909, 0.050058], [0.5909090909090909, 6.5e-05]], [[0.5909090909090909, 0.041535], [0.5454545454545454, 0.041535], [0.5454545454545454, 0.032066]], [[0.5, 0.050024], [0.40909090909090906, 0.050024], [0.40909090909090906, 0.004997]], [[0.40909090909090906, 0.023593], [0.36363636363636365, 0.023593], [0.36363636363636365, 0.007776]], [[0.40909090909090906, 0.035041], [0.45454545454545453, 0.035041], [0.45454545454545453, 0.000478]], [[0.45454545454545453, 0.03334], [0.4772727272727273, 0.03334], [0.4772727272727273, 0.008946]]], "vizSegmentNodeIds": [[16, 17, 39, 23, 29, 33, 37, 31, 36, 0, 1], [0, 35, 2, 3], [2, 4], [35, 8, 9], [8, 5, 6], [5, 7], [36, 10, 11], [10, 14], [31, 30], [37, 12, 13], [12, 15], [33, 32], [29, 28], [23, 22], [39, 19, 18], [19, 34], [17, 38, 25, 24], [25, 26], [38, 21, 20], [21, 27]], "branches": [{"nodes": [16, 17, 39, 23, 29, 33, 37, 31, 36, 0, 1], "parentBranch": -1, "mode": "up", "depth": 0}, {"nodes": [0, 35, 2, 3], "parentBranch": 0, "mode": "up", "depth": 1}, {"nodes": [2, 4], "parentBranch": 1, "mode": "up", "depth": 2}, {"nodes": [35, 8, 9], "parentBranch": 1, "mode": "up", "depth": 2}, {"nodes": [8, 5, 6], "parentBranch": 3, "mode": "up", "depth": 3}, {"nodes": [5, 7], "parentBranch": 4, "mode": "up", "depth": 4}, {"nodes": [36, 10, 11], "parentBranch": 0, "mode": "up", "depth": 1}, {"nodes": [10, 14], "parentBranch": 6, "mode": "up", "depth": 2}, {"nodes": [31, 30], "parentBranch": 0, "mode": "down", "depth": 1}, {"nodes": [37, 12, 13], "parentBranch": 0, "mode": "up", "depth": 1}, {"nodes": [12, 15], "parentBranch": 9, "mode": "up", "depth": 2}, {"nodes": [33, 32], "parentBranch": 0, "mode": "down", "depth": 1}, {"nodes": [29, 28], "parentBranch": 0, "mode": "down", "depth": 1}, {"nodes": [23, 22], "parentBranch": 0, "mode": "down", "depth": 1}, {"nodes": [39, 19, 18], "parentBranch": 0, "mode": "down", "depth": 1}, {"nodes": [19, 34], "parentBranch": 14, "mode": "down", "depth": 2}, {"nodes": [17, 38, 25, 24], "parentBranch": 0, "mode": "down", "depth": 1}, {"nodes": [25, 26], "parentBranch": 16, "mode": "down", "depth": 2}, {"nodes": [38, 21, 20], "parentBranch": 16, "mode": "down", "depth": 2}, {"nodes": [21, 27], "parentBranch": 18, "mode": "down", "depth": 3}]}