{"nodes": [0, 1, 2, 3, 4, 5, 6, 7, 8, 9, 10, 11, 12, 13, 14, 15, 16, 17, 18, 19, 20, 21, 22, 23, 24, 25, 26, 27, 28, 29, 30, 31, 32, 33, 34, 35, 36, 37, 38, 39, 40, 41, 42, 43], "edges": [[0, 1], [0, 43], [0, 40], [2, 3], [2, 4], [2, 10], [5, 6], [5, 7], [5, 8], [8, 9], [8, 43], [10, 11], [10, 43], [12, 13], [12, 16], [12, 40], [14, 15], [14, 17], [14, 41], [18, 19], [19, 28], [19, 42], [20, 21], [21, 33], [21, 42], [22, 23], [23, 24], [23, 28], [25, 26], [26, 40], [26, 41], [27, 28], [29, 30], [30, 41], [30, 37], [31, 32], [32, 42], [32, 35], [34, 35], [35, 39], [36, 37], [37, 39], [38, 39]], "heights": {"0": 0.411059, "1": 0.761835, "2": 0.574765, "3": 0.624635, "4": 0.605447, "5": 0.578249, "6": 0.598782, "7": 0.589287, "8": 0.560444, "9": 0.573694, "10": 0.527474, "11": 0.547136, "12": 0.207052, "13": 0.340201, "14": 0.20211, "15": 0.338347, "16": 0.216959, "17": 0.212414, "18": 0.0, "19": 0.050031, "20": 0.000298, "21": 0.041482, "22": 0.000524, "23": 0.033928, "24": 0.005547, "25": 0.007432, "26": 0.192284, "27": 0.008737, "28": 0.034006, "29": 0.015805, "30": 0.155015, "31": 0.016802, "32": 0.051605, "33": 0.032187, "34": 0.038336, "35": 0.054075, "36": 0.065087, "37": 0.090063, "38": 0.077007, "39": 0.08592, "40": 0.203882, "41": 0.182041, "42": 0.050048, "43": 0.506651}, "types": {"0": 1, "1": 2, "2": 1, "3": 2, "4": 2, "5": 1, "6": 2, "7": 2, "8": 1, "9": 2, "10": 1, "11": 2, "12": 1, "13": 2, "14": 1, "15": 2, "16": 2, "17": 2, "18": 0, "19": 1, "20": 0, "21": 1, "22": 0, "23": 1, "24": 0, "25": 0, "26": 1, "27": 0, "28": 1, "29": 0, "30": 1, "31": 0, "32": 1, "33": 0, "34": 0, "35": 1, "36": 0, "37": 1, "38": 0, "39": 1, "40": 1, "41": 1, "42": 1, "43": 1}, "xs": {"0": 66.0, "1": 66.0, "2": 63.0, "3": 63.0, "4": 63.0, "5": 62.0, "6": 63.0, "7": 62.0, "8": 63.0, "9": 63.0, "10": 63.0, "11": 63.0, "12": 70.0, "13": 67.0, "14": 56.0, "15": 58.0, "16": 70.0, "17": 56.0, "18": 63.0, "19": 34.0, "20": 117.0, "21": 85.0, "22": 25.0, "23": 44.0, "24": 56.0, "25": 77.0, "26": 81.0, "27": 55.0, "28": 46.0, "29": 55.0, "30": 51.0, "31": 74.0, "32": 82.0, "33": 67.0, "34": 71.0, "35": 72.0, "36": 67.0, "37": 70.0, "38": 59.0, "39": 58.0, "40": 64.0, "41": 61.0, "42": 112.0, "43": 62.0}, "ys": {"0": 138.0, "1": 154.0, "2": 124.0, "3": 128.0, "4": 121.0, "5": 106.0, "6": 104.0, "7": 107.0, "8": 99.0, "9": 94.0, "10": 117.0, "11": 115.0, "12": 42.0, "13": 51.0, "14": 42.0, "15": 51.0, "16": 41.0, "17": 41.0, "18": 37.0, "19": 0.0, "20": 148.0, "21": 81.0, "22": 151.0, "23": 105.0, "24": 107.0, "25": 151.0, "26": 153.0, "27": 129.0, "28": 127.0, "29": 156.0, "30": 152.0, "31": 127.0, "32": 125.0, "33": 57.0, "34": 126.0, "35": 126.0, "36": 114.0, "37": 113.0, "38": 121.0, "39": 121.0, "40": 54.0, "41": 53.0, "42": 0.0, "43": 112.0}, "zs": {"0": 0.0, "1": 0.0, "2": 0.0, "3": 0.0, "4": 0.0, "5": 0.0, "6": 0.0, "7": 0.0, "8": 0.0, "9": 0.0, "10": 0.0, "11": 0.0, "12": 0.0, "13": 0.0, "14": 0.0, "15": 0.0, "16": 0.0, "17": 0.0, "18": 0.0, "19": 0.0, "20": 0.0, "21": 0.0, "22": 0.0, "23": 0.0, "24": 0.0, "25": 0.0, "26": 0.0, "27": 0.0, "28": 0.0, "29": 0.0, "30": 0.0, "31": 0.0, "32": 0.0, "33": 0.0, "34": 0.0, "35": 0.0, "36": 0.0, "37": 0.0, "38": 0.0, "39": 0.0, "40": 0.0, "41": 0.0, "42": 0.0, "43": 0.0}, "vizPos": {"0": [0.5, 0.411059], "1": [0.5, 0.761835], "2": [0.07692307692307698, 0.574765], "3": [0.07692307692307698, 0.624635], "4": [0.09615384615384615, 0.605447], "5": [0.019230769230769218, 0.578249], "6": [0.019230769230769218, 0.598782], "7": [0.009615384615384692, 0.589287], "8": [0.0, 0.560444], "9": [0.0, 0.573694], "10": [0.03846153846153849, 0.527474], "11": [0.03846153846153849, 0.547136], "12": [0.2692307692307693, 0.207052], "13": [0.2692307692307693, 0.340201], "14": [0.8076923076923077, 0.20211], "15": [0.8076923076923077, 0.338347], "16": [0.23076923076923078, 0.216959], "17": [0.7692307692307692, 0.212414], "18": [0.5, 0.0], "19": [0.5, 0.050031], "20": [0.4230769230769231, 0.000298], "21": [0.4230769230769231, 0.041482], "22": [0.5384615384615384, 0.000524], "23": [0.5384615384615384, 0.033928], "24": [0.5576923076923077, 0.005547], "25": [0.11538461538461547, 0.007432], "26": [0.5, 0.192284], "27": [0.5769230769230769, 0.008737], "28": [0.5769230769230769, 0.034006], "29": [0.19230769230769235, 0.015805], "30": [0.5, 0.155015], "31": [0.6538461538461539, 0.016802], "32": [0.5, 0.051605], "33": [0.38461538461538464, 0.032187], "34": [0.7307692307692307, 0.038336], "35": [0.5, 0.054075], "36": [0.34615384615384615, 0.065087], "37": [0.5, 0.090063], "38": [0.8846153846153846, 0.077007], "39": [0.5, 0.08592], "40": [0.5, 0.203882], "41": [0.5, 0.182041], "42": [0.5, 0.050048], "43": [0.03846153846153849, 0.506651]}, "vizEdgeSegments": [[[0.5, 0.0], [0.5, 0.0], [0.5, 0.761835]], [[0.5, 0.411059], [0.03846153846153849, 0.411059], [0.03846153846153849, 0.547136]], [[0.03846153846153849, 0.527474], [0.07692307692307698, 0.527474], [0.07692307692307698, 0.624635]], [[0.07692307692307698, 0.574765], [0.09615384615384615, 0.574765], [0.09615384615384615, 0.605447]], [[0.03846153846153849, 0.506651], [0.0, 0.506651], [0.0, 0.573694]], [[0.0, 0.560444], [0.019230769230769218, 0.560444], [0.019230769230769218, 0.598782]], [[0.019230769230769218, 0.578249], [0.009615384615384692, 0.578249], [0.009615384615384692, 0.589287]], [[0.5, 0.203882], [0.2692307692307693, 0.203882], [0.2692307692307693, 0.340201]], [[0.2692307692307693, 0.207052], [0.23076923076923078, 0.207052], [0.23076923076923078, 0.216959]], [[0.5, 0.192284], [0.11538461538461547, 0.192284], [0.11538461538461547, 0.007432]], [[0.5, 0.182041], [0.8076923076923077, 0.182041], [0.8076923076923077, 0.338347]], [[0.8076923076923077, 0.20211], [0.7692307692307692, 0.20211], [0.7692307692307692, 0.212414]], [[0.5, 0.155015], [0.19230769230769235, 0.155015], [0.19230769230769235, 0.015805]], [[0.5, 0.090063], [0.34615384615384615, 0.090063], [0.34615384615384615, 0.065087]], [[0.5, 0.08592], [0.8846153846153846, 0.08592], [0.8846153846153846, 0.077007]], [[0.5, 0.054075], [0.7307692307692307, 0.054075], [0.7307692307692307, 0.038336]], [[0.5, 0.051605], [0.6538461538461539, 0.051605], [0.6538461538461539, 0.016802]], [[0.5, 0.050048], [0.4230769230769231, 0.050048], [0.4230769230769231, 0.000298]], [[0.4230769230769231, 0.041482], [0.38461538461538464, 0.041482], [0.38461538461538464, 0.032187]], [[0.5, 0.050031], [0.5769230769230769, 0.050031], [0.5769230769230769, 0.008737]], [[0.5769230769230769, 0.034006], [0.5384615384615384, 0.034006], [0.5384615384615384, 0.000524]], [[0.5384615384615384, 0.033928], [0.5576923076923077, 0.033928], [0.5576923076923077, 0.005547]]], "vizSegmentNodeIds": [[18, 19, 42, 32, 35, 39, 37, 30, 41, 26, 40, 0, 1], [0, 43, 10, 11], [10, 2, 3], [2, 4], [43, 8, 9], [8, 5, 6], [5, 7], [40, 12, 13], [12, 16], [26, 25], [41, 14, 15], [14, 17], [30, 29], [37, 36], [39, 38], [35, 34], [32, 31], [42, 21, 20], [21, 33], [19, 28, 27], [28, 23, 22], [23, 24]], "branches": [{"nodes": [18, 19, 42, 32, 35, 39, 37, 30, 41, 26, 40, 0, 1], "parentBranch": -1, "mode": "up", "depth": 0}, {"nodes": [0, 43, 10, 11], "parentBranch": 0, "mode": "up", "depth": 1}, {"nodes": [10, 2, 3], "parentBranch": 1, "mode": "up", "depth": 2}, {"nodes": [2, 4], "parentBranch": 2, "mode": "up", "depth": 3}, {"nodes": [43, 8, 9], "parentBranch": 1, "mode": "up", "depth": 2}, {"nodes": [8, 5, 6], "parentBranch": 4, "mode": "up", "depth": 3}, {"nodes": [5, 7], "parentBranch": 5, "mode": "up", "depth": 4}, {"nodes": [40, 12, 13], "parentBranch": 0, "mode": "up", "depth": 1}, {"nodes": [12, 16], "parentBranch": 7, "mode": "up", "depth": 2}, {"nodes": [26, 25], "parentBranch": 0, "mode": "down", "depth": 1}, {"nodes": [41, 14, 15], "parentBranch": 0, "mode": "up", "depth": 1}, {"nodes": [14, 17], "parentBranch": 10, "mode": "up", "depth": 2}, {"nodes": [30, 29], "parentBranch": 0, "mode": "down", "depth": 1}, {"nodes": [37, 36], "parentBranch": 0, "mode": "down", "depth": 1}, {"nodes": [39, 38],