{"nodes": [0, 1, 2, 3, 4, 5, 6, 7, 8, 9, 10, 11, 12, 13, 14, 15, 16, 17, 18, 19, 20, 21, 22, 23, 24, 25, 26, 27, 28, 29, 30, 31, 32, 33, 34, 35, 36, 37, 38, 39, 40, 41, 42, 43, 44, 45], "edges": [[0, 1], [0, 42], [0, 15], [2, 3], [2, 11], [2, 42], [4, 5], [4, 6], [4, 7], [7, 8], [7, 43], [9, 10], [9, 12], [9, 43], [13, 14], [13, 17], [13, 44], [15, 16], [15, 18], [18, 19], [18, 34], [20, 21], [21, 36], [21, 45], [22, 23], [23, 38], [23, 45], [24, 25], [25, 26], [25, 28], [27, 28], [28, 36], [29, 30], [30, 32], [30, 44], [31, 32], [32, 41], [33, 34], [34, 44], [35, 36], [37, 38], [38, 39], [40, 41], [41, 45], [42, 43]], "heights": {"0": 0.380128, "1": 0.765476, "2": 0.532747, "3": 0.688818, "4": 0.5682, "5": 0.602596, "6": 0.597475, "7": 0.551163, "8": 0.576442, "9": 0.539384, "10": 0.57281, "11": 0.551483, "12": 0.551301, "13": 0.207611, "14": 0.340608, "15": 0.203615, "16": 0.338207, "17": 0.217404, "18": 0.201838, "19": 0.212205, "20": 0.0, "21": 0.050032, "22": 7.4e-05, "23": 0.041374, "24": 0.000352, "25": 0.027726, "26": 0.003248, "27": 0.003995, "28": 0.031986, "29": 0.00768, "30": 0.160569, "31": 0.010327, "32": 0.071704, "33": 0.01401, "34": 0.192159, "35": 0.01541, "36": 0.039278, "37": 0.032024, "38": 0.041127, "39": 0.032373, "40": 0.042631, "41": 0.070383, "42": 0.516321, "43": 0.535588, "44": 0.181442, "45": 0.050051}, "types": {"0": 1, "1": 2, "2": 1, "3": 2, "4": 1, "5": 2, "6": 2, "7": 1, "8": 2, "9": 1, "10": 2, "11": 2, "12": 2, "13": 1, "14": 2, "15": 1, "16": 2, "17": 2, "18": 1, "19": 2, "20": 0, "21": 1, "22": 0, "23": 1, "24": 0, "25": 1, "26": 0, "27": 0, "28": 1, "29": 0, "30": 1, "31": 0, "32": 1, "33": 0, "34": 1, "35": 0, "36": 1, "37": 0, "38": 1, "39": 0, "40": 0, "41": 1, "42": 1, "43": 1, "44": 1, "45": 1}, "xs": {"0": 60.0, "1": 57.0, "2": 63.0, "3": 61.0, "4": 62.0, "5": 63.0, "6": 62.0, "7": 64.0, "8": 64.0, "9": 61.0, "10": 62.0, "11": 63.0, "12": 61.0, "13": 56.0, "14": 58.0, "15": 64.0, "16": 67.0, "17": 56.0, "18": 70.0, "19": 70.0, "20": 63.0, "21": 91.0, "22": 3.0, "23": 36.0, "24": 98.0, "25": 82.0, "26": 73.0, "27": 70.0, "28": 80.0, "29": 69.0, "30": 73.0, "31": 55.0, "32": 48.0, "33": 47.0, "34": 43.0, "35": 67.0, "36": 68.0, "37": 58.0, "38": 49.0, "39": 56.0, "40": 68.0, "41": 69.0, "42": 64.0, "43": 62.0, "44": 61.0, "45": 19.0}, "ys": {"0": 138.0, "1": 154.0, "2": 119.0, "3": 126.0, "4": 108.0, "5": 109.0, "6": 106.0, "7": 110.0, "8": 111.0, "9": 95.0, "10": 91.0, "11": 118.0, "12": 97.0, "13": 42.0, "14": 51.0, "15": 54.0, "16": 51.0, "17": 41.0, "18": 42.0, "19": 41.0, "20": 37.0, "21": 0.0, "22": 148.0, "23": 80.0, "24": 152.0, "25": 127.0, "26": 127.0, "27": 110.0, "28": 110.0, "29": 156.0, "30": 154.0, "31": 127.0, "32": 126.0, "33": 151.0, "34": 149.0, "35": 110.0, "36": 110.0, "37": 57.0, "38": 85.0, "39": 94.0, "40": 127.0, "41": 126.0, "42": 115.0, "43": 100.0, "44": 53.0, "45": 0.0}, "zs": {"0": 0.0, "1": 0.0, "2": 0.0, "3": 0.0, "4": 0.0, "5": 0.0, "6": 0.0, "7": 0.0, "8": 0.0, "9": 0.0, "10": 0.0, "11": 0.0, "12": 0.0, "13": 0.0, "14": 0.0, "15": 0.0, "16": 0.0, "17": 0.0, "18": 0.0, "19": 0.0, "20": 0.0, "21": 0.0, "22": 0.0, "23": 0.0, "24": 0.0, "25": 0.0, "26": 0.0, "27": 0.0, "28": 0.0, "29": 0.0, "30": 0.0, "31": 0.0, "32": 0.0, "33": 0.0, "34": 0.0, "35": 0.0, "36": 0.0, "37": 0.0, "38": 0.0, "39": 0.0, "40": 0.0, "41": 0.0, "42": 0.0, "43": 0.0, "44": 0.0, "45": 0.0}, "vizPos": {"0": [0.5, 0.380128], "1": [0.5, 0.765476], "2": [0.9545454545454546, 0.532747], "3": [0.9545454545454546, 0.688818], "4": [0.875, 0.5682], "5": [0.875, 0.602596], "6": [0.8806818181818181, 0.597475], "7": [0.8863636363636362, 0.551163], "8": [0.8863636363636362, 0.576442], "9": [0.909090909090909, 0.539384], "10": [0.909090909090909, 0.57281], "11": [1.0, 0.551483], "12": [0.9318181818181818, 0.551301], "13": [0.04545454545454547, 0.207611], "14": [0.04545454545454547, 0.340608], "15": [0.5, 0.203615], "16": [0.7727272727272727, 0.338207], "17": [0.0, 0.217404], "18": [0.5, 0.201838], "19": [0.8636363636363636, 0.212205], "20": [0.5, 0.0], "21": [0.5, 0.050032], "22": [0.5909090909090909, 7.4e-05], "23": [0.5909090909090909, 0.041374], "24": [0.38636363636363635, 0.000352], "25": [0.38636363636363635, 0.027726], "26": [0.375, 0.003248], "27": [0.36363636363636365, 0.003995], "28": [0.36363636363636365, 0.031986], "29": [0.22727272727272724, 0.00768], "30": [0.5, 0.160569], "31": [0.3181818181818182, 0.010327], "32": [0.5, 0.071704], "33": [0.13636363636363635, 0.01401], "34": [0.5, 0.192159], "35": [0.40909090909090906, 0.01541], "36": [0.40909090909090906, 0.039278], "37": [0.5454545454545454, 0.032024], "38": [0.5454545454545454, 0.041127], "39": [0.5681818181818181, 0.032373], "40": [0.6818181818181819, 0.042631], "41": [0.5, 0.070383], "42": [0.9545454545454546, 0.516321], "43": [0.909090909090909, 0.535588], "44": [0.5, 0.181442], "45": [0.5, 0.050051]}, "vizEdgeSegments": [[[0.5, 0.0], [0.5, 0.0], [0.5, 0.765476]], [[0.5, 0.380128], [0.9545454545454546, 0.380128], [0.9545454545454546, 0.688818]], [[0.9545454545454546, 0.532747], [1.0, 0.532747], [1.0, 0.551483]], [[0.9545454545454546, 0.516321], [0.909090909090909, 0.516321], [0.909090909090909, 0.57281]], [[0.909090909090909, 0.539384], [0.9318181818181818, 0.539384], [0.9318181818181818, 0.551301]], [[0.909090909090909, 0.535588], [0.8863636363636362, 0.535588], [0.8863636363636362, 0.576442]], [[0.8863636363636362, 0.551163], [0.875, 0.551163], [0.875, 0.602596]], [[0.875, 0.5682], [0.8806818181818181, 0.5682], [0.8806818181818181, 0.597475]], [[0.5, 0.203615], [0.7727272727272727, 0.203615], [0.7727272727272727, 0.338207]], [[0.5, 0.201838], [0.8636363636363636, 0.201838], [0.8636363636363636, 0.212205]], [[0.5, 0.192159], [0.13636363636363635, 0.192159], [0.13636363636363635, 0.01401]], [[0.5, 0.181442], [0.04545454545454547, 0.181442], [0.04545454545454547, 0.340608]], [[0.04545454545454547, 0.207611], [0.0, 0.207611], [0.0, 0.217404]], [[0.5, 0.160569], [0.22727272727272724, 0.160569], [0.22727272727272724, 0.00768]], [[0.5, 0.071704], [0.3181818181818182, 0.071704], [0.3181818181818182, 0.010327]], [[0.5, 0.070383], [0.6818181818181819, 0.070383], [0.6818181818181819, 0.042631]], [[0.5, 0.050051], [0.5909090909090909, 0.050051], [0.5909090909090909, 7.4e-05]], [[0.5909090909090909, 0.041374], [0.5454545454545454, 0.041374], [0.5454545454545454, 0.032024]], [[0.5454545454545454, 0.041127], [0.5681818181818181, 0.041127], [0.5681818181818181, 0.032373]], [[0.5, 0.050032], [0.40909090909090906, 0.050032], [0.40909090909090906, 0.01541]], [[0.40909090909090906, 0.039278], [0.36363636363636365, 0.039278], [0.36363636363636365, 0.003995]], [[0.36363636363636365, 0.031986], [0.38636363636363635, 0.031986], [0.38636363636363635, 0.000352]], [[0.38636363636363635, 0.027726], [0.375, 0.027726], [0.375, 0.003248]]], "vizSegmentNodeIds": [[20, 21, 45, 41, 32, 30, 44, 34, 18, 15, 0, 1], [0, 42, 2, 3], [2, 11], [42, 43, 9, 10], [9, 12], [43, 7, 8], [7, 4, 5], [4, 6], [15, 16], [18, 19], [34, 33], [44, 13, 14], [13, 17], [30, 29], [32, 31], [41, 40], [45, 23, 22], [23, 38, 37], [38, 39], [21, 36, 35], [36, 28, 27], [28, 25, 24], [25, 26]], "branches": [{"nodes": [20, 21, 45, 41, 32, 30, 44, 34, 18, 15, 0, 1], "parentBranch": -1, "mode": "up", "depth": 0}, {"nodes": [0, 42, 2, 3], "parentBranch": 0, "mode": "up", "depth": 1}, {"nodes": [2, 11], "parentBranch": 1, "mode": "up", "depth": 2}, {"nodes": [42, 43, 9, 10], "parentBranch": 1, "mode": "up", "depth": 2}, {"nodes": [9, 12], "parentBranch": 3, "mode": "up", "depth": 3}, {"nodes": [43, 7, 8], "parentBranch": 3, "mode": "up", "depth": 3}, {"nodes": [7, 4, 5], "parentBranch": 5, "mode": "up", "depth": 4}, {"nodes": [4, 6], "parentBranch": 6, "mode": "up", "depth": 5}, {"nodes": [15, 16], "parentBranch": 0, "mode": "up", "depth": 1}, {"nodes": [18, 19], "parentBranch": 0, "mode": "up", "depth": 1}, {"nodes": [34, 33], "parentBranch": 0, "mode": "down", "depth": 1}, {"nodes": [44, 13, 14],