{"nodes": [0, 1, 2, 3, 4, 5, 6, 7, 8, 9, 10, 11, 12, 13, 14, 15, 16, 17, 18, 19, 20, 21, 22, 23, 24, 25, 26, 27, 28, 29, 30, 31, 32, 33, 34, 35, 36, 37, 38, 39, 40, 41, 42, 43, 44, 45, 46, 47, 48, 49, 50, 51, 52, 53, 54, 55, 56, 57, 58, 59], "edges": [[0, 1], [0, 7], [0, 8], [2, 3], [2, 4], [2, 38], [4, 5], [4, 6], [8, 9], [8, 12], [10, 11], [10, 16], [10, 59], [12, 13], [12, 38], [12, 58], [14, 15], [14, 18], [14, 58], [16, 17], [16, 20], [18, 19], [18, 22], [20, 21], [20, 24], [22, 23], [22, 26], [24, 25], [24, 27], [28, 29], [28, 34], [28, 36], [30, 31], [31, 32], [31, 34], [33, 34], [35, 36], [36, 38], [37, 38], [39, 40], [40, 42], [40, 44], [41, 42], [42, 46], [43, 44], [44, 59], [45, 46], [46, 48], [47, 48], [48, 50], [49, 50], [50, 52], [51, 52], [52, 54], [53, 54], [54, 56], [55, 56], [56, 57], [58, 59]], "heights": {"0": 1.323367, "1": 1.406851, "2": 1.107031, "3": 1.404978, "4": 1.349502, "5": 1.37226, "6": 1.367105, "7": 1.340521, "8": 1.044101, "9": 1.319885, "10": 1.023445, "11": 1.258924, "12": 1.021507, "13": 1.252789, "14": 1.02876, "15": 1.248301, "16": 1.030361, "17": 1.231916, "18": 1.032222, "19": 1.219049, "20": 1.032811, "21": 1.207157, "22": 1.03389, "23": 1.201525, "24": 1.034343, "25": 1.193303, "26": 1.190904, "27": 1.178778, "28": 0.539175, "29": 0.575417, "30": 0.0, "31": 0.085502, "32": 0.038096, "33": 0.095984, "34": 0.415678, "35": 0.54478, "36": 0.839276, "37": 0.685525, "38": 1.019865, "39": 0.689229, "40": 0.959604, "41": 0.691619, "42": 0.944451, "43": 0.701678, "44": 0.982523, "45": 0.715299, "46": 0.937591, "47": 0.737793, "48": 0.929138, "49": 0.756591, "50": 0.920399, "51": 0.766163, "52": 0.907752, "53": 0.774305, "54": 0.898622, "55": 0.777165, "56": 0.883231, "57": 0.79425, "58": 1.016081, "59": 1.013034}, "types": {"0": 1, "1": 2, "2": 1, "3": 2, "4": 1, "5": 2, "6": 2, "7": 2, "8": 1, "9": 2, "10": 1, "11": 2, "12": 1, "13": 2, "14": 1, "15": 2, "16": 1, "17": 2, "18": 1, "19": 2, "20": 1, "21": 2, "22": 1, "23": 2, "24": 1, "25": 2, "26": 2, "27": 2, "28": 1, "29": 2, "30": 0, "31": 1, "32": 0, "33": 0, "34": 1, "35": 0, "36": 1, "37": 0, "38": 1, "39": 0, "40": 1, "41": 0, "42": 1, "43": 0, "44": 1, "45": 0, "46": 1, "47": 0, "48": 1, "49": 0, "50": 1, "51": 0, "52": 1, "53": 0, "54": 1, "55": 0, "56": 1, "57": 0, "58": 1, "59": 1}, "xs": {"0": 25.0, "1": 35.0, "2": 37.0, "3": 25.0, "4": 47.0, "5": 46.0, "6": 47.0, "7": 25.0, "8": 50.0, "9": 61.0, "10": 103.0, "11": 88.0, "12": 68.0, "13": 74.0, "14": 118.0, "15": 103.0, "16": 131.0, "17": 117.0, "18": 146.0, "19": 131.0, "20": 159.0, "21": 145.0, "22": 172.0, "23": 159.0, "24": 187.0, "25": 173.0, "26": 187.0, "27": 199.0, "28": 34.0, "29": 34.0, "30": 23.0, "31": 28.0, "32": 30.0, "33": 38.0, "34": 34.0, "35": 48.0, "36": 45.0, "37": 61.0, "38": 54.0, "39": 89.0, "40": 96.0, "41": 103.0, "42": 110.0, "43": 75.0, "44": 81.0, "45": 117.0, "46": 124.0, "47": 131.0, "48": 138.0, "49": 145.0, "50": 152.0, "51": 159.0, "52": 166.0, "53": 173.0, "54": 179.0, "55": 187.0, "56": 194.0, "57": 199.0, "58": 90.0, "59": 75.0}, "ys": {"0": 19.0, "1": 19.0, "2": 37.0, "3": 29.0, "4": 31.0, "5": 31.0, "6": 30.0, "7": 20.0, "8": 0.0, "9": 17.0, "10": 0.0, "11": 17.0, "12": 25.0, "13": 31.0, "14": 49.0, "15": 32.0, "16": 0.0, "17": 16.0, "18": 49.0, "19": 34.0, "20": 0.0, "21": 14.0, "22": 49.0, "23": 35.0, "24": 0.0, "25": 13.0, "26": 36.0, "27": 13.0, "28": 27.0, "29": 25.0, "30": 23.0, "31": 25.0, "32": 26.0, "33": 27.0, "34": 23.0, "35": 22.0, "36": 27.0, "37": 28.0, "38": 23.0, "39": 27.0, "40": 25.0, "41": 22.0, "42": 24.0, "43": 22.0, "44": 24.0, "45": 27.0, "46": 25.0, "47": 22.0, "48": 24.0, "49": 27.0, "50": 25.0, "51": 23.0, "52": 25.0, "53": 26.0, "54": 24.0, "55": 23.0, "56": 25.0, "57": 26.0, "58": 49.0, "59": 0.0}, "zs": {"0": 0.0, "1": 0.0, "2": 0.0, "3": 0.0, "4": 0.0, "5": 0.0, "6": 0.0, "7": 0.0, "8": 0.0, "9": 0.0, "10": 0.0, "11": 0.0, "12": 0.0, "13": 0.0, "14": 0.0, "15": 0.0, "16": 0.0, "17": 0.0, "18": 0.0, "19": 0.0, "20": 0.0, "21": 0.0, "22": 0.0, "23": 0.0, "24": 0.0, "25": 0.0, "26": 0.0, "27": 0.0, "28": 0.0, "29": 0.0, "30": 0.0, "31": 0.0, "32": 0.0, "33": 0.0, "34": 0.0, "35": 0.0, "36": 0.0, "37": 0.0, "38": 0.0, "39": 0.0, "40": 0.0, "41": 0.0, "42": 0.0, "43": 0.0, "44": 0.0, "45": 0.0, "46": 0.0, "47": 0.0, "48": 0.0, "49": 0.0, "50": 0.0, "51": 0.0, "52": 0.0, "53": 0.0, "54": 0.0, "55": 0.0, "56": 0.0, "57": 0.0, "58": 0.0, "59": 0.0}, "vizPos": {"0": [0.5, 1.317343988909384], "1": [0.5, 1.406851], "2": [0.45291539999999997, 0.9857708734885356], "3": [0.42942009999999997, 1.4051754092088267], "4": [0.45291539999999997, 1.348481385987867], "5": [0.47641069999999996, 1.3733572531005458], "6": [0.45291539999999997, 1.3679138911540325], "7": [0.9230094, 1.3380797213383544], "8": [0.5, 0.8705080549036864], "9": [0.735047, 1.3130012437778387], "10": [0.8290277, 0.8313776631325726], "11": [0.8172800500000001, 1.2305210815694636], "12": [0.5, 0.8276881948725169], "13": [0.264953, 1.2216213087813936], "14": [0.8603552666666666, 0.8414830622616958], "15": [0.849912911111111, 1.2150498011534123], "16": [0.8290277, 0.8445227944741924], "17": [0.8329435833333334, 1.19064042658445], "18": [0.8603552666666666, 0.8480534200962285], "19": [0.8603557666666666, 1.1710359409291302], "20": [0.8290277, 0.849170205014413], "21": [0.8251118166666668, 1.152594782827421], "22": [0.8603552666666666, 0.8512152276421159], "23": [0.8707976222222222, 1.1437567223981688], "24": [0.8290277, 0.8520734663959845], "25": [0.8407753500000001, 1.130736375174708], "26": [0.8603552666666666, 1.1269112167182422], "27": [0.8290277, 1.1073977756848745], "28": [0.5, 0.1596767046105733], "29": [0.17097180000000003, 0.18460250712894158], "30": [0.5, 0.0], "31": [0.5, 0.0238220997410605], "32": [0.5470845999999999, 0.010337354481279076], "33": [0.07699059999999998, 0.026772090480883012], "34": [0.5, 0.1016945442909815], "35": [0.6410658, 0.16326304339704936], "36": [0.5, 0.49983048632375876], "37": [0.3589342, 0.28808128464367894], "38": [0.5, 0.8245605217869629], "39": [0.7977011333333334, 0.2923208172150605], "40": [0.7977011333333334, 0.7099953206712352], "41": [0.8055329, 0.2950819012840007], "42": [0.8055329, 0.6817277616602636], "43": [0.8290282, 0.30691975747991446], "44": [0.8290282, 0.7533328903122787], "45": [0.8094487833333333, 0.32349706278338336], "46": [0.8094487833333333, 0.6690620257936728], "47": [0.811406725, 0.35219497621850293], "48": [0.811406725, 0.6535829544370091], "49": [0.8123856958333333, 0.3773725377362193], "50": [0.8123856958333333, 0.6377405330065353], "51": [0.81287518125, 0.3905903511717779], "52": [0.81287518125, 0.6151247981468221], "53": [0.8131199239583333, 0.4020377340788751], "54": [0.8131199239583333, 0.5990407315683016], "55": [0.8132422953124999, 0.40610265265603196], "56": [0.8132422953124999, 0.5724100534917179], "57": [0.8133034809895833, 0.4308522330605059], "58": [0.8290282, 0.8173475914944888], "59": [0.8290282, 0.8115351965646787]},