{"nodes": [0, 1, 2, 3, 4, 5, 6, 7, 8, 9, 10, 11, 12, 13, 14, 15, 16, 17, 18, 19, 20, 21, 22, 23, 24, 25, 26, 27, 28, 29, 30, 31, 32, 33, 34, 35, 36, 37, 38, 39, 40, 41, 42, 43, 44, 45, 46, 47, 48, 49, 50, 51, 52, 53, 54, 55, 56, 57, 58], "edges": [[0, 1], [0, 4], [0, 56], [2, 3], [2, 5], [2, 8], [5, 6], [5, 7], [8, 9], [8, 56], [10, 11], [10, 16], [10, 58], [12, 13], [12, 14], [12, 57], [14, 15], [14, 18], [16, 17], [16, 20], [18, 19], [18, 22], [20, 21], [20, 24], [22, 23], [22, 26], [24, 25], [24, 27], [28, 29], [29, 30], [29, 32], [31, 32], [32, 34], [33, 34], [34, 36], [35, 36], [36, 56], [37, 38], [38, 44], [38, 40], [39, 40], [40, 42], [41, 42], [42, 58], [43, 44], [44, 46], [45, 46], [46, 48], [47, 48], [48, 50], [49, 50], [50, 52], [51, 52], [52, 54], [53, 54], [54, 55], [56, 57], [57, 58]], "heights": {"0": 1.0866, "1": 1.425536, "2": 1.287139, "3": 1.392278, "4": 1.371293, "5": 1.302429, "6": 1.31908, "7": 1.31887, "8": 1.033559, "9": 1.295553, "10": 1.025571, "11": 1.258638, "12": 1.019601, "13": 1.25729, "14": 1.02949, "15": 1.244383, "16": 1.030803, "17": 1.227827, "18": 1.03331, "19": 1.216758, "20": 1.03379, "21": 1.205791, "22": 1.034731, "23": 1.199444, "24": 1.034591, "25": 1.191901, "26": 1.189527, "27": 1.11141, "28": 0.0, "29": 0.087023, "30": 0.052376, "31": 0.100784, "32": 0.185593, "33": 0.253789, "34": 0.482408, "35": 0.601035, "36": 0.934963, "37": 0.690886, "38": 0.954241, "39": 0.696065, "40": 0.974149, "41": 0.69785, "42": 1.009706, "43": 0.698374, "44": 0.941648, "45": 0.724259, "46": 0.935495, "47": 0.745497, "48": 0.925063, "49": 0.762726, "50": 0.917497, "51": 0.770355, "52": 0.904318, "53": 0.776918, "54": 0.895606, "55": 0.779109, "56": 1.0318, "57": 1.015293, "58": 1.013558}, "types": {"0": 1, "1": 2, "2": 1, "3": 2, "4": 2, "5": 1, "6": 2, "7": 2, "8": 1, "9": 2, "10": 1, "11": 2, "12": 1, "13": 2, "14": 1, "15": 2, "16": 1, "17": 2, "18": 1, "19": 2, "20": 1, "21": 2, "22": 1, "23": 2, "24": 1, "25": 2, "26": 2, "27": 2, "28": 0, "29": 1, "30": 0, "31": 0, "32": 1, "33": 0, "34": 1, "35": 0, "36": 1, "37": 0, "38": 1, "39": 0, "40": 1, "41": 0, "42": 1, "43": 0, "44": 1, "45": 0, "46": 1, "47": 0, "48": 1, "49": 0, "50": 1, "51": 0, "52": 1, "53": 0, "54": 1, "55": 0, "56": 1, "57": 1, "58": 1}, "xs": {"0": 38.0, "1": 25.0, "2": 29.0, "3": 38.0, "4": 50.0, "5": 25.0, "6": 25.0, "7": 27.0, "8": 50.0, "9": 65.0, "10": 109.0, "11": 92.0, "12": 94.0, "13": 78.0, "14": 122.0, "15": 106.0, "16": 134.0, "17": 120.0, "18": 149.0, "19": 134.0, "20": 162.0, "21": 148.0, "22": 175.0, "23": 162.0, "24": 190.0, "25": 176.0, "26": 190.0, "27": 199.0, "28": 23.0, "29": 28.0, "30": 31.0, "31": 31.0, "32": 30.0, "33": 40.0, "34": 37.0, "35": 51.0, "36": 47.0, "37": 93.0, "38": 100.0, "39": 78.0, "40": 85.0, "41": 64.0, "42": 71.0, "43": 107.0, "44": 114.0, "45": 121.0, "46": 128.0, "47": 135.0, "48": 141.0, "49": 148.0, "50": 156.0, "51": 162.0, "52": 169.0, "53": 176.0, "54": 184.0, "55": 190.0, "56": 58.0, "57": 63.0, "58": 78.0}, "ys": {"0": 43.0, "1": 29.0, "2": 18.0, "3": 19.0, "4": 31.0, "5": 19.0, "6": 20.0, "7": 19.0, "8": 0.0, "9": 17.0, "10": 0.0, "11": 17.0, "12": 49.0, "13": 31.0, "14": 49.0, "15": 33.0, "16": 0.0, "17": 16.0, "18": 49.0, "19": 34.0, "20": 0.0, "21": 14.0, "22": 49.0, "23": 35.0, "24": 0.0, "25": 13.0, "26": 36.0, "27": 13.0, "28": 23.0, "29": 22.0, "30": 22.0, "31": 25.0, "32": 25.0, "33": 26.0, "34": 23.0, "35": 22.0, "36": 26.0, "37": 27.0, "38": 25.0, "39": 22.0, "40": 24.0, "41": 27.0, "42": 25.0, "43": 22.0, "44": 25.0, "45": 27.0, "46": 25.0, "47": 22.0, "48": 24.0, "49": 27.0, "50": 25.0, "51": 23.0, "52": 24.0, "53": 26.0, "54": 25.0, "55": 23.0, "56": 24.0, "57": 49.0, "58": 0.0}, "zs": {"0": 0.0, "1": 0.0, "2": 0.0, "3": 0.0, "4": 0.0, "5": 0.0, "6": 0.0, "7": 0.0, "8": 0.0, "9": 0.0, "10": 0.0, "11": 0.0, "12": 0.0, "13": 0.0, "14": 0.0, "15": 0.0, "16": 0.0, "17": 0.0, "18": 0.0, "19": 0.0, "20": 0.0, "21": 0.0, "22": 0.0, "23": 0.0, "24": 0.0, "25": 0.0, "26": 0.0, "27": 0.0, "28": 0.0, "29": 0.0, "30": 0.0, "31": 0.0, "32": 0.0, "33": 0.0, "34": 0.0, "35": 0.0, "36": 0.0, "37": 0.0, "38": 0.0, "39": 0.0, "40": 0.0, "41": 0.0, "42": 0.0, "43": 0.0, "44": 0.0, "45": 0.0, "46": 0.0, "47": 0.0, "48": 0.0, "49": 0.0, "50": 0.0, "51": 0.0, "52": 0.0, "53": 0.0, "54": 0.0, "55": 0.0, "56": 0.0, "57": 0.0, "58": 0.0}, "vizPos": {"0": [0.5, 0.9386680894502957], "1": [0.5, 1.425536], "2": [0.42158833333333323, 1.2756443361982293], "3": [0.42158883333333325, 1.397680463678532], "4": [0.6763087499999999, 1.3773895200097108], "5": [0.42158833333333323, 1.2963930301946318], "6": [0.4738001111111111, 1.3179095001747778], "7": [0.42158833333333323, 1.317645431943606], "8": [0.42158833333333323, 0.8342662332999793], "9": [0.3693765555555556, 1.2871758740095753], "10": [0.2649535, 0.8182966953608894], "11": [0.2453740833333333, 1.2346500781225627], "12": [0.31716477777777774, 0.8063515822559606], "13": [0.297585361111111, 1.2326417515134052], "14": [0.31716477777777774, 0.8261344468154745], "15": [0.33674419444444437, 1.2131168878258503], "16": [0.2649535, 0.8287592252967636], "17": [0.28453291666666664, 1.1873279599631124], "18": [0.31716477777777774, 0.8337688344640741], "19": [0.32369125, 1.1696482283580123], "20": [0.2649535, 0.8347276468572989], "21": [0.25842702777777776, 1.151803351400969], "22": [0.31716477777777774, 0.8366069623937347], "23": [0.3106383055555555, 1.141331512180714], "24": [0.2649535, 0.8363273925487922], "25": [0.2714799722222222, 1.1287519773122068], "26": [0.31716477777777774, 1.1247630103998278], "27": [0.2649535, 0.9858022757196431], "28": [0.5, 0.0], "29": [0.5, 0.029496640693758222], "30": [0.10831766666666665, 0.017062503803415393], "31": [0.79378525, 0.03455994318318087], "32": [0.5, 0.065258326719577], "33": [0.55883225, 0.08714291977123625], "34": [0.5, 0.15194899280128124], "35": [0.91126175, 0.21299809396552372], "36": [0.5, 0.6411178613872391], "37": [0.19968827777777773, 0.29007959233212616], "38": [0.19968827777777773, 0.6775038257394009], "39": [0.21274122222222216, 0.29543516425420374], "40": [0.21274122222222216, 0.7160646655889307], "41": [0.264953, 0.2973034156566435], "42": [0.264953, 0.786559132301495], "43": [0.19316180555555548, 0.29785402432428326], "44": [0.19316180555555548, 0.6536153041439995], "45": [0.1898985694444444, 0.3262564042114564], "46": [0.1898985694444444, 0.6421074865343507], "47": [0.18826695138888883, 0.351263875247114], "48": [0.18826695138888883, 0.6228641970018596], "49": [0.18745114236111104, 0.37263454217617215], "50": [0.18745114236111104, 0.6091296872828953], "51": [0.18704323784722218, 0.3824014463101198], "52": [0.18704323784722218, 0.585675697150103], "53": [0.18683928559027776, 0.39095194102925274], "54": [0.18683928559027776, 0.5705107203877008], "55": [0.18673730946180553, 0.3938369700347994], "56": [0.5, 0.8307518246420048], "57": [0.264953, 0.797731927093242], "58": [0.264953, 0.794261308365952]},