{"nodes": [0, 1, 2, 3, 4, 5, 6, 7, 8, 9, 10, 11, 12, 13, 14, 15, 16, 17, 18, 19, 20, 21, 22, 23, 24, 25, 26, 27, 28, 29, 30, 31, 32, 33, 34, 35, 36, 37, 38, 39, 40, 41, 42, 43, 44, 45, 46, 47, 48, 49, 50, 51, 52, 53, 54, 55], "edges": [[0, 1], [0, 4], [0, 53], [2, 3], [2, 5], [2, 53], [6, 7], [6, 12], [6, 55], [8, 9], [8, 10], [8, 35], [10, 11], [10, 14], [12, 13], [12, 16], [14, 15], [14, 18], [16, 17], [16, 20], [18, 19], [18, 22], [20, 21], [20, 23], [24, 25], [25, 26], [25, 54], [27, 28], [28, 29], [28, 54], [30, 31], [31, 54], [31, 53], [32, 33], [33, 39], [33, 37], [34, 35], [35, 53], [35, 55], [36, 37], [37, 41], [38, 39], [39, 55], [40, 41], [41, 43], [42, 43], [43, 45], [44, 45], [45, 47], [46, 47], [47, 49], [48, 49], [49, 51], [50, 51], [51, 52]], "heights": {"0": 1.09805, "1": 1.410201, "2": 1.040292, "3": 1.403254, "4": 1.369442, "5": 1.313218, "6": 1.02443, "7": 1.259369, "8": 1.017731, "9": 1.250939, "10": 1.02859, "11": 1.243692, "12": 1.030843, "13": 1.230852, "14": 1.0316, "15": 1.216496, "16": 1.03288, "17": 1.206959, "18": 1.034242, "19": 1.199167, "20": 1.03413, "21": 1.19366, "22": 1.188662, "23": 1.166473, "24": 0.0, "25": 0.124139, "26": 0.039621, "27": 0.13712, "28": 0.218402, "29": 0.166573, "30": 0.562726, "31": 0.867876, "32": 0.686943, "33": 0.953994, "34": 0.690039, "35": 1.016318, "36": 0.694711, "37": 0.943546, "38": 0.701449, "39": 0.983943, "40": 0.716092, "41": 0.936793, "42": 0.740601, "43": 0.928497, "44": 0.756396, "45": 0.917661, "46": 0.767985, "47": 0.908805, "48": 0.773188, "49": 0.894711, "50": 0.778725, "51": 0.8857, "52": 0.814396, "53": 1.030713, "54": 0.455678, "55": 1.012722}, "types": {"0": 1, "1": 2, "2": 1, "3": 2, "4": 2, "5": 2, "6": 1, "7": 2, "8": 1, "9": 2, "10": 1, "11": 2, "12": 1, "13": 2, "14": 1, "15": 2, "16": 1, "17": 2, "18": 1, "19": 2, "20": 1, "21": 2, "22": 2, "23": 2, "24": 0, "25": 1, "26": 0, "27": 0, "28": 1, "29": 0, "30": 0, "31": 1, "32": 0, "33": 1, "34": 0, "35": 1, "36": 0, "37": 1, "38": 0, "39": 1, "40": 0, "41": 1, "42": 0, "43": 1, "44": 0, "45": 1, "46": 0, "47": 1, "48": 0, "49": 1, "50": 0, "51": 1, "52": 0, "53": 1, "54": 1, "55": 1}, "xs": {"0": 37.0, "1": 25.0, "2": 50.0, "3": 35.0, "4": 47.0, "5": 62.0, "6": 106.0, "7": 89.0, "8": 91.0, "9": 75.0, "10": 119.0, "11": 104.0, "12": 134.0, "13": 118.0, "14": 146.0, "15": 132.0, "16": 159.0, "17": 146.0, "18": 172.0, "19": 160.0, "20": 187.0, "21": 174.0, "22": 188.0, "23": 199.0, "24": 23.0, "25": 30.0, "26": 30.0, "27": 38.0, "28": 38.0, "29": 39.0, "30": 49.0, "31": 45.0, "32": 90.0, "33": 97.0, "34": 62.0, "35": 68.0, "36": 104.0, "37": 111.0, "38": 76.0, "39": 82.0, "40": 118.0, "41": 125.0, "42": 132.0, "43": 139.0, "44": 146.0, "45": 153.0, "46": 160.0, "47": 167.0, "48": 174.0, "49": 181.0, "50": 188.0, "51": 194.0, "52": 199.0, "53": 55.0, "54": 35.0, "55": 78.0}, "ys": {"0": 6.0, "1": 20.0, "2": 49.0, "3": 30.0, "4": 18.0, "5": 32.0, "6": 49.0, "7": 32.0, "8": 0.0, "9": 18.0, "10": 0.0, "11": 17.0, "12": 49.0, "13": 33.0, "14": 0.0, "15": 15.0, "16": 49.0, "17": 35.0, "18": 0.0, "19": 14.0, "20": 49.0, "21": 36.0, "22": 13.0, "23": 36.0, "24": 23.0, "25": 24.0, "26": 23.0, "27": 23.0, "28": 22.0, "29": 22.0, "30": 27.0, "31": 22.0, "32": 22.0, "33": 25.0, "34": 21.0, "35": 24.0, "36": 27.0, "37": 25.0, "38": 27.0, "39": 24.0, "40": 22.0, "41": 24.0, "42": 27.0, "43": 25.0, "44": 22.0, "45": 25.0, "46": 26.0, "47": 25.0, "48": 23.0, "49": 25.0, "50": 26.0, "51": 24.0, "52": 23.0, "53": 25.0, "54": 25.0, "55": 49.0}, "zs": {"0": 0.0, "1": 0.0, "2": 0.0, "3": 0.0, "4": 0.0, "5": 0.0, "6": 0.0, "7": 0.0, "8": 0.0, "9": 0.0, "10": 0.0, "11": 0.0, "12": 0.0, "13": 0.0, "14": 0.0, "15": 0.0, "16": 0.0, "17": 0.0, "18": 0.0, "19": 0.0, "20": 0.0, "21": 0.0, "22": 0.0, "23": 0.0, "24": 0.0, "25": 0.0, "26": 0.0, "27": 0.0, "28": 0.0, "29": 0.0, "30": 0.0, "31": 0.0, "32": 0.0, "33": 0.0, "34": 0.0, "35": 0.0, "36": 0.0, "37": 0.0, "38": 0.0, "39": 0.0, "40": 0.0, "41": 0.0, "42": 0.0, "43": 0.0, "44": 0.0, "45": 0.0, "46": 0.0, "47": 0.0, "48": 0.0, "49": 0.0, "50": 0.0, "51": 0.0, "52": 0.0, "53": 0.0, "54": 0.0, "55": 0.0}, "vizPos": {"0": [0.5, 1.014146400315454], "1": [0.5, 1.410201], "2": [0.735047, 0.9050589743774419], "3": [0.7742058333333334, 1.405548075596423], "4": [0.42158833333333323, 1.380234856740532], "5": [0.735047, 1.327886870086566], "6": [0.2453735833333333, 0.8740023076382251], "7": [0.2306890208333333, 1.2654585891072287], "8": [0.30411183333333336, 0.860803176959385], "9": [0.27474270833333336, 1.2546216649710333], "10": [0.30411183333333336, 0.8821769658561393], "11": [0.294322125, 1.245083143032555], "12": [0.2453735833333333, 0.8865961917517409], "13": [0.2502684375, 1.2276875515408165], "14": [0.30411183333333336, 0.888079674282801], "15": [0.33348095833333335, 1.2075056372855326], "16": [0.2453735833333333, 0.8905864532055032], "17": [0.2600581458333333, 1.1936819371855887], "18": [0.30411183333333336, 0.8932515209954561], "19": [0.3139015416666666, 1.1821463074749212], "20": [0.2453735833333333, 0.8930324585748232], "21": [0.24047872916666665, 1.1738646657215936], "22": [0.30411183333333336, 1.1662572290503843], "23": [0.2453735833333333, 1.1314558336894187], "24": [0.5, 0.0], "25": [0.5, 0.04487071632353701], "26": [0.8916823333333332, 0.012858971568463244], "27": [0.10831766666666665, 0.050035290737002656], "28": [0.10831766666666665, 0.08120978670085764], "29": [0.06915883333333335, 0.06167838896428926], "30": [0.5784116666666667, 0.20696901009451846], "31": [0.5, 0.5749812662145943], "32": [0.20621474999999997, 0.3134567201948697], "33": [0.20621474999999997, 0.7350257162214513], "34": [0.264953, 0.31691623423361215], "35": [0.264953, 0.8580143895219428], "36": [0.19642504166666663, 0.32221161004632465], "37": [0.19642504166666663, 0.7147361336295593], "38": [0.22579416666666663, 0.33000605129146854], "39": [0.22579416666666663, 0.7939278014025073], "40": [0.19153018749999995, 0.3475765980471542], "41": [0.19153018749999995, 0.7017207833236329], "42": [0.18908276041666663, 0.378862433560698], "43": [0.18908276041666663, 0.6858516854090576], "44": [0.187859046875, 0.4002184171813455], "45": [0.187859046875, 0.6653448155157313], "46": [0.18724719010416663, 0.41645849739693236], "47": [0.18724719010416663, 0.6487882361274501], "48": [0.18694126171874995, 0.42390297087326717], "49": [0.18694126171874995, 0.6228491431300888], "50": [0.18678829752604162, 0.43192805462970923], "51": [0.18678829752604162, 0.6065457855884535], "52": [0.18671181542968743, 0.4860975569707048], "53": [0.5, 0.8863413622751501], "54": [0.5, 0.15560643979575547], "55": [0.22579416666666663, 0.8509108848231958]},