{"nodes": [0, 1, 2, 3, 4, 5, 6, 7, 8, 9, 10, 11, 12, 13, 14, 15, 16, 17, 18, 19, 20, 21, 22, 23, 24, 25], "edges": [[0, 1], [0, 2], [0, 7], [2, 3], [2, 4], [4, 5], [4, 6], [7, 8], [7, 21], [9, 10], [9, 21], [9, 19], [11, 12], [12, 16], [12, 14], [13, 14], [14, 23], [15, 16], [16, 17], [18, 19], [19, 25], [20, 21], [22, 23], [23, 25], [24, 25]], "heights": {"0": 0.362545, "1": 0.776583, "2": 0.51105, "3": 0.692387, "4": 0.534904, "5": 0.597138, "6": 0.565208, "7": 0.205588, "8": 0.338156, "9": 0.177968, "10": 0.33557, "11": 0.0, "12": 0.050004, "13": 0.000234, "14": 0.050071, "15": 0.000452, "16": 0.031722, "17": 0.005176, "18": 0.006134, "19": 0.164739, "20": 0.007274, "21": 0.188481, "22": 0.008943, "23": 0.059407, "24": 0.041669, "25": 0.066815}, "types": {"0": 1, "1": 2, "2": 1, "3": 2, "4": 1, "5": 2, "6": 2, "7": 1, "8": 2, "9": 1, "10": 2, "11": 0, "12": 1, "13": 0, "14": 1, "15": 0, "16": 1, "17": 0, "18": 0, "19": 1, "20": 0, "21": 1, "22": 0, "23": 1, "24": 0, "25": 1}, "xs": {"0": 66.0, "1": 67.0, "2": 61.0, "3": 64.0, "4": 64.0, "5": 62.0, "6": 63.0, "7": 64.0, "8": 67.0, "9": 61.0, "10": 58.0, "11": 63.0, "12": 43.0, "13": 121.0, "14": 82.0, "15": 27.0, "16": 45.0, "17": 56.0, "18": 56.0, "19": 52.0, "20": 78.0, "21": 81.0, "22": 73.0, "23": 80.0, "24": 57.0, "25": 56.0}, "ys": {"0": 138.0, "1": 154.0, "2": 115.0, "3": 128.0, "4": 102.0, "5": 108.0, "6": 92.0, "7": 54.0, "8": 51.0, "9": 53.0, "10": 51.0, "11": 37.0, "12": 0.0, "13": 148.0, "14": 0.0, "15": 153.0, "16": 108.0, "17": 109.0, "18": 157.0, "19": 155.0, "20": 152.0, "21": 151.0, "22": 127.0, "23": 126.0, "24": 126.0, "25": 126.0}, "zs": {"0": 0.0, "1": 0.0, "2": 0.0, "3": 0.0, "4": 0.0, "5": 0.0, "6": 0.0, "7": 0.0, "8": 0.0, "9": 0.0, "10": 0.0, "11": 0.0, "12": 0.0, "13": 0.0, "14": 0.0, "15": 0.0, "16": 0.0, "17": 0.0, "18": 0.0, "19": 0.0, "20": 0.0, "21": 0.0, "22": 0.0, "23": 0.0, "24": 0.0, "25": 0.0}, "vizPos": {"0": [0.5, 0.362545], "1": [0.5, 0.776583], "2": [0.04545454545454547, 0.51105], "3": [0.04545454545454547, 0.692387], "4": [0.0, 0.534904], "5": [0.0, 0.597138], "6": [0.022727272727272874, 0.565208], "7": [0.5, 0.205588], "8": [0.3181818181818182, 0.338156], "9": [0.5, 0.177968], "10": [0.7727272727272727, 0.33557], "11": [0.5, 0.0], "12": [0.5, 0.050004], "13": [0.5909090909090909, 0.000234], "14": [0.5, 0.050071], "15": [0.40909090909090906, 0.000452], "16": [0.40909090909090906, 0.031722], "17": [0.36363636363636365, 0.005176], "18": [0.22727272727272724, 0.006134], "19": [0.5, 0.164739], "20": [0.13636363636363635, 0.007274], "21": [0.5, 0.188481], "22": [0.6818181818181819, 0.008943], "23": [0.5, 0.059407], "24": [0.8636363636363636, 0.041669], "25": [0.5, 0.066815]}, "vizEdgeSegments": [[[0.5, 0.0], [0.5, 0.0], [0.5, 0.776583]], [[0.5, 0.362545], [0.04545454545454547, 0.362545], [0.04545454545454547, 0.692387]], [[0.04545454545454547, 0.51105], [0.0, 0.51105], [0.0, 0.597138]], [[0.0, 0.534904], [0.022727272727272874, 0.534904], [0.022727272727272874, 0.565208]], [[0.5, 0.205588], [0.3181818181818182, 0.205588], [0.3181818181818182, 0.338156]], [[0.5, 0.188481], [0.13636363636363635, 0.188481], [0.13636363636363635, 0.007274]], [[0.5, 0.177968], [0.7727272727272727, 0.177968], [0.7727272727272727, 0.33557]], [[0.5, 0.164739], [0.22727272727272724, 0.164739], [0.22727272727272724, 0.006134]], [[0.5, 0.066815], [0.8636363636363636, 0.066815], [0.8636363636363636, 0.041669]], [[0.5, 0.059407], [0.6818181818181819, 0.059407], [0.6818181818181819, 0.008943]], [[0.5, 0.050071], [0.5909090909090909, 0.050071], [0.5909090909090909, 0.000234]], [[0.5, 0.050004], [0.40909090909090906, 0.050004], [0.40909090909090906, 0.000452]], [[0.40909090909090906, 0.031722], [0.36363636363636365, 0.031722], [0.36363636363636365, 0.005176]]], "vizSegmentNodeIds": [[11, 12, 14, 23, 25, 19, 9, 21, 7, 0, 1], [0, 2, 3], [2, 4, 5], [4, 6], [7, 8], [21, 20], [9, 10], [19, 18], [25, 24], [23, 22], [14, 13], [12, 16, 15], [16, 17]], "branches": [{"nodes": [11, 12, 14, 23, 25, 19, 9, 21, 7, 0, 1], "parentBranch": -1, "mode": "up", "depth": 0}, {"nodes": [0, 2, 3], "parentBranch": 0, "mode": "up", "depth": 1}, {"nodes": [2, 4, 5], "parentBranch": 1, "mode": "up", "depth": 2}, {"nodes": [4, 6], "parentBranch": 2, "mode": "up", "depth": 3}, {"nodes": [7, 8], "parentBranch": 0, "mode": "up", "depth": 1}, {"nodes": [21, 20], "parentBranch": 0, "mode": "down", "depth": 1}, {"nodes": [9, 10], "parentBranch": 0, "mode": "up", "depth": 1}, {"nodes": [19, 18], "parentBranch": 0, "mode": "down", "depth": 1}, {"nodes": [25, 24], "parentBranch": 0, "mode": "down", "depth": 1}, {"nodes": [23, 22], "parentBranch": 0, "mode": "down", "depth": 1}, {"nodes": [14, 13], "parentBranch": 0, "mode": "down", "depth": 1}, {"nodes": [12, 16, 15], "parentBranch": 0, "mode": "down", "depth": 1}, {"nodes": [16, 17], "parentBranch": 11, "mode": "down", "depth": 2}]}