{"nodes": [0, 1, 2, 3, 4, 5, 6, 7, 8, 9, 10, 11, 12, 13, 14, 15, 16, 17, 18, 19, 20, 21, 22, 23, 24, 25], "edges": [[0, 1], [0, 2], [0, 9], [2, 3], [2, 4], [4, 5], [4, 6], [7, 8], [7, 21], [7, 19], [9, 10], [9, 21], [11, 12], [12, 15], [12, 14], [13, 14], [14, 25], [16, 17], [17, 25], [17, 23], [18, 19], [19, 23], [20, 21], [22, 23], [24, 25]], "heights": {"0": 0.372442, "1": 0.739677, "2": 0.484296, "3": 0.644854, "4": 0.561307, "5": 0.612361, "6": 0.591052, "7": 0.180772, "8": 0.340029, "9": 0.204152, "10": 0.33852, "11": 0.0, "12": 0.050009, "13": 0.000201, "14": 0.050064, "15": 0.000573, "16": 0.00963, "17": 0.059891, "18": 0.026878, "19": 0.157504, "20": 0.027622, "21": 0.192539, "22": 0.0291, "23": 0.060789, "24": 0.032731, "25": 0.058779}, "types": {"0": 1, "1": 2, "2": 1, "3": 2, "4": 1, "5": 2, "6": 2, "7": 1, "8": 2, "9": 1, "10": 2, "11": 0, "12": 1, "13": 0, "14": 1, "15": 0, "16": 0, "17": 1, "18": 0, "19": 1, "20": 0, "21": 1, "22": 0, "23": 1, "24": 0, "25": 1}, "xs": {"0": 60.0, "1": 58.0, "2": 65.0, "3": 61.0, "4": 64.0, "5": 62.0, "6": 64.0, "7": 61.0, "8": 58.0, "9": 64.0, "10": 67.0, "11": 63.0, "12": 83.0, "13": 4.0, "14": 48.0, "15": 99.0, "16": 52.0, "17": 45.0, "18": 70.0, "19": 73.0, "20": 47.0, "21": 43.0, "22": 55.0, "23": 54.0, "24": 68.0, "25": 69.0}, "ys": {"0": 136.0, "1": 152.0, "2": 117.0, "3": 125.0, "4": 112.0, "5": 109.0, "6": 113.0, "7": 53.0, "8": 51.0, "9": 54.0, "10": 51.0, "11": 37.0, "12": 0.0, "13": 146.0, "14": 0.0, "15": 150.0, "16": 126.0, "17": 125.0, "18": 155.0, "19": 151.0, "20": 149.0, "21": 149.0, "22": 125.0, "23": 126.0, "24": 113.0, "25": 113.0}, "zs": {"0": 0.0, "1": 0.0, "2": 0.0, "3": 0.0, "4": 0.0, "5": 0.0, "6": 0.0, "7": 0.0, "8": 0.0, "9": 0.0, "10": 0.0, "11": 0.0, "12": 0.0, "13": 0.0, "14": 0.0, "15": 0.0, "16": 0.0, "17": 0.0, "18": 0.0, "19": 0.0, "20": 0.0, "21": 0.0, "22": 0.0, "23": 0.0, "24": 0.0, "25": 0.0}, "vizPos": {"0": [0.5, 0.372442], "1": [0.5, 0.739677], "2": [0.04545454545454547, 0.484296], "3": [0.04545454545454547, 0.644854], "4": [0.0, 0.561307], "5": [0.0, 0.612361], "6": [0.022727272727272874, 0.591052], "7": [0.5, 0.180772], "8": [0.13636363636363635, 0.340029], "9": [0.5, 0.204152], "10": [0.9545454545454546, 0.33852], "11": [0.5, 0.0], "12": [0.5, 0.050009], "13": [0.5909090909090909, 0.000201], "14": [0.5, 0.050064], "15": [0.40909090909090906, 0.000573], "16": [0.6818181818181819, 0.00963], "17": [0.5, 0.059891], "18": [0.7727272727272727, 0.026878], "19": [0.5, 0.157504], "20": [0.8636363636363636, 0.027622], "21": [0.5, 0.192539], "22": [0.22727272727272724, 0.0291], "23": [0.5, 0.060789], "24": [0.3181818181818182, 0.032731], "25": [0.5, 0.058779]}, "vizEdgeSegments": [[[0.5, 0.0], [0.5, 0.0], [0.5, 0.739677]], [[0.5, 0.372442], [0.04545454545454547, 0.372442], [0.04545454545454547, 0.644854]], [[0.04545454545454547, 0.484296], [0.0, 0.484296], [0.0, 0.612361]], [[0.0, 0.561307], [0.022727272727272874, 0.561307], [0.022727272727272874, 0.591052]], [[0.5, 0.204152], [0.9545454545454546, 0.204152], [0.9545454545454546, 0.33852]], [[0.5, 0.192539], [0.8636363636363636, 0.192539], [0.8636363636363636, 0.027622]], [[0.5, 0.180772], [0.13636363636363635, 0.180772], [0.13636363636363635, 0.340029]], [[0.5, 0.157504], [0.7727272727272727, 0.157504], [0.7727272727272727, 0.026878]], [[0.5, 0.060789], [0.22727272727272724, 0.060789], [0.22727272727272724, 0.0291]], [[0.5, 0.059891], [0.6818181818181819, 0.059891], [0.6818181818181819, 0.00963]], [[0.5, 0.058779], [0.3181818181818182, 0.058779], [0.3181818181818182, 0.032731]], [[0.5, 0.050064], [0.5909090909090909, 0.050064], [0.5909090909090909, 0.000201]], [[0.5, 0.050009], [0.40909090909090906, 0.050009], [0.40909090909090906, 0.000573]]], "vizSegmentNodeIds": [[11, 12, 14, 25, 17, 23, 19, 7, 21, 9, 0, 1], [0, 2, 3], [2, 4, 5], [4, 6], [9, 10], [21, 20], [7, 8], [19, 18], [23, 22], [17, 16], [25, 24], [14, 13], [12, 15]], "branches": [{"nodes": [11, 12, 14, 25, 17, 23, 19, 7, 21, 9, 0, 1], "parentBranch": -1, "mode": "up", "depth": 0}, {"nodes": [0, 2, 3], "parentBranch": 0, "mode": "up", "depth": 1}, {"nodes": [2, 4, 5], "parentBranch": 1, "mode": "up", "depth": 2}, {"nodes": [4, 6], "parentBranch": 2, "mode": "up", "depth": 3}, {"nodes": [9, 10], "parentBranch": 0, "mode": "up", "depth": 1}, {"nodes": [21, 20], "parentBranch": 0, "mode": "down", "depth": 1}, {"nodes": [7, 8], "parentBranch": 0, "mode": "up", "depth": 1}, {"nodes": [19, 18], "parentBranch": 0, "mode": "down", "depth": 1}, {"nodes": [23, 22], "parentBranch": 0, "mode": "down", "depth": 1}, {"nodes": [17, 16], "parentBranch": 0, "mode": "down", "depth": 1}, {"nodes": [25, 24], "parentBranch": 0, "mode": "down", "depth": 1}, {"nodes": [14, 13], "parentBranch": 0, "mode": "down", "depth": 1}, {"nodes": [12, 15], "parentBranch": 0, "mode": "down", "depth": 1}]}