{"nodes": [0, 1, 2, 3, 4, 5, 6, 7, 8, 9, 10, 11, 12, 13, 14, 15, 16, 17, 18, 19, 20, 21, 22, 23, 24, 25, 26, 27, 28, 29, 30, 31], "edges": [[0, 1], [0, 31], [0, 10], [2, 3], [2, 7], [2, 31], [4, 5], [4, 6], [4, 31], [8, 9], [8, 26], [8, 24], [10, 11], [10, 26], [12, 13], [13, 20], [13, 15], [14, 15], [15, 28], [16, 17], [17, 18], [17, 20], [19, 20], [21, 22], [22, 28], [22, 30], [23, 24], [24, 30], [25, 26], [27, 28], [29, 30]], "heights": {"0": 0.382209, "1": 0.770347, "2": 0.508287, "3": 0.718078, "4": 0.550385, "5": 0.597572, "6": 0.580479, "7": 0.541658, "8": 0.181093, "9": 0.340139, "10": 0.203093, "11": 0.337757, "12": 0.0, "13": 0.050005, "14": 0.000241, "15": 0.050047, "16": 0.000615, "17": 0.02871, "18": 0.001188, "19": 0.007097, "20": 0.033268, "21": 0.009444, "22": 0.07401, "23": 0.024272, "24": 0.163364, "25": 0.027158, "26": 0.188047, "27": 0.031657, "28": 0.067688, "29": 0.046473, "30": 0.078059, "31": 0.506406}, "types": {"0": 1, "1": 2, "2": 1, "3": 2, "4": 1, "5": 2, "6": 2, "7": 2, "8": 1, "9": 2, "10": 1, "11": 2, "12": 0, "13": 1, "14": 0, "15": 1, "16": 0, "17": 1, "18": 0, "19": 0, "20": 1, "21": 0, "22": 1, "23": 0, "24": 1, "25": 0, "26": 1, "27": 0, "28": 1, "29": 0, "30": 1, "31": 1}, "xs": {"0": 60.0, "1": 58.0, "2": 61.0, "3": 62.0, "4": 62.0, "5": 62.0, "6": 62.0, "7": 63.0, "8": 61.0, "9": 58.0, "10": 64.0, "11": 67.0, "12": 63.0, "13": 89.0, "14": 6.0, "15": 50.0, "16": 99.0, "17": 82.0, "18": 73.0, "19": 70.0, "20": 81.0, "21": 55.0, "22": 48.0, "23": 69.0, "24": 74.0, "25": 47.0, "26": 44.0, "27": 68.0, "28": 70.0, "29": 59.0, "30": 54.0, "31": 64.0}, "ys": {"0": 138.0, "1": 154.0, "2": 119.0, "3": 128.0, "4": 99.0, "5": 105.0, "6": 93.0, "7": 115.0, "8": 53.0, "9": 51.0, "10": 54.0, "11": 51.0, "12": 37.0, "13": 0.0, "14": 148.0, "15": 0.0, "16": 152.0, "17": 127.0, "18": 127.0, "19": 108.0, "20": 107.0, "21": 129.0, "22": 126.0, "23": 157.0, "24": 154.0, "25": 152.0, "26": 152.0, "27": 127.0, "28": 127.0, "29": 115.0, "30": 114.0, "31": 114.0}, "zs": {"0": 0.0, "1": 0.0, "2": 0.0, "3": 0.0, "4": 0.0, "5": 0.0, "6": 0.0, "7": 0.0, "8": 0.0, "9": 0.0, "10": 0.0, "11": 0.0, "12": 0.0, "13": 0.0, "14": 0.0, "15": 0.0, "16": 0.0, "17": 0.0, "18": 0.0, "19": 0.0, "20": 0.0, "21": 0.0, "22": 0.0, "23": 0.0, "24": 0.0, "25": 0.0, "26": 0.0, "27": 0.0, "28": 0.0, "29": 0.0, "30": 0.0, "31": 0.0}, "vizPos": {"0": [0.5, 0.382209], "1": [0.5, 0.770347], "2": [0.09090909090909094, 0.508287], "3": [0.09090909090909094, 0.718078], "4": [0.04545454545454547, 0.550385], "5": [0.04545454545454547, 0.597572], "6": [0.0, 0.580479], "7": [0.1136363636363637, 0.541658], "8": [0.5, 0.181093], "9": [0.13636363636363635, 0.340139], "10": [0.5, 0.203093], "11": [0.9545454545454546, 0.337757], "12": [0.5, 0.0], "13": [0.5, 0.050005], "14": [0.40909090909090906, 0.000241], "15": [0.5, 0.050047], "16": [0.5454545454545454, 0.000615], "17": [0.5454545454545454, 0.02871], "18": [0.5681818181818181, 0.001188], "19": [0.5909090909090909, 0.007097], "20": [0.5909090909090909, 0.033268], "21": [0.6818181818181819, 0.009444], "22": [0.5, 0.07401], "23": [0.7727272727272727, 0.024272], "24": [0.5, 0.163364], "25": [0.8636363636363636, 0.027158], "26": [0.5, 0.188047], "27": [0.3181818181818182, 0.031657], "28": [0.5, 0.067688], "29": [0.22727272727272724, 0.046473], "30": [0.5, 0.078059], "31": [0.04545454545454547, 0.506406]}, "vizEdgeSegments": [[[0.5, 0.0], [0.5, 0.0], [0.5, 0.770347]], [[0.5, 0.382209], [0.04545454545454547, 0.382209], [0.04545454545454547, 0.597572]], [[0.04545454545454547, 0.550385], [0.0, 0.550385], [0.0, 0.580479]], [[0.04545454545454547, 0.506406], [0.09090909090909094, 0.506406], [0.09090909090909094, 0.718078]], [[0.09090909090909094, 0.508287], [0.1136363636363637, 0.508287], [0.1136363636363637, 0.541658]], [[0.5, 0.203093], [0.9545454545454546, 0.203093], [0.9545454545454546, 0.337757]], [[0.5, 0.188047], [0.8636363636363636, 0.188047], [0.8636363636363636, 0.027158]], [[0.5, 0.181093], [0.13636363636363635, 0.181093], [0.13636363636363635, 0.340139]], [[0.5, 0.163364], [0.7727272727272727, 0.163364], [0.7727272727272727, 0.024272]], [[0.5, 0.078059], [0.22727272727272724, 0.078059], [0.22727272727272724, 0.046473]], [[0.5, 0.07401], [0.6818181818181819, 0.07401], [0.6818181818181819, 0.009444]], [[0.5, 0.067688], [0.3181818181818182, 0.067688], [0.3181818181818182, 0.031657]], [[0.5, 0.050047], [0.40909090909090906, 0.050047], [0.40909090909090906, 0.000241]], [[0.5, 0.050005], [0.5909090909090909, 0.050005], [0.5909090909090909, 0.007097]], [[0.5909090909090909, 0.033268], [0.5454545454545454, 0.033268], [0.5454545454545454, 0.000615]], [[0.5454545454545454, 0.02871], [0.5681818181818181, 0.02871], [0.5681818181818181, 0.001188]]], "vizSegmentNodeIds": [[12, 13, 15, 28, 22, 30, 24, 8, 26, 10, 0, 1], [0, 31, 4, 5], [4, 6], [31, 2, 3], [2, 7], [10, 11], [26, 25], [8, 9], [24, 23], [30, 29], [22, 21], [28, 27], [15, 14], [13, 20, 19], [20, 17, 16], [17, 18]], "branches": [{"nodes": [12, 13, 15, 28, 22, 30, 24, 8, 26, 10, 0, 1], "parentBranch": -1, "mode": "up", "depth": 0}, {"nodes": [0, 31, 4, 5], "parentBranch": 0, "mode": "up", "depth": 1}, {"nodes": [4, 6], "parentBranch": 1, "mode": "up", "depth": 2}, {"nodes": [31, 2, 3], "parentBranch": 1, "mode": "up", "depth": 2}, {"nodes": [2, 7], "parentBranch": 3, "mode": "up", "depth": 3}, {"nodes": [10, 11], "parentBranch": 0, "mode": "up", "depth": 1}, {"nodes": [26, 25], "parentBranch": 0, "mode": "down", "depth": 1}, {"nodes": [8, 9], "parentBranch": 0, "mode": "up", "depth": 1}, {"nodes": [24, 23], "parentBranch": 0, "mode": "down", "depth": 1}, {"nodes": [30, 29], "parentBranch": 0, "mode": "down", "depth": 1}, {"nodes": [22, 21], "parentBranch": 0, "mode": "down", "depth": 1}, {"nodes": [28, 27], "parentBranch": 0, "mode": "down", "depth": 1}, {"nodes": [15, 14], "parentBranch": 0, "mode": "down", "depth": 1}, {"nodes": [13, 20, 19], "parentBranch": 0, "mode": "down", "depth": 1}, {"nodes": [20, 17, 16], "parentBranch": 13, "mode": "down", "depth": 2}, {"nodes": [17, 18], "parentBranch": 14, "mode": "down", "depth": 3}]}