{"nodes": [0, 1, 2, 3, 4, 5, 6, 7, 8, 9, 10, 11, 12, 13, 14, 15, 16, 17, 18, 19, 20, 21, 22, 23], "edges": [[0, 1], [0, 2], [0, 5], [2, 3], [2, 4], [5, 6], [5, 19], [7, 8], [7, 19], [7, 16], [9, 10], [10, 14], [10, 12], [11, 12], [12, 21], [13, 14], [14, 17], [15, 16], [16, 23], [18, 19], [20, 21], [21, 23], [22, 23]], "heights": {"0": 0.380295, "1": 0.764293, "2": 0.530197, "3": 0.717179, "4": 0.608206, "5": 0.203944, "6": 0.340523, "7": 0.181836, "8": 0.338216, "9": 0.0, "10": 0.050005, "11": 0.0001, "12": 0.050053, "13": 0.00028, "14": 0.034338, "15": 0.00625, "16": 0.158885, "17": 0.008072, "18": 0.01101, "19": 0.194105, "20": 0.014988, "21": 0.073584, "22": 0.034912, "23": 0.084204}, "types": {"0": 1, "1": 2, "2": 1, "3": 2, "4": 2, "5": 1, "6": 2, "7": 1, "8": 2, "9": 0, "10": 1, "11": 0, "12": 1, "13": 0, "14": 1, "15": 0, "16": 1, "17": 0, "18": 0, "19": 1, "20": 0, "21": 1, "22": 0, "23": 1}, "xs": {"0": 65.0, "1": 67.0, "2": 61.0, "3": 63.0, "4": 63.0, "5": 64.0, "6": 67.0, "7": 61.0, "8": 58.0, "9": 63.0, "10": 44.0, "11": 122.0, "12": 113.0, "13": 27.0, "14": 47.0, "15": 56.0, "16": 52.0, "17": 56.0, "18": 78.0, "19": 82.0, "20": 71.0, "21": 77.0, "22": 57.0, "23": 55.0}, "ys": {"0": 138.0, "1": 153.0, "2": 113.0, "3": 126.0, "4": 105.0, "5": 54.0, "6": 51.0, "7": 53.0, "8": 51.0, "9": 37.0, "10": 0.0, "11": 147.0, "12": 0.0, "13": 152.0, "14": 107.0, "15": 156.0, "16": 154.0, "17": 108.0, "18": 151.0, "19": 150.0, "20": 129.0, "21": 126.0, "22": 126.0, "23": 126.0}, "zs": {"0": 0.0, "1": 0.0, "2": 0.0, "3": 0.0, "4": 0.0, "5": 0.0, "6": 0.0, "7": 0.0, "8": 0.0, "9": 0.0, "10": 0.0, "11": 0.0, "12": 0.0, "13": 0.0, "14": 0.0, "15": 0.0, "16": 0.0, "17": 0.0, "18": 0.0, "19": 0.0, "20": 0.0, "21": 0.0, "22": 0.0, "23": 0.0}, "vizPos": {"0": [0.5, 0.380295], "1": [0.5, 0.764293], "2": [0.04545454545454547, 0.530197], "3": [0.04545454545454547, 0.717179], "4": [0.0, 0.608206], "5": [0.5, 0.203944], "6": [0.22727272727272724, 0.340523], "7": [0.5, 0.181836], "8": [0.7727272727272727, 0.338216], "9": [0.5, 0.0], "10": [0.5, 0.050005], "11": [0.5909090909090909, 0.0001], "12": [0.5, 0.050053], "13": [0.40909090909090906, 0.00028], "14": [0.40909090909090906, 0.034338], "15": [0.8636363636363636, 0.00625], "16": [0.5, 0.158885], "17": [0.36363636363636365, 0.008072], "18": [0.13636363636363635, 0.01101], "19": [0.5, 0.194105], "20": [0.3181818181818182, 0.014988], "21": [0.5, 0.073584], "22": [0.6818181818181819, 0.034912], "23": [0.5, 0.084204]}, "vizEdgeSegments": [[[0.5, 0.0], [0.5, 0.0], [0.5, 0.764293]], [[0.5, 0.380295], [0.04545454545454547, 0.380295], [0.04545454545454547, 0.717179]], [[0.04545454545454547, 0.530197], [0.0, 0.530197], [0.0, 0.608206]], [[0.5, 0.203944], [0.22727272727272724, 0.203944], [0.22727272727272724, 0.340523]], [[0.5, 0.194105], [0.13636363636363635, 0.194105], [0.13636363636363635, 0.01101]], [[0.5, 0.181836], [0.7727272727272727, 0.181836], [0.7727272727272727, 0.338216]], [[0.5, 0.158885], [0.8636363636363636, 0.158885], [0.8636363636363636, 0.00625]], [[0.5, 0.084204], [0.6818181818181819, 0.084204], [0.6818181818181819, 0.034912]], [[0.5, 0.073584], [0.3181818181818182, 0.073584], [0.3181818181818182, 0.014988]], [[0.5, 0.050053], [0.5909090909090909, 0.050053], [0.5909090909090909, 0.0001]], [[0.5, 0.050005], [0.40909090909090906, 0.050005], [0.40909090909090906, 0.00028]], [[0.40909090909090906, 0.034338], [0.36363636363636365, 0.034338], [0.36363636363636365, 0.008072]]], "vizSegmentNodeIds": [[9, 10, 12, 21, 23, 16, 7, 19, 5, 0, 1], [0, 2, 3], [2, 4], [5, 6], [19, 18], [7, 8], [16, 15], [23, 22], [21, 20], [12, 11], [10, 14, 13], [14, 17]], "branches": [{"nodes": [9, 10, 12, 21, 23, 16, 7, 19, 5, 0, 1], "parentBranch": -1, "mode": "up", "depth": 0}, {"nodes": [0, 2, 3], "parentBranch": 0, "mode": "up", "depth": 1}, {"nodes": [2, 4], "parentBranch": 1, "mode": "up", "depth": 2}, {"nodes": [5, 6], "parentBranch": 0, "mode": "up", "depth": 1}, {"nodes": [19, 18], "parentBranch": 0, "mode": "down", "depth": 1}, {"nodes": [7, 8], "parentBranch": 0, "mode": "up", "depth": 1}, {"nodes": [16, 15], "parentBranch": 0, "mode": "down", "depth": 1}, {"nodes": [23, 22], "parentBranch": 0, "mode": "down", "depth": 1}, {"nodes": [21, 20], "parentBranch": 0, "mode": "down", "depth": 1}, {"nodes": [12, 11], "parentBranch": 0, "mode": "down", "depth": 1}, {"nodes": [10, 14, 13], "parentBranch": 0, "mode": "down", "depth": 1}, {"nodes": [14, 17], "parentBranch": 10, "mode": "down", "depth": 2}]}