{"nodes": [0, 1, 2, 3, 4, 5, 6, 7, 8, 9, 10, 11, 12, 13, 14, 15, 16, 17, 18, 19, 20, 21, 22, 23, 24, 25], "edges": [[0, 1], [0, 2], [0, 5], [2, 3], [2, 4], [5, 6], [5, 23], [7, 8], [7, 23], [7, 21], [9, 10], [10, 16], [10, 12], [11, 12], [12, 19], [13, 14], [14, 17], [14, 16], [15, 16], [18, 19], [19, 25], [20, 21], [21, 25], [22, 23], [24, 25]], "heights": {"0": 0.415996, "1": 0.769821, "2": 0.499876, "3": 0.643436, "4": 0.599477, "5": 0.203507, "6": 0.33993, "7": 0.180836, "8": 0.337806, "9": 0.0, "10": 0.050016, "11": 0.000237, "12": 0.050059, "13": 0.000711, "14": 0.033025, "15": 0.003838, "16": 0.03352, "17": 0.004642, "18": 0.016075, "19": 0.062035, "20": 0.01856, "21": 0.15547, "22": 0.021467, "23": 0.189841, "24": 0.031159, "25": 0.072829}, "types": {"0": 1, "1": 2, "2": 1, "3": 2, "4": 2, "5": 1, "6": 2, "7": 1, "8": 2, "9": 0, "10": 1, "11": 0, "12": 1, "13": 0, "14": 1, "15": 0, "16": 1, "17": 0, "18": 0, "19": 1, "20": 0, "21": 1, "22": 0, "23": 1, "24": 0, "25": 1}, "xs": {"0": 66.0, "1": 66.0, "2": 62.0, "3": 63.0, "4": 63.0, "5": 64.0, "6": 67.0, "7": 61.0, "8": 58.0, "9": 63.0, "10": 38.0, "11": 120.0, "12": 104.0, "13": 25.0, "14": 43.0, "15": 55.0, "16": 46.0, "17": 55.0, "18": 73.0, "19": 79.0, "20": 55.0, "21": 51.0, "22": 77.0, "23": 82.0, "24": 67.0, "25": 72.0}, "ys": {"0": 139.0, "1": 154.0, "2": 112.0, "3": 128.0, "4": 104.0, "5": 54.0, "6": 51.0, "7": 53.0, "8": 51.0, "9": 37.0, "10": 0.0, "11": 148.0, "12": 0.0, "13": 151.0, "14": 105.0, "15": 130.0, "16": 129.0, "17": 107.0, "18": 127.0, "19": 126.0, "20": 156.0, "21": 153.0, "22": 151.0, "23": 152.0, "24": 114.0, "25": 113.0}, "zs": {"0": 0.0, "1": 0.0, "2": 0.0, "3": 0.0, "4": 0.0, "5": 0.0, "6": 0.0, "7": 0.0, "8": 0.0, "9": 0.0, "10": 0.0, "11": 0.0, "12": 0.0, "13": 0.0, "14": 0.0, "15": 0.0, "16": 0.0, "17": 0.0, "18": 0.0, "19": 0.0, "20": 0.0, "21": 0.0, "22": 0.0, "23": 0.0, "24": 0.0, "25": 0.0}, "vizPos": {"0": [0.5, 0.415996], "1": [0.5, 0.769821], "2": [0.04545454545454547, 0.499876], "3": [0.04545454545454547, 0.643436], "4": [0.0, 0.599477], "5": [0.5, 0.203507], "6": [0.6818181818181819, 0.33993], "7": [0.5, 0.180836], "8": [0.7727272727272727, 0.337806], "9": [0.5, 0.0], "10": [0.5, 0.050016], "11": [0.5909090909090909, 0.000237], "12": [0.5, 0.050059], "13": [0.36363636363636365, 0.000711], "14": [0.36363636363636365, 0.033025], "15": [0.40909090909090906, 0.003838], "16": [0.40909090909090906, 0.03352], "17": [0.38636363636363635, 0.004642], "18": [0.3181818181818182, 0.016075], "19": [0.5, 0.062035], "20": [0.22727272727272724, 0.01856], "21": [0.5, 0.15547], "22": [0.13636363636363635, 0.021467], "23": [0.5, 0.189841], "24": [0.8636363636363636, 0.031159], "25": [0.5, 0.072829]}, "vizEdgeSegments": [[[0.5, 0.0], [0.5, 0.0], [0.5, 0.769821]], [[0.5, 0.415996], [0.04545454545454547, 0.415996], [0.04545454545454547, 0.643436]], [[0.04545454545454547, 0.499876], [0.0, 0.499876], [0.0, 0.599477]], [[0.5, 0.203507], [0.6818181818181819, 0.203507], [0.6818181818181819, 0.33993]], [[0.5, 0.189841], [0.13636363636363635, 0.189841], [0.13636363636363635, 0.021467]], [[0.5, 0.180836], [0.7727272727272727, 0.180836], [0.7727272727272727, 0.337806]], [[0.5, 0.15547], [0.22727272727272724, 0.15547], [0.22727272727272724, 0.01856]], [[0.5, 0.072829], [0.8636363636363636, 0.072829], [0.8636363636363636, 0.031159]], [[0.5, 0.062035], [0.3181818181818182, 0.062035], [0.3181818181818182, 0.016075]], [[0.5, 0.050059], [0.5909090909090909, 0.050059], [0.5909090909090909, 0.000237]], [[0.5, 0.050016], [0.40909090909090906, 0.050016], [0.40909090909090906, 0.003838]], [[0.40909090909090906, 0.03352], [0.36363636363636365, 0.03352], [0.36363636363636365, 0.000711]], [[0.36363636363636365, 0.033025], [0.38636363636363635, 0.033025], [0.38636363636363635, 0.004642]]], "vizSegmentNodeIds": [[9, 10, 12, 19, 25, 21, 7, 23, 5, 0, 1], [0, 2, 3], [2, 4], [5, 6], [23, 22], [7, 8], [21, 20], [25, 24], [19, 18], [12, 11], [10, 16, 15], [16, 14, 13], [14, 17]], "branches": [{"nodes": [9, 10, 12, 19, 25, 21, 7, 23, 5, 0, 1], "parentBranch": -1, "mode": "up", "depth": 0}, {"nodes": [0, 2, 3], "parentBranch": 0, "mode": "up", "depth": 1}, {"nodes": [2, 4], "parentBranch": 1, "mode": "up", "depth": 2}, {"nodes": [5, 6], "parentBranch": 0, "mode": "up", "depth": 1}, {"nodes": [23, 22], "parentBranch": 0, "mode": "down", "depth": 1}, {"nodes": [7, 8], "parentBranch": 0, "mode": "up", "depth": 1}, {"nodes": [21, 20], "parentBranch": 0, "mode": "down", "depth": 1}, {"nodes": [25, 24], "parentBranch": 0, "mode": "down", "depth": 1}, {"nodes": [19, 18], "parentBranch": 0, "mode": "down", "depth": 1}, {"nodes": [12, 11], "parentBranch": 0, "mode": "down", "depth": 1}, {"nodes": [10, 16, 15], "parentBranch": 0, "mode": "down", "depth": 1}, {"nodes": [16, 14, 13], "parentBranch": 10, "mode": "down", "depth": 2}, {"nodes": [14, 17], "parentBranch": 11, "mode": "down", "depth": 3}]}