{"nodes": [0, 1, 2, 3, 4, 5, 6, 7, 8, 9, 10, 11, 12, 13, 14, 15, 16, 17, 18, 19, 20, 21, 22, 23, 24, 25, 26, 27], "edges": [[0, 1], [0, 5], [0, 7], [2, 3], [2, 4], [2, 5], [5, 6], [7, 8], [7, 19], [9, 10], [9, 19], [9, 23], [11, 12], [12, 21], [12, 14], [13, 14], [14, 25], [15, 16], [16, 17], [16, 21], [18, 19], [20, 21], [22, 23], [23, 27], [24, 25], [25, 27], [26, 27]], "heights": {"0": 0.411059, "1": 0.761835, "2": 0.574765, "3": 0.624635, "4": 0.605447, "5": 0.506651, "6": 0.598782, "7": 0.203882, "8": 0.340201, "9": 0.182041, "10": 0.338347, "11": 0.0, "12": 0.050031, "13": 0.000298, "14": 0.050048, "15": 0.000524, "16": 0.033928, "17": 0.005547, "18": 0.007432, "19": 0.192284, "20": 0.008737, "21": 0.034006, "22": 0.015805, "23": 0.155015, "24": 0.016802, "25": 0.051605, "26": 0.065087, "27": 0.090063}, "types": {"0": 1, "1": 2, "2": 1, "3": 2, "4": 2, "5": 1, "6": 2, "7": 1, "8": 2, "9": 1, "10": 2, "11": 0, "12": 1, "13": 0, "14": 1, "15": 0, "16": 1, "17": 0, "18": 0, "19": 1, "20": 0, "21": 1, "22": 0, "23": 1, "24": 0, "25": 1, "26": 0, "27": 1}, "xs": {"0": 66.0, "1": 66.0, "2": 63.0, "3": 63.0, "4": 63.0, "5": 62.0, "6": 63.0, "7": 64.0, "8": 67.0, "9": 61.0, "10": 58.0, "11": 63.0, "12": 34.0, "13": 117.0, "14": 112.0, "15": 25.0, "16": 44.0, "17": 56.0, "18": 77.0, "19": 81.0, "20": 55.0, "21": 46.0, "22": 55.0, "23": 51.0, "24": 74.0, "25": 82.0, "26": 67.0, "27": 70.0}, "ys": {"0": 138.0, "1": 154.0, "2": 124.0, "3": 128.0, "4": 121.0, "5": 112.0, "6": 104.0, "7": 54.0, "8": 51.0, "9": 53.0, "10": 51.0, "11": 37.0, "12": 0.0, "13": 148.0, "14": 0.0, "15": 151.0, "16": 105.0, "17": 107.0, "18": 151.0, "19": 153.0, "20": 129.0, "21": 127.0, "22": 156.0, "23": 152.0, "24": 127.0, "25": 125.0, "26": 114.0, "27": 113.0}, "zs": {"0": 0.0, "1": 0.0, "2": 0.0, "3": 0.0, "4": 0.0, "5": 0.0, "6": 0.0, "7": 0.0, "8": 0.0, "9": 0.0, "10": 0.0, "11": 0.0, "12": 0.0, "13": 0.0, "14": 0.0, "15": 0.0, "16": 0.0, "17": 0.0, "18": 0.0, "19": 0.0, "20": 0.0, "21": 0.0, "22": 0.0, "23": 0.0, "24": 0.0, "25": 0.0, "26": 0.0, "27": 0.0}, "vizPos": {"0": [0.5, 0.411059], "1": [0.5, 0.761835], "2": [0.75, 0.574765], "3": [0.75, 0.624635], "4": [0.7750000000000001, 0.605447], "5": [0.8, 0.506651], "6": [0.8, 0.598782], "7": [0.5, 0.203882], "8": [0.3, 0.340201], "9": [0.5, 0.182041], "10": [0.0, 0.338347], "11": [0.5, 0.0], "12": [0.5, 0.050031], "13": [0.4, 0.000298], "14": [0.5, 0.050048], "15": [0.55, 0.000524], "16": [0.55, 0.033928], "17": [0.575, 0.005547], "18": [0.09999999999999998, 0.007432], "19": [0.5, 0.192284], "20": [0.6, 0.008737], "21": [0.6, 0.034006], "22": [0.19999999999999996, 0.015805], "23": [0.5, 0.155015], "24": [0.9, 0.016802], "25": [0.5, 0.051605], "26": [0.7, 0.065087], "27": [0.5, 0.090063]}, "vizEdgeSegments": [[[0.5, 0.0], [0.5, 0.0], [0.5, 0.761835]], [[0.5, 0.411059], [0.8, 0.411059], [0.8, 0.598782]], [[0.8, 0.506651], [0.75, 0.506651], [0.75, 0.624635]], [[0.75, 0.574765], [0.7750000000000001, 0.574765], [0.7750000000000001, 0.605447]], [[0.5, 0.203882], [0.3, 0.203882], [0.3, 0.340201]], [[0.5, 0.192284], [0.09999999999999998, 0.192284], [0.09999999999999998, 0.007432]], [[0.5, 0.182041], [0.0, 0.182041], [0.0, 0.338347]], [[0.5, 0.155015], [0.19999999999999996, 0.155015], [0.19999999999999996, 0.015805]], [[0.5, 0.090063], [0.7, 0.090063], [0.7, 0.065087]], [[0.5, 0.051605], [0.9, 0.051605], [0.9, 0.016802]], [[0.5, 0.050048], [0.4, 0.050048], [0.4, 0.000298]], [[0.5, 0.050031], [0.6, 0.050031], [0.6, 0.008737]], [[0.6, 0.034006], [0.55, 0.034006], [0.55, 0.000524]], [[0.55, 0.033928], [0.575, 0.033928], [0.575, 0.005547]]], "vizSegmentNodeIds": [[11, 12, 14, 25, 27, 23, 9, 19, 7, 0, 1], [0, 5, 6], [5, 2, 3], [2, 4], [7, 8], [19, 18], [9, 10], [23, 22], [27, 26], [25, 24], [14, 13], [12, 21, 20], [21, 16, 15], [16, 17]], "branches": [{"nodes": [11, 12, 14, 25, 27, 23, 9, 19, 7, 0, 1], "parentBranch": -1, "mode": "up", "depth": 0}, {"nodes": [0, 5, 6], "parentBranch": 0, "mode": "up", "depth": 1}, {"nodes": [5, 2, 3], "parentBranch": 1, "mode": "up", "depth": 2}, {"nodes": [2, 4], "parentBranch": 2, "mode": "up", "depth": 3}, {"nodes": [7, 8], "parentBranch": 0, "mode": "up", "depth": 1}, {"nodes": [19, 18], "parentBranch": 0, "mode": "down", "depth": 1}, {"nodes": [9, 10], "parentBranch": 0, "mode": "up", "depth": 1}, {"nodes": [23, 22], "parentBranch": 0, "mode": "down", "depth": 1}, {"nodes": [27, 26], "parentBranch": 0, "mode": "down", "depth": 1}, {"nodes": [25, 24], "parentBranch": 0, "mode": "down", "depth": 1}, {"nodes": [14, 13], "parentBranch": 0, "mode": "down", "depth": 1}, {"nodes": [12, 21, 20], "parentBranch": 0, "mode": "down", "depth": 1}, {"nodes": [21, 16, 15], "parentBranch": 11, "mode": "down", "depth": 2}, {"nodes": [16, 17], "parentBranch": 12, "mode": "down", "depth": 3}]}