{"nodes": [0, 1, 2, 3, 4, 5, 6, 7, 8, 9, 10, 11, 12, 13, 14, 15, 16, 17, 18, 19, 20, 21, 22, 23, 24, 25, 26, 27, 28, 29, 30, 31, 32, 33], "edges": [[0, 1], [0, 2], [0, 9], [2, 3], [2, 6], [4, 5], [4, 8], [4, 6], [6, 7], [9, 10], [9, 25], [11, 12], [11, 25], [11, 27], [13, 14], [14, 21], [14, 16], [15, 16], [16, 31], [17, 18], [18, 19], [18, 21], [20, 21], [22, 23], [23, 29], [23, 33], [24, 25], [26, 27], [27, 33], [28, 29], [29, 31], [30, 31], [32, 33]], "heights": {"0": 0.391873, "1": 0.778364, "2": 0.452207, "3": 0.701289, "4": 0.542418, "5": 0.584691, "6": 0.540759, "7": 0.578057, "8": 0.569364, "9": 0.205092, "10": 0.33823, "11": 0.178282, "12": 0.335647, "13": 0.0, "14": 0.050016, "15": 0.000104, "16": 0.05005, "17": 0.00064, "18": 0.029474, "19": 0.001047, "20": 0.005017, "21": 0.030541, "22": 0.007227, "23": 0.06786, "24": 0.017752, "25": 0.194523, "26": 0.023338, "27": 0.157788, "28": 0.025196, "29": 0.06335, "30": 0.0262, "31": 0.054494, "32": 0.068417, "33": 0.096013}, "types": {"0": 1, "1": 2, "2": 1, "3": 2, "4": 1, "5": 2, "6": 1, "7": 2, "8": 2, "9": 1, "10": 2, "11": 1, "12": 2, "13": 0, "14": 1, "15": 0, "16": 1, "17": 0, "18": 1, "19": 0, "20": 0, "21": 1, "22": 0, "23": 1, "24": 0, "25": 1, "26": 0, "27": 1, "28": 0, "29": 1, "30": 0, "31": 1, "32": 0, "33": 1}, "xs": {"0": 66.0, "1": 67.0, "2": 61.0, "3": 64.0, "4": 61.0, "5": 63.0, "6": 63.0, "7": 64.0, "8": 61.0, "9": 64.0, "10": 67.0, "11": 61.0, "12": 58.0, "13": 63.0, "14": 47.0, "15": 123.0, "16": 86.0, "17": 27.0, "18": 41.0, "19": 53.0, "20": 54.0, "21": 45.0, "22": 72.0, "23": 78.0, "24": 78.0, "25": 82.0, "26": 56.0, "27": 52.0, "28": 58.0, "29": 57.0, "30": 58.0, "31": 56.0, "32": 66.0, "33": 70.0}, "ys": {"0": 139.0, "1": 154.0, "2": 114.0, "3": 128.0, "4": 109.0, "5": 107.0, "6": 105.0, "7": 101.0, "8": 110.0, "9": 54.0, "10": 51.0, "11": 53.0, "12": 51.0, "13": 37.0, "14": 0.0, "15": 150.0, "16": 0.0, "17": 153.0, "18": 110.0, "19": 109.0, "20": 129.0, "21": 127.0, "22": 129.0, "23": 126.0, "24": 152.0, "25": 153.0, "26": 156.0, "27": 154.0, "28": 108.0, "29": 109.0, "30": 127.0, "31": 127.0, "32": 116.0, "33": 116.0}, "zs": {"0": 0.0, "1": 0.0, "2": 0.0, "3": 0.0, "4": 0.0, "5": 0.0, "6": 0.0, "7": 0.0, "8": 0.0, "9": 0.0, "10": 0.0, "11": 0.0, "12": 0.0, "13": 0.0, "14": 0.0, "15": 0.0, "16": 0.0, "17": 0.0, "18": 0.0, "19": 0.0, "20": 0.0, "21": 0.0, "22": 0.0, "23": 0.0, "24": 0.0, "25": 0.0, "26": 0.0, "27": 0.0, "28": 0.0, "29": 0.0, "30": 0.0, "31": 0.0, "32": 0.0, "33": 0.0}, "vizPos": {"0": [0.5, 0.391873], "1": [0.5, 0.778364], "2": [0.03846153846153849, 0.452207], "3": [0.03846153846153849, 0.701289], "4": [0.019230769230769218, 0.542418], "5": [0.019230769230769218, 0.584691], "6": [0.0, 0.540759], "7": [0.0, 0.578057], "8": [0.009615384615384692, 0.569364], "9": [0.5, 0.205092], "10": [0.34615384615384615, 0.33823], "11": [0.5, 0.178282], "12": [0.8076923076923077, 0.335647], "13": [0.5, 0.0], "14": [0.5, 0.050016], "15": [0.4230769230769231, 0.000104], "16": [0.5, 0.05005], "17": [0.5384615384615384, 0.00064], "18": [0.5384615384615384, 0.029474], "19": [0.5576923076923077, 0.001047], "20": [0.5769230769230769, 0.005017], "21": [0.5769230769230769, 0.030541], "22": [0.2692307692307693, 0.007227], "23": [0.5, 0.06786], "24": [0.11538461538461547, 0.017752], "25": [0.5, 0.194523], "26": [0.19230769230769235, 0.023338], "27": [0.5, 0.157788], "28": [0.6538461538461539, 0.025196], "29": [0.5, 0.06335], "30": [0.8846153846153846, 0.0262], "31": [0.5, 0.054494], "32": [0.7307692307692307, 0.068417], "33": [0.5, 0.096013]}, "vizEdgeSegments": [[[0.5, 0.0], [0.5, 0.0], [0.5, 0.778364]], [[0.5, 0.391873], [0.03846153846153849, 0.391873], [0.03846153846153849, 0.701289]], [[0.03846153846153849, 0.452207], [0.0, 0.452207], [0.0, 0.578057]], [[0.0, 0.540759], [0.019230769230769218, 0.540759], [0.019230769230769218, 0.584691]], [[0.019230769230769218, 0.542418], [0.009615384615384692, 0.542418], [0.009615384615384692, 0.569364]], [[0.5, 0.205092], [0.34615384615384615, 0.205092], [0.34615384615384615, 0.33823]], [[0.5, 0.194523], [0.11538461538461547, 0.194523], [0.11538461538461547, 0.017752]], [[0.5, 0.178282], [0.8076923076923077, 0.178282], [0.8076923076923077, 0.335647]], [[0.5, 0.157788], [0.19230769230769235, 0.157788], [0.19230769230769235, 0.023338]], [[0.5, 0.096013], [0.7307692307692307, 0.096013], [0.7307692307692307, 0.068417]], [[0.5, 0.06786], [0.2692307692307693, 0.06786], [0.2692307692307693, 0.007227]], [[0.5, 0.06335], [0.6538461538461539, 0.06335], [0.6538461538461539, 0.025196]], [[0.5, 0.054494], [0.8846153846153846, 0.054494], [0.8846153846153846, 0.0262]], [[0.5, 0.05005], [0.4230769230769231, 0.05005], [0.4230769230769231, 0.000104]], [[0.5, 0.050016], [0.5769230769230769, 0.050016], [0.5769230769230769, 0.005017]], [[0.5769230769230769, 0.030541], [0.5384615384615384, 0.030541], [0.5384615384615384, 0.00064]], [[0.5384615384615384, 0.029474], [0.5576923076923077, 0.029474], [0.5576923076923077, 0.001047]]], "vizSegmentNodeIds": [[13, 14, 16, 31, 29, 23, 33, 27, 11, 25, 9, 0, 1], [0, 2, 3], [2, 6, 7], [6, 4, 5], [4, 8], [9, 10], [25, 24], [11, 12], [27, 26], [33, 32], [23, 22], [29, 28], [31, 30], [16, 15], [14, 21, 20], [21, 18, 17], [18, 19]], "branches": [{"nodes": [13, 14, 16, 31, 29, 23, 33, 27, 11, 25, 9, 0, 1], "parentBranch": -1, "mode": "up", "depth": 0}, {"nodes": [0, 2, 3], "parentBranch": 0, "mode": "up", "depth": 1}, {"nodes": [2, 6, 7], "parentBranch": 1, "mode": "up", "depth": 2}, {"nodes": [6, 4, 5], "parentBranch": 2, "mode": "up", "depth": 3}, {"nodes": [4, 8], "parentBranch": 3, "mode": "up", "depth": 4}, {"nodes": [9, 10], "parentBranch": 0, "mode": "up", "depth": 1}, {"nodes": [25, 24], "parentBranch": 0, "mode": "down", "depth": 1}, {"nodes": [11, 12], "parentBranch": 0, "mode": "up", "depth": 1}, {"nodes": [27, 26], "parentBranch": 0, "mode": "down", "depth": 1}, {"nodes": [33, 32], "parentBranch": 0, "mode": "down", "depth": 1}, {"nodes": [23, 22], "parentBranch": 0, "mode": "down", "depth": 1}, {"nodes": [29, 28], "parentBranch": 0, "mode": "down", "depth": 1}, {"nodes": [31, 30], "parentBranch": 0, "mode": "down", "depth": 1}, {"nodes": [16, 15], "parentBranch": 0, "mode": "down", "depth": 1}, {"nodes": [14, 21, 20], "parentBranch": 0, "mode": "down", "depth": 1}, {"nodes": [21, 18, 17], "parentBranch": 14, "mode": "down", "depth": 2}, {"nodes": [18, 19], "parentBranch": 15, "mode": "down", "depth": 3}]}