{"nodes": [0, 1, 2, 3, 4, 5, 6, 7, 8, 9, 10, 11, 12, 13, 14, 15, 16, 17, 18, 19, 20, 21, 22, 23, 24, 25], "edges": [[0, 1], [0, 2], [0, 7], [2, 3], [2, 4], [4, 5], [4, 6], [7, 8], [7, 20], [9, 10], [9, 20], [9, 22], [11, 12], [12, 16], [12, 25], [13, 14], [14, 18], [14, 25], [15, 16], [16, 17], [19, 20], [21, 22], [22, 24], [23, 24], [24, 25]], "heights": {"0": 0.384844, "1": 0.76215, "2": 0.517418, "3": 0.652975, "4": 0.559185, "5": 0.601292, "6": 0.586741, "7": 0.20398, "8": 0.340527, "9": 0.181639, "10": 0.338028, "11": 0.0, "12": 0.050005, "13": 8.6e-05, "14": 0.049785, "15": 0.000341, "16": 0.033448, "17": 0.004768, "18": 0.017323, "19": 0.0339, "20": 0.189227, "21": 0.034479, "22": 0.152943, "23": 0.03507, "24": 0.06012, "25": 0.050071}, "types": {"0": 1, "1": 2, "2": 1, "3": 2, "4": 1, "5": 2, "6": 2, "7": 1, "8": 2, "9": 1, "10": 2, "11": 0, "12": 1, "13": 0, "14": 1, "15": 0, "16": 1, "17": 0, "18": 0, "19": 0, "20": 1, "21": 0, "22": 1, "23": 0, "24": 1, "25": 1}, "xs": {"0": 66.0, "1": 66.0, "2": 62.0, "3": 63.0, "4": 62.0, "5": 63.0, "6": 62.0, "7": 64.0, "8": 67.0, "9": 61.0, "10": 58.0, "11": 63.0, "12": 31.0, "13": 119.0, "14": 83.0, "15": 26.0, "16": 46.0, "17": 56.0, "18": 75.0, "19": 78.0, "20": 81.0, "21": 55.0, "22": 52.0, "23": 71.0, "24": 72.0, "25": 79.0}, "ys": {"0": 138.0, "1": 153.0, "2": 112.0, "3": 126.0, "4": 106.0, "5": 105.0, "6": 107.0, "7": 54.0, "8": 51.0, "9": 53.0, "10": 51.0, "11": 37.0, "12": 0.0, "13": 147.0, "14": 125.0, "15": 151.0, "16": 106.0, "17": 107.0, "18": 126.0, "19": 151.0, "20": 151.0, "21": 155.0, "22": 153.0, "23": 125.0, "24": 126.0, "25": 0.0}, "zs": {"0": 0.0, "1": 0.0, "2": 0.0, "3": 0.0, "4": 0.0, "5": 0.0, "6": 0.0, "7": 0.0, "8": 0.0, "9": 0.0, "10": 0.0, "11": 0.0, "12": 0.0, "13": 0.0, "14": 0.0, "15": 0.0, "16": 0.0, "17": 0.0, "18": 0.0, "19": 0.0, "20": 0.0, "21": 0.0, "22": 0.0, "23": 0.0, "24": 0.0, "25": 0.0}, "vizPos": {"0": [0.5, 0.384844], "1": [0.5, 0.76215], "2": [0.055555555555555525, 0.517418], "3": [0.055555555555555525, 0.652975], "4": [0.0, 0.559185], "5": [0.0, 0.601292], "6": [0.02777777777777779, 0.586741], "7": [0.5, 0.20398], "8": [0.9444444444444444, 0.340527], "9": [0.5, 0.181639], "10": [0.16666666666666663, 0.338028], "11": [0.5, 0.0], "12": [0.5, 0.050005], "13": [0.6111111111111112, 8.6e-05], "14": [0.6111111111111112, 0.049785], "15": [0.3888888888888889, 0.000341], "16": [0.3888888888888889, 0.033448], "17": [0.3333333333333333, 0.004768], "18": [0.5555555555555556, 0.017323], "19": [0.8333333333333334, 0.0339], "20": [0.5, 0.189227], "21": [0.7222222222222222, 0.034479], "22": [0.5, 0.152943], "23": [0.2777777777777778, 0.03507], "24": [0.5, 0.06012], "25": [0.5, 0.050071]}, "vizEdgeSegments": [[[0.5, 0.0], [0.5, 0.0], [0.5, 0.76215]], [[0.5, 0.384844], [0.055555555555555525, 0.384844], [0.055555555555555525, 0.652975]], [[0.055555555555555525, 0.517418], [0.0, 0.517418], [0.0, 0.601292]], [[0.0, 0.559185], [0.02777777777777779, 0.559185], [0.02777777777777779, 0.586741]], [[0.5, 0.20398], [0.9444444444444444, 0.20398], [0.9444444444444444, 0.340527]], [[0.5, 0.189227], [0.8333333333333334, 0.189227], [0.8333333333333334, 0.0339]], [[0.5, 0.181639], [0.16666666666666663, 0.181639], [0.16666666666666663, 0.338028]], [[0.5, 0.152943], [0.7222222222222222, 0.152943], [0.7222222222222222, 0.034479]], [[0.5, 0.06012], [0.2777777777777778, 0.06012], [0.2777777777777778, 0.03507]], [[0.5, 0.050071], [0.6111111111111112, 0.050071], [0.6111111111111112, 8.6e-05]], [[0.6111111111111112, 0.049785], [0.5555555555555556, 0.049785], [0.5555555555555556, 0.017323]], [[0.5, 0.050005], [0.3888888888888889, 0.050005], [0.3888888888888889, 0.000341]], [[0.3888888888888889, 0.033448], [0.3333333333333333, 0.033448], [0.3333333333333333, 0.004768]]], "vizSegmentNodeIds": [[11, 12, 25, 24, 22, 9, 20, 7, 0, 1], [0, 2, 3], [2, 4, 5], [4, 6], [7, 8], [20, 19], [9, 10], [22, 21], [24, 23], [25, 14, 13], [14, 18], [12, 16, 15], [16, 17]], "branches": [{"nodes": [11, 12, 25, 24, 22, 9, 20, 7, 0, 1], "parentBranch": -1, "mode": "up", "depth": 0}, {"nodes": [0, 2, 3], "parentBranch": 0, "mode": "up", "depth": 1}, {"nodes": [2, 4, 5], "parentBranch": 1, "mode": "up", "depth": 2}, {"nodes": [4, 6], "parentBranch": 2, "mode": "up", "depth": 3}, {"nodes": [7, 8], "parentBranch": 0, "mode": "up", "depth": 1}, {"nodes": [20, 19], "parentBranch": 0, "mode": "down", "depth": 1}, {"nodes": [9, 10], "parentBranch": 0, "mode": "up", "depth": 1}, {"nodes": [22, 21], "parentBranch": 0, "mode": "down", "depth": 1}, {"nodes": [24, 23], "parentBranch": 0, "mode": "down", "depth": 1}, {"nodes": [25, 14, 13], "parentBranch": 0, "mode": "down", "depth": 1}, {"nodes": [14, 18], "parentBranch": 9, "mode": "down", "depth": 2}, {"nodes": [12, 16, 15], "parentBranch": 0, "mode": "down", "depth": 1}, {"nodes": [16, 17], "parentBranch": 11, "mode": "down", "depth": 2}]}