{"nodes": [0, 1, 2, 3, 4, 5, 6, 7, 8, 9, 10, 11, 12, 13, 14, 15, 16, 17, 18, 19, 20, 21, 22, 23, 24, 25, 26, 27, 28, 29], "edges": [[0, 1], [0, 29], [0, 8], [2, 3], [2, 7], [2, 29], [4, 5], [4, 6], [4, 29], [8, 9], [8, 22], [10, 11], [10, 22], [10, 26], [12, 13], [13, 17], [13, 15], [14, 15], [15, 20], [16, 17], [17, 18], [19, 20], [20, 24], [21, 22], [23, 24], [24, 28], [25, 26], [26, 28], [27, 28]], "heights": {"0": 0.360178, "1": 0.774006, "2": 0.501206, "3": 0.687272, "4": 0.542046, "5": 0.596515, "6": 0.573902, "7": 0.529417, "8": 0.205074, "9": 0.338226, "10": 0.178298, "11": 0.335637, "12": 0.0, "13": 0.050015, "14": 8e-05, "15": 0.050042, "16": 0.000572, "17": 0.031983, "18": 0.006482, "19": 0.008525, "20": 0.059996, "21": 0.017522, "22": 0.192371, "23": 0.019271, "24": 0.06678, "25": 0.02332, "26": 0.160664, "27": 0.05932, "28": 0.085384, "29": 0.496357}, "types": {"0": 1, "1": 2, "2": 1, "3": 2, "4": 1, "5": 2, "6": 2, "7": 2, "8": 1, "9": 2, "10": 1, "11": 2, "12": 0, "13": 1, "14": 0, "15": 1, "16": 0, "17": 1, "18": 0, "19": 0, "20": 1, "21": 0, "22": 1, "23": 0, "24": 1, "25": 0, "26": 1, "27": 0, "28": 1, "29": 1}, "xs": {"0": 66.0, "1": 67.0, "2": 63.0, "3": 63.0, "4": 64.0, "5": 63.0, "6": 63.0, "7": 63.0, "8": 64.0, "9": 67.0, "10": 61.0, "11": 58.0, "12": 63.0, "13": 46.0, "14": 122.0, "15": 119.0, "16": 27.0, "17": 45.0, "18": 55.0, "19": 73.0, "20": 80.0, "21": 78.0, "22": 82.0, "23": 57.0, "24": 56.0, "25": 56.0, "26": 52.0, "27": 67.0, "28": 70.0, "29": 62.0}, "ys": {"0": 138.0, "1": 154.0, "2": 117.0, "3": 126.0, "4": 102.0, "5": 105.0, "6": 93.0, "7": 115.0, "8": 54.0, "9": 51.0, "10": 53.0, "11": 51.0, "12": 37.0, "13": 0.0, "14": 148.0, "15": 0.0, "16": 153.0, "17": 107.0, "18": 107.0, "19": 127.0, "20": 126.0, "21": 152.0, "22": 150.0, "23": 126.0, "24": 126.0, "25": 156.0, "26": 154.0, "27": 114.0, "28": 113.0, "29": 112.0}, "zs": {"0": 0.0, "1": 0.0, "2": 0.0, "3": 0.0, "4": 0.0, "5": 0.0, "6": 0.0, "7": 0.0, "8": 0.0, "9": 0.0, "10": 0.0, "11": 0.0, "12": 0.0, "13": 0.0, "14": 0.0, "15": 0.0, "16": 0.0, "17": 0.0, "18": 0.0, "19": 0.0, "20": 0.0, "21": 0.0, "22": 0.0, "23": 0.0, "24": 0.0, "25": 0.0, "26": 0.0, "27": 0.0, "28": 0.0, "29": 0.0}, "vizPos": {"0": [0.5, 0.360178], "1": [0.5, 0.774006], "2": [0.24999999999999994, 0.501206], "3": [0.24999999999999994, 0.687272], "4": [0.19999999999999996, 0.542046], "5": [0.19999999999999996, 0.596515], "6": [0.14999999999999997, 0.573902], "7": [0.2749999999999999, 0.529417], "8": [0.5, 0.205074], "9": [0.0, 0.338226], "10": [0.5, 0.178298], "11": [0.9, 0.335637], "12": [0.5, 0.0], "13": [0.5, 0.050015], "14": [0.6, 8e-05], "15": [0.5, 0.050042], "16": [0.4, 0.000572], "17": [0.4, 0.031983], "18": [0.35, 0.006482], "19": [0.3, 0.008525], "20": [0.5, 0.059996], "21": [0.09999999999999998, 0.017522], "22": [0.5, 0.192371], "23": [0.7, 0.019271], "24": [0.5, 0.06678], "25": [0.8, 0.02332], "26": [0.5, 0.160664], "27": [1.0, 0.05932], "28": [0.5, 0.085384], "29": [0.19999999999999996, 0.496357]}, "vizEdgeSegments": [[[0.5, 0.0], [0.5, 0.0], [0.5, 0.774006]], [[0.5, 0.360178], [0.19999999999999996, 0.360178], [0.19999999999999996, 0.596515]], [[0.19999999999999996, 0.542046], [0.14999999999999997, 0.542046], [0.14999999999999997, 0.573902]], [[0.19999999999999996, 0.496357], [0.24999999999999994, 0.496357], [0.24999999999999994, 0.687272]], [[0.24999999999999994, 0.501206], [0.2749999999999999, 0.501206], [0.2749999999999999, 0.529417]], [[0.5, 0.205074], [0.0, 0.205074], [0.0, 0.338226]], [[0.5, 0.192371], [0.09999999999999998, 0.192371], [0.09999999999999998, 0.017522]], [[0.5, 0.178298], [0.9, 0.178298], [0.9, 0.335637]], [[0.5, 0.160664], [0.8, 0.160664], [0.8, 0.02332]], [[0.5, 0.085384], [1.0, 0.085384], [1.0, 0.05932]], [[0.5, 0.06678], [0.7, 0.06678], [0.7, 0.019271]], [[0.5, 0.059996], [0.3, 0.059996], [0.3, 0.008525]], [[0.5, 0.050042], [0.6, 0.050042], [0.6, 8e-05]], [[0.5, 0.050015], [0.4, 0.050015], [0.4, 0.000572]], [[0.4, 0.031983], [0.35, 0.031983], [0.35, 0.006482]]], "vizSegmentNodeIds": [[12, 13, 15, 20, 24, 28, 26, 10, 22, 8, 0, 1], [0, 29, 4, 5], [4, 6], [29, 2, 3], [2, 7], [8, 9], [22, 21], [10, 11], [26, 25], [28, 27], [24, 23], [20, 19], [15, 14], [13, 17, 16], [17, 18]], "branches": [{"nodes": [12, 13, 15, 20, 24, 28, 26, 10, 22, 8, 0, 1], "parentBranch": -1, "mode": "up", "depth": 0}, {"nodes": [0, 29, 4, 5], "parentBranch": 0, "mode": "up", "depth": 1}, {"nodes": [4, 6], "parentBranch": 1, "mode": "up", "depth": 2}, {"nodes": [29, 2, 3], "parentBranch": 1, "mode": "up", "depth": 2}, {"nodes": [2, 7], "parentBranch": 3, "mode": "up", "depth": 3}, {"nodes": [8, 9], "parentBranch": 0, "mode": "up", "depth": 1}, {"nodes": [22, 21], "parentBranch": 0, "mode": "down", "depth": 1}, {"nodes": [10, 11], "parentBranch": 0, "mode": "up", "depth": 1}, {"nodes": [26, 25], "parentBranch": 0, "mode": "down", "depth": 1}, {"nodes": [28, 27], "parentBranch": 0, "mode": "down", "depth": 1}, {"nodes": [24, 23], "parentBranch": 0, "mode": "down", "depth": 1}, {"nodes": [20, 19], "parentBranch": 0, "mode": "down", "depth": 1}, {"nodes": [15, 14], "parentBranch": 0, "mode": "down", "depth": 1}, {"nodes": [13, 17, 16], "parentBranch": 0, "mode": "down", "depth": 1}, {"nodes": [17, 18], "parentBranch": 13, "mode": "down", "depth": 2}]}