{"nodes": [0, 1, 2, 3, 4, 5, 6, 7, 8, 9, 10, 11, 12, 13, 14, 15, 16, 17, 18, 19, 20, 21, 22, 23, 24, 25, 26, 27, 28, 29, 30, 31], "edges": [[0, 1], [0, 2], [0, 9], [2, 3], [2, 4], [4, 5], [4, 6], [7, 8], [7, 29], [7, 25], [9, 10], [9, 29], [11, 12], [12, 19], [12, 14], [13, 14], [14, 21], [15, 16], [16, 17], [16, 19], [18, 19], [20, 21], [21, 27], [22, 23], [23, 27], [23, 31], [24, 25], [25, 31], [26, 27], [28, 29], [30, 31]], "heights": {"0": 0.392916, "1": 0.758333, "2": 0.472383, "3": 0.690968, "4": 0.53615, "5": 0.588673, "6": 0.579037, "7": 0.181468, "8": 0.340388, "9": 0.203943, "10": 0.338296, "11": 0.0, "12": 0.049994, "13": 0.000347, "14": 0.050045, "15": 0.000555, "16": 0.032052, "17": 0.005497, "18": 0.005922, "19": 0.032401, "20": 0.006782, "21": 0.055887, "22": 0.011241, "23": 0.062038, "24": 0.019986, "25": 0.162312, "26": 0.022049, "27": 0.056966, "28": 0.028956, "29": 0.189686, "30": 0.051508, "31": 0.088124}, "types": {"0": 1, "1": 2, "2": 1, "3": 2, "4": 1, "5": 2, "6": 2, "7": 1, "8": 2, "9": 1, "10": 2, "11": 0, "12": 1, "13": 0, "14": 1, "15": 0, "16": 1, "17": 0, "18": 0, "19": 1, "20": 0, "21": 1, "22": 0, "23": 1, "24": 0, "25": 1, "26": 0, "27": 1, "28": 0, "29": 1, "30": 0, "31": 1}, "xs": {"0": 59.0, "1": 58.0, "2": 64.0, "3": 62.0, "4": 61.0, "5": 63.0, "6": 62.0, "7": 61.0, "8": 58.0, "9": 64.0, "10": 67.0, "11": 63.0, "12": 81.0, "13": 7.0, "14": 35.0, "15": 100.0, "16": 83.0, "17": 71.0, "18": 71.0, "19": 81.0, "20": 67.0, "21": 68.0, "22": 53.0, "23": 46.0, "24": 70.0, "25": 74.0, "26": 68.0, "27": 69.0, "28": 48.0, "29": 44.0, "30": 59.0, "31": 55.0}, "ys": {"0": 138.0, "1": 154.0, "2": 114.0, "3": 126.0, "4": 103.0, "5": 107.0, "6": 93.0, "7": 53.0, "8": 51.0, "9": 54.0, "10": 51.0, "11": 37.0, "12": 0.0, "13": 147.0, "14": 0.0, "15": 152.0, "16": 108.0, "17": 108.0, "18": 127.0, "19": 127.0, "20": 107.0, "21": 108.0, "22": 127.0, "23": 126.0, "24": 156.0, "25": 153.0, "26": 127.0, "27": 127.0, "28": 150.0, "29": 153.0, "30": 115.0, "31": 114.0}, "zs": {"0": 0.0, "1": 0.0, "2": 0.0, "3": 0.0, "4": 0.0, "5": 0.0, "6": 0.0, "7": 0.0, "8": 0.0, "9": 0.0, "10": 0.0, "11": 0.0, "12": 0.0, "13": 0.0, "14": 0.0, "15": 0.0, "16": 0.0, "17": 0.0, "18": 0.0, "19": 0.0, "20": 0.0, "21": 0.0, "22": 0.0, "23": 0.0, "24": 0.0, "25": 0.0, "26": 0.0, "27": 0.0, "28": 0.0, "29": 0.0, "30": 0.0, "31": 0.0}, "vizPos": {"0": [0.5, 0.392916], "1": [0.5, 0.758333], "2": [0.03846153846153849, 0.472383], "3": [0.03846153846153849, 0.690968], "4": [0.0, 0.53615], "5": [0.0, 0.588673], "6": [0.019230769230769218, 0.579037], "7": [0.5, 0.181468], "8": [0.8076923076923077, 0.340388], "9": [0.5, 0.203943], "10": [0.8846153846153846, 0.338296], "11": [0.5, 0.0], "12": [0.5, 0.049994], "13": [0.4230769230769231, 0.000347], "14": [0.5, 0.050045], "15": [0.5384615384615384, 0.000555], "16": [0.5384615384615384, 0.032052], "17": [0.5576923076923077, 0.005497], "18": [0.5769230769230769, 0.005922], "19": [0.5769230769230769, 0.032401], "20": [0.34615384615384615, 0.006782], "21": [0.5, 0.055887], "22": [0.2692307692307693, 0.011241], "23": [0.5, 0.062038], "24": [0.19230769230769235, 0.019986], "25": [0.5, 0.162312], "26": [0.6538461538461539, 0.022049], "27": [0.5, 0.056966], "28": [0.11538461538461547, 0.028956], "29": [0.5, 0.189686], "30": [0.7307692307692307, 0.051508], "31": [0.5, 0.088124]}, "vizEdgeSegments": [[[0.5, 0.0], [0.5, 0.0], [0.5, 0.758333]], [[0.5, 0.392916], [0.03846153846153849, 0.392916], [0.03846153846153849, 0.690968]], [[0.03846153846153849, 0.472383], [0.0, 0.472383], [0.0, 0.588673]], [[0.0, 0.53615], [0.019230769230769218, 0.53615], [0.019230769230769218, 0.579037]], [[0.5, 0.203943], [0.8846153846153846, 0.203943], [0.8846153846153846, 0.338296]], [[0.5, 0.189686], [0.11538461538461547, 0.189686], [0.11538461538461547, 0.028956]], [[0.5, 0.181468], [0.8076923076923077, 0.181468], [0.8076923076923077, 0.340388]], [[0.5, 0.162312], [0.19230769230769235, 0.162312], [0.19230769230769235, 0.019986]], [[0.5, 0.088124], [0.7307692307692307, 0.088124], [0.7307692307692307, 0.051508]], [[0.5, 0.062038], [0.2692307692307693, 0.062038], [0.2692307692307693, 0.011241]], [[0.5, 0.056966], [0.6538461538461539, 0.056966], [0.6538461538461539, 0.022049]], [[0.5, 0.055887], [0.34615384615384615, 0.055887], [0.34615384615384615, 0.006782]], [[0.5, 0.050045], [0.4230769230769231, 0.050045], [0.4230769230769231, 0.000347]], [[0.5, 0.049994], [0.5769230769230769, 0.049994], [0.5769230769230769, 0.005922]], [[0.5769230769230769, 0.032401], [0.5384615384615384, 0.032401], [0.5384615384615384, 0.000555]], [[0.5384615384615384, 0.032052], [0.5576923076923077, 0.032052], [0.5576923076923077, 0.005497]]], "vizSegmentNodeIds": [[11, 12, 14, 21, 27, 23, 31, 25, 7, 29, 9, 0, 1], [0, 2, 3], [2, 4, 5], [4, 6], [9, 10], [29, 28], [7, 8], [25, 24], [31, 30], [23, 22], [27, 26], [21, 20], [14, 13], [12, 19, 18], [19, 16, 15], [16, 17]], "branches": [{"nodes": [11, 12, 14, 21, 27, 23, 31, 25, 7, 29, 9, 0, 1], "parentBranch": -1, "mode": "up", "depth": 0}, {"nodes": [0, 2, 3], "parentBranch": 0, "mode": "up", "depth": 1}, {"nodes": [2, 4, 5], "parentBranch": 1, "mode": "up", "depth": 2}, {"nodes": [4, 6], "parentBranch": 2, "mode": "up", "depth": 3}, {"nodes": [9, 10], "parentBranch": 0, "mode": "up", "depth": 1}, {"nodes": [29, 28], "parentBranch": 0, "mode": "down", "depth": 1}, {"nodes": [7, 8], "parentBranch": 0, "mode": "up", "depth": 1}, {"nodes": [25, 24], "parentBranch": 0, "mode": "down", "depth": 1}, {"nodes": [31, 30], "parentBranch": 0, "mode": "down", "depth": 1}, {"nodes": [23, 22], "parentBranch": 0, "mode": "down", "depth": 1}, {"nodes": [27, 26], "parentBranch": 0, "mode": "down", "depth": 1}, {"nodes": [21, 20], "parentBranch": 0, "mode": "down", "depth": 1}, {"nodes": [14, 13], "parentBranch": 0, "mode": "down", "depth": 1}, {"nodes": [12, 19, 18], "parentBranch": 0, "mode": "down", "depth": 1}, {"nodes": [19, 16, 15], "parentBranch": 13, "mode": "down", "depth": 2}, {"nodes": [16, 17], "parentBranch": 14, "mode": "down", "depth": 3}]}