{"nodes": [0, 1, 2, 3, 4, 5, 6, 7, 8, 9, 10, 11, 12, 13, 14, 15, 16, 17, 18, 19, 20, 21, 22, 23, 24, 25, 26, 27, 28, 29, 30, 31], "edges": [[0, 1], [0, 2], [0, 9], [2, 3], [2, 4], [4, 5], [4, 6], [7, 8], [7, 21], [7, 19], [9, 10], [9, 21], [11, 12], [12, 23], [12, 14], [13, 14], [14, 25], [15, 16], [16, 17], [16, 23], [18, 19], [19, 31], [20, 21], [22, 23], [24, 25], [25, 27], [26, 27], [27, 29], [28, 29], [29, 31], [30, 31]], "heights": {"0": 0.377346, "1": 0.761723, "2": 0.421334, "3": 0.650139, "4": 0.548402, "5": 0.597309, "6": 0.574054, "7": 0.181433, "8": 0.34053, "9": 0.203928, "10": 0.338168, "11": 0.0, "12": 0.050018, "13": 0.000196, "14": 0.050037, "15": 0.000463, "16": 0.027201, "17": 0.001705, "18": 0.003274, "19": 0.15882, "20": 0.005434, "21": 0.190772, "22": 0.007484, "23": 0.03257, "24": 0.01481, "25": 0.055938, "26": 0.036264, "27": 0.067271, "28": 0.041267, "29": 0.08323, "30": 0.069132, "31": 0.094721}, "types": {"0": 1, "1": 2, "2": 1, "3": 2, "4": 1, "5": 2, "6": 2, "7": 1, "8": 2, "9": 1, "10": 2, "11": 0, "12": 1, "13": 0, "14": 1, "15": 0, "16": 1, "17": 0, "18": 0, "19": 1, "20": 0, "21": 1, "22": 0, "23": 1, "24": 0, "25": 1, "26": 0, "27": 1, "28": 0, "29": 1, "30": 0, "31": 1}, "xs": {"0": 58.0, "1": 58.0, "2": 65.0, "3": 60.0, "4": 62.0, "5": 62.0, "6": 62.0, "7": 61.0, "8": 58.0, "9": 64.0, "10": 67.0, "11": 63.0, "12": 83.0, "13": 5.0, "14": 12.0, "15": 98.0, "16": 86.0, "17": 73.0, "18": 69.0, "19": 73.0, "20": 47.0, "21": 43.0, "22": 70.0, "23": 77.0, "24": 51.0, "25": 44.0, "26": 54.0, "27": 53.0, "28": 68.0, "29": 69.0, "30": 67.0, "31": 68.0}, "ys": {"0": 138.0, "1": 154.0, "2": 119.0, "3": 126.0, "4": 98.0, "5": 109.0, "6": 92.0, "7": 53.0, "8": 51.0, "9": 54.0, "10": 51.0, "11": 37.0, "12": 0.0, "13": 147.0, "14": 0.0, "15": 152.0, "16": 114.0, "17": 112.0, "18": 156.0, "19": 153.0, "20": 151.0, "21": 149.0, "22": 129.0, "23": 126.0, "24": 127.0, "25": 125.0, "26": 126.0, "27": 127.0, "28": 111.0, "29": 112.0, "30": 110.0, "31": 110.0}, "zs": {"0": 0.0, "1": 0.0, "2": 0.0, "3": 0.0, "4": 0.0, "5": 0.0, "6": 0.0, "7": 0.0, "8": 0.0, "9": 0.0, "10": 0.0, "11": 0.0, "12": 0.0, "13": 0.0, "14": 0.0, "15": 0.0, "16": 0.0, "17": 0.0, "18": 0.0, "19": 0.0, "20": 0.0, "21": 0.0, "22": 0.0, "23": 0.0, "24": 0.0, "25": 0.0, "26": 0.0, "27": 0.0, "28": 0.0, "29": 0.0, "30": 0.0, "31": 0.0}, "vizPos": {"0": [0.5, 0.377346], "1": [0.5, 0.761723], "2": [0.03846153846153849, 0.421334], "3": [0.03846153846153849, 0.650139], "4": [0.0, 0.548402], "5": [0.0, 0.597309], "6": [0.019230769230769218, 0.574054], "7": [0.5, 0.181433], "8": [0.8076923076923077, 0.34053], "9": [0.5, 0.203928], "10": [0.34615384615384615, 0.338168], "11": [0.5, 0.0], "12": [0.5, 0.050018], "13": [0.4230769230769231, 0.000196], "14": [0.5, 0.050037], "15": [0.5384615384615384, 0.000463], "16": [0.5384615384615384, 0.027201], "17": [0.5576923076923077, 0.001705], "18": [0.19230769230769235, 0.003274], "19": [0.5, 0.15882], "20": [0.11538461538461547, 0.005434], "21": [0.5, 0.190772], "22": [0.5769230769230769, 0.007484], "23": [0.5769230769230769, 0.03257], "24": [0.6538461538461539, 0.01481], "25": [0.5, 0.055938], "26": [0.8846153846153846, 0.036264], "27": [0.5, 0.067271], "28": [0.2692307692307693, 0.041267], "29": [0.5, 0.08323], "30": [0.7307692307692307, 0.069132], "31": [0.5, 0.094721]}, "vizEdgeSegments": [[[0.5, 0.0], [0.5, 0.0], [0.5, 0.761723]], [[0.5, 0.377346], [0.03846153846153849, 0.377346], [0.03846153846153849, 0.650139]], [[0.03846153846153849, 0.421334], [0.0, 0.421334], [0.0, 0.597309]], [[0.0, 0.548402], [0.019230769230769218, 0.548402], [0.019230769230769218, 0.574054]], [[0.5, 0.203928], [0.34615384615384615, 0.203928], [0.34615384615384615, 0.338168]], [[0.5, 0.190772], [0.11538461538461547, 0.190772], [0.11538461538461547, 0.005434]], [[0.5, 0.181433], [0.8076923076923077, 0.181433], [0.8076923076923077, 0.34053]], [[0.5, 0.15882], [0.19230769230769235, 0.15882], [0.19230769230769235, 0.003274]], [[0.5, 0.094721], [0.7307692307692307, 0.094721], [0.7307692307692307, 0.069132]], [[0.5, 0.08323], [0.2692307692307693, 0.08323], [0.2692307692307693, 0.041267]], [[0.5, 0.067271], [0.8846153846153846, 0.067271], [0.8846153846153846, 0.036264]], [[0.5, 0.055938], [0.6538461538461539, 0.055938], [0.6538461538461539, 0.01481]], [[0.5, 0.050037], [0.4230769230769231, 0.050037], [0.4230769230769231, 0.000196]], [[0.5, 0.050018], [0.5769230769230769, 0.050018], [0.5769230769230769, 0.007484]], [[0.5769230769230769, 0.03257], [0.5384615384615384, 0.03257], [0.5384615384615384, 0.000463]], [[0.5384615384615384, 0.027201], [0.5576923076923077, 0.027201], [0.5576923076923077, 0.001705]]], "vizSegmentNodeIds": [[11, 12, 14, 25, 27, 29, 31, 19, 7, 21, 9, 0, 1], [0, 2, 3], [2, 4, 5], [4, 6], [9, 10], [21, 20], [7, 8], [19, 18], [31, 30], [29, 28], [27, 26], [25, 24], [14, 13], [12, 23, 22], [23, 16, 15], [16, 17]], "branches": [{"nodes": [11, 12, 14, 25, 27, 29, 31, 19, 7, 21, 9, 0, 1], "parentBranch": -1, "mode": "up", "depth": 0}, {"nodes": [0, 2, 3], "parentBranch": 0, "mode": "up", "depth": 1}, {"nodes": [2, 4, 5], "parentBranch": 1, "mode": "up", "depth": 2}, {"nodes": [4, 6], "parentBranch": 2, "mode": "up", "depth": 3}, {"nodes": [9, 10], "parentBranch": 0, "mode": "up", "depth": 1}, {"nodes": [21, 20], "parentBranch": 0, "mode": "down", "depth": 1}, {"nodes": [7, 8], "parentBranch": 0, "mode": "up", "depth": 1}, {"nodes": [19, 18], "parentBranch": 0, "mode": "down", "depth": 1}, {"nodes": [31, 30], "parentBranch": 0, "mode": "down", "depth": 1}, {"nodes": [29, 28], "parentBranch": 0, "mode": "down", "depth": 1}, {"nodes": [27, 26], "parentBranch": 0, "mode": "down", "depth": 1}, {"nodes": [25, 24], "parentBranch": 0, "mode": "down", "depth": 1}, {"nodes": [14, 13], "parentBranch": 0, "mode": "down", "depth": 1}, {"nodes": [12, 23, 22], "parentBranch": 0, "mode": "down", "depth": 1}, {"nodes": [23, 16, 15], "parentBranch": 13, "mode": "down", "depth": 2}, {"nodes": [16, 17], "parentBranch": 14, "mode": "down", "depth": 3}]}