{"nodes": [0, 1, 2, 3, 4, 5, 6, 7, 8, 9, 10, 11, 12, 13, 14, 15, 16, 17, 18, 19, 20, 21, 22, 23, 24, 25], "edges": [[0, 1], [0, 2], [0, 7], [2, 3], [2, 4], [4, 5], [4, 6], [7, 8], [7, 23], [9, 10], [9, 23], [9, 25], [11, 12], [12, 16], [12, 14], [13, 14], [14, 19], [15, 16], [16, 17], [18, 19], [19, 21], [20, 21], [21, 25], [22, 23], [24, 25]], "heights": {"0": 0.327096, "1": 0.753372, "2": 0.494609, "3": 0.702185, "4": 0.543056, "5": 0.586036, "6": 0.578016, "7": 0.204564, "8": 0.34038, "9": 0.181373, "10": 0.338272, "11": 0.0, "12": 0.050042, "13": 0.000168, "14": 0.050062, "15": 0.000696, "16": 0.032564, "17": 0.002213, "18": 0.017053, "19": 0.056956, "20": 0.019906, "21": 0.087476, "22": 0.0288, "23": 0.185764, "24": 0.031421, "25": 0.170217}, "types": {"0": 1, "1": 2, "2": 1, "3": 2, "4": 1, "5": 2, "6": 2, "7": 1, "8": 2, "9": 1, "10": 2, "11": 0, "12": 1, "13": 0, "14": 1, "15": 0, "16": 1, "17": 0, "18": 0, "19": 1, "20": 0, "21": 1, "22": 0, "23": 1, "24": 0, "25": 1}, "xs": {"0": 65.0, "1": 68.0, "2": 63.0, "3": 62.0, "4": 64.0, "5": 63.0, "6": 63.0, "7": 64.0, "8": 67.0, "9": 61.0, "10": 58.0, "11": 63.0, "12": 41.0, "13": 118.0, "14": 80.0, "15": 26.0, "16": 45.0, "17": 55.0, "18": 69.0, "19": 80.0, "20": 56.0, "21": 55.0, "22": 78.0, "23": 81.0, "24": 56.0, "25": 51.0}, "ys": {"0": 136.0, "1": 154.0, "2": 115.0, "3": 125.0, "4": 102.0, "5": 104.0, "6": 94.0, "7": 54.0, "8": 51.0, "9": 53.0, "10": 51.0, "11": 37.0, "12": 0.0, "13": 148.0, "14": 0.0, "15": 153.0, "16": 107.0, "17": 107.0, "18": 125.0, "19": 124.0, "20": 125.0, "21": 125.0, "22": 152.0, "23": 153.0, "24": 157.0, "25": 154.0}, "zs": {"0": 0.0, "1": 0.0, "2": 0.0, "3": 0.0, "4": 0.0, "5": 0.0, "6": 0.0, "7": 0.0, "8": 0.0, "9": 0.0, "10": 0.0, "11": 0.0, "12": 0.0, "13": 0.0, "14": 0.0, "15": 0.0, "16": 0.0, "17": 0.0, "18": 0.0, "19": 0.0, "20": 0.0, "21": 0.0, "22": 0.0, "23": 0.0, "24": 0.0, "25": 0.0}, "vizPos": {"0": [0.5, 0.327096], "1": [0.5, 0.753372], "2": [0.04545454545454547, 0.494609], "3": [0.04545454545454547, 0.702185], "4": [0.0, 0.543056], "5": [0.0, 0.586036], "6": [0.022727272727272874, 0.578016], "7": [0.5, 0.204564], "8": [0.6818181818181819, 0.34038], "9": [0.5, 0.181373], "10": [0.7727272727272727, 0.338272], "11": [0.5, 0.0], "12": [0.5, 0.050042], "13": [0.5909090909090909, 0.000168], "14": [0.5, 0.050062], "15": [0.40909090909090906, 0.000696], "16": [0.40909090909090906, 0.032564], "17": [0.36363636363636365, 0.002213], "18": [0.3181818181818182, 0.017053], "19": [0.5, 0.056956], "20": [0.22727272727272724, 0.019906], "21": [0.5, 0.087476], "22": [0.13636363636363635, 0.0288], "23": [0.5, 0.185764], "24": [0.8636363636363636, 0.031421], "25": [0.5, 0.170217]}, "vizEdgeSegments": [[[0.5, 0.0], [0.5, 0.0], [0.5, 0.753372]], [[0.5, 0.327096], [0.04545454545454547, 0.327096], [0.04545454545454547, 0.702185]], [[0.04545454545454547, 0.494609], [0.0, 0.494609], [0.0, 0.586036]], [[0.0, 0.543056], [0.022727272727272874, 0.543056], [0.022727272727272874, 0.578016]], [[0.5, 0.204564], [0.6818181818181819, 0.204564], [0.6818181818181819, 0.34038]], [[0.5, 0.185764], [0.13636363636363635, 0.185764], [0.13636363636363635, 0.0288]], [[0.5, 0.181373], [0.7727272727272727, 0.181373], [0.7727272727272727, 0.338272]], [[0.5, 0.170217], [0.8636363636363636, 0.170217], [0.8636363636363636, 0.031421]], [[0.5, 0.087476], [0.22727272727272724, 0.087476], [0.22727272727272724, 0.019906]], [[0.5, 0.056956], [0.3181818181818182, 0.056956], [0.3181818181818182, 0.017053]], [[0.5, 0.050062], [0.5909090909090909, 0.050062], [0.5909090909090909, 0.000168]], [[0.5, 0.050042], [0.40909090909090906, 0.050042], [0.40909090909090906, 0.000696]], [[0.40909090909090906, 0.032564], [0.36363636363636365, 0.032564], [0.36363636363636365, 0.002213]]], "vizSegmentNodeIds": [[11, 12, 14, 19, 21, 25, 9, 23, 7, 0, 1], [0, 2, 3], [2, 4, 5], [4, 6], [7, 8], [23, 22], [9, 10], [25, 24], [21, 20], [19, 18], [14, 13], [12, 16, 15], [16, 17]], "branches": [{"nodes": [11, 12, 14, 19, 21, 25, 9, 23, 7, 0, 1], "parentBranch": -1, "mode": "up", "depth": 0}, {"nodes": [0, 2, 3], "parentBranch": 0, "mode": "up", "depth": 1}, {"nodes": [2, 4, 5], "parentBranch": 1, "mode": "up", "depth": 2}, {"nodes": [4, 6], "parentBranch": 2, "mode": "up", "depth": 3}, {"nodes": [7, 8], "parentBranch": 0, "mode": "up", "depth": 1}, {"nodes": [23, 22], "parentBranch": 0, "mode": "down", "depth": 1}, {"nodes": [9, 10], "parentBranch": 0, "mode": "up", "depth": 1}, {"nodes": [25, 24], "parentBranch": 0, "mode": "down", "depth": 1}, {"nodes": [21, 20], "parentBranch": 0, "mode": "down", "depth": 1}, {"nodes": [19, 18], "parentBranch": 0, "mode": "down", "depth": 1}, {"nodes": [14, 13], "parentBranch": 0, "mode": "down", "depth": 1}, {"nodes": [12, 16, 15], "parentBranch": 0, "mode": "down", "depth": 1}, {"nodes": [16, 17], "parentBranch": 11, "mode": "down", "depth": 2}]}