{"nodes": [0, 1, 2, 3, 4, 5, 6, 7, 8, 9, 10, 11, 12, 13, 14, 15, 16, 17, 18, 19, 20, 21, 22, 23], "edges": [[0, 1], [0, 2], [0, 5], [2, 3], [2, 4], [5, 6], [5, 20], [7, 8], [7, 20], [7, 18], [9, 10], [10, 14], [10, 23], [11, 12], [12, 15], [12, 23], [13, 14], [14, 16], [17, 18], [18, 22], [19, 20], [21, 22], [22, 23]], "heights": {"0": 0.383842, "1": 0.769128, "2": 0.516582, "3": 0.648922, "4": 0.603319, "5": 0.203974, "6": 0.33967, "7": 0.180738, "8": 0.337915, "9": 0.0, "10": 0.050011, "11": 0.000172, "12": 0.045057, "13": 0.000591, "14": 0.035028, "15": 0.003947, "16": 0.009692, "17": 0.011733, "18": 0.158406, "19": 0.015198, "20": 0.190149, "21": 0.034994, "22": 0.058948, "23": 0.050044}, "types": {"0": 1, "1": 2, "2": 1, "3": 2, "4": 2, "5": 1, "6": 2, "7": 1, "8": 2, "9": 0, "10": 1, "11": 0, "12": 1, "13": 0, "14": 1, "15": 0, "16": 0, "17": 0, "18": 1, "19": 0, "20": 1, "21": 0, "22": 1, "23": 1}, "xs": {"0": 66.0, "1": 66.0, "2": 62.0, "3": 63.0, "4": 63.0, "5": 64.0, "6": 67.0, "7": 61.0, "8": 58.0, "9": 63.0, "10": 48.0, "11": 116.0, "12": 83.0, "13": 25.0, "14": 48.0, "15": 75.0, "16": 56.0, "17": 55.0, "18": 51.0, "19": 77.0, "20": 80.0, "21": 70.0, "22": 72.0, "23": 90.0}, "ys": {"0": 138.0, "1": 154.0, "2": 112.0, "3": 121.0, "4": 105.0, "5": 54.0, "6": 51.0, "7": 53.0, "8": 51.0, "9": 37.0, "10": 0.0, "11": 148.0, "12": 124.0, "13": 151.0, "14": 107.0, "15": 126.0, "16": 108.0, "17": 156.0, "18": 153.0, "19": 152.0, "20": 150.0, "21": 124.0, "22": 125.0, "23": 0.0}, "zs": {"0": 0.0, "1": 0.0, "2": 0.0, "3": 0.0, "4": 0.0, "5": 0.0, "6": 0.0, "7": 0.0, "8": 0.0, "9": 0.0, "10": 0.0, "11": 0.0, "12": 0.0, "13": 0.0, "14": 0.0, "15": 0.0, "16": 0.0, "17": 0.0, "18": 0.0, "19": 0.0, "20": 0.0, "21": 0.0, "22": 0.0, "23": 0.0}, "vizPos": {"0": [0.5, 0.383842], "1": [0.5, 0.769128], "2": [0.055555555555555525, 0.516582], "3": [0.055555555555555525, 0.648922], "4": [0.0, 0.603319], "5": [0.5, 0.203974], "6": [0.9444444444444444, 0.33967], "7": [0.5, 0.180738], "8": [0.16666666666666663, 0.337915], "9": [0.5, 0.0], "10": [0.5, 0.050011], "11": [0.6111111111111112, 0.000172], "12": [0.6111111111111112, 0.045057], "13": [0.3888888888888889, 0.000591], "14": [0.3888888888888889, 0.035028], "15": [0.5555555555555556, 0.003947], "16": [0.3333333333333333, 0.009692], "17": [0.7222222222222222, 0.011733], "18": [0.5, 0.158406], "19": [0.8333333333333334, 0.015198], "20": [0.5, 0.190149], "21": [0.2777777777777778, 0.034994], "22": [0.5, 0.058948], "23": [0.5, 0.050044]}, "vizEdgeSegments": [[[0.5, 0.0], [0.5, 0.0], [0.5, 0.769128]], [[0.5, 0.383842], [0.055555555555555525, 0.383842], [0.055555555555555525, 0.648922]], [[0.055555555555555525, 0.516582], [0.0, 0.516582], [0.0, 0.603319]], [[0.5, 0.203974], [0.9444444444444444, 0.203974], [0.9444444444444444, 0.33967]], [[0.5, 0.190149], [0.8333333333333334, 0.190149], [0.8333333333333334, 0.015198]], [[0.5, 0.180738], [0.16666666666666663, 0.180738], [0.16666666666666663, 0.337915]], [[0.5, 0.158406], [0.7222222222222222, 0.158406], [0.7222222222222222, 0.011733]], [[0.5, 0.058948], [0.2777777777777778, 0.058948], [0.2777777777777778, 0.034994]], [[0.5, 0.050044], [0.6111111111111112, 0.050044], [0.6111111111111112, 0.000172]], [[0.6111111111111112, 0.045057], [0.5555555555555556, 0.045057], [0.5555555555555556, 0.003947]], [[0.5, 0.050011], [0.3888888888888889, 0.050011], [0.3888888888888889, 0.000591]], [[0.3888888888888889, 0.035028], [0.3333333333333333, 0.035028], [0.3333333333333333, 0.009692]]], "vizSegmentNodeIds": [[9, 10, 23, 22, 18, 7, 20, 5, 0, 1], [0, 2, 3], [2, 4], [5, 6], [20, 19], [7, 8], [18, 17], [22, 21], [23, 12, 11], [12, 15], [10, 14, 13], [14, 16]], "branches": [{"nodes": [9, 10, 23, 22, 18, 7, 20, 5, 0, 1], "parentBranch": -1, "mode": "up", "depth": 0}, {"nodes": [0, 2, 3], "parentBranch": 0, "mode": "up", "depth": 1}, {"nodes": [2, 4], "parentBranch": 1, "mode": "up", "depth": 2}, {"nodes": [5, 6], "parentBranch": 0, "mode": "up", "depth": 1}, {"nodes": [20, 19], "parentBranch": 0, "mode": "down", "depth": 1}, {"nodes": [7, 8], "parentBranch": 0, "mode": "up", "depth": 1}, {"nodes": [18, 17], "parentBranch": 0, "mode": "down", "depth": 1}, {"nodes": [22, 21], "parentBranch": 0, "mode": "down", "depth": 1}, {"nodes": [23, 12, 11], "parentBranch": 0, "mode": "down", "depth": 1}, {"nodes": [12, 15], "parentBranch": 8, "mode": "down", "depth": 2}, {"nodes": [10, 14, 13], "parentBranch": 0, "mode": "down", "depth": 1}, {"nodes": [14, 16], "parentBranch": 10, "mode": "down", "depth": 2}]}