{"nodes": [0, 1, 2, 3, 4, 5, 6, 7, 8, 9, 10, 11, 12, 13, 14, 15, 16, 17, 18, 19, 20, 21, 22, 23, 24, 25, 26, 27], "edges": [[0, 1], [0, 5], [0, 7], [2, 3], [2, 4], [2, 5], [5, 6], [7, 8], [7, 25], [9, 10], [9, 25], [9, 27], [11, 12], [12, 20], [12, 14], [13, 14], [14, 18], [15, 16], [16, 21], [16, 20], [17, 18], [18, 23], [19, 20], [22, 23], [23, 27], [24, 25], [26, 27]], "heights": {"0": 0.417345, "1": 0.767455, "2": 0.645534, "3": 0.677058, "4": 0.674142, "5": 0.536817, "6": 0.607702, "7": 0.203597, "8": 0.340191, "9": 0.181218, "10": 0.337922, "11": 0.0, "12": 0.050024, "13": 6.5e-05, "14": 0.050058, "15": 0.000478, "16": 0.03334, "17": 0.003804, "18": 0.051921, "19": 0.004997, "20": 0.035041, "21": 0.008946, "22": 0.025149, "23": 0.070504, "24": 0.02979, "25": 0.189934, "26": 0.030616, "27": 0.151999}, "types": {"0": 1, "1": 2, "2": 1, "3": 2, "4": 2, "5": 1, "6": 2, "7": 1, "8": 2, "9": 1, "10": 2, "11": 0, "12": 1, "13": 0, "14": 1, "15": 0, "16": 1, "17": 0, "18": 1, "19": 0, "20": 1, "21": 0, "22": 0, "23": 1, "24": 0, "25": 1, "26": 0, "27": 1}, "xs": {"0": 67.0, "1": 66.0, "2": 64.0, "3": 64.0, "4": 63.0, "5": 62.0, "6": 63.0, "7": 64.0, "8": 67.0, "9": 61.0, "10": 58.0, "11": 63.0, "12": 46.0, "13": 120.0, "14": 93.0, "15": 26.0, "16": 46.0, "17": 75.0, "18": 82.0, "19": 56.0, "20": 47.0, "21": 56.0, "22": 71.0, "23": 72.0, "24": 77.0, "25": 81.0, "26": 55.0, "27": 52.0}, "ys": {"0": 139.0, "1": 154.0, "2": 126.0, "3": 128.0, "4": 125.0, "5": 114.0, "6": 107.0, "7": 54.0, "8": 51.0, "9": 53.0, "10": 51.0, "11": 37.0, "12": 0.0, "13": 148.0, "14": 0.0, "15": 151.0, "16": 109.0, "17": 127.0, "18": 126.0, "19": 130.0, "20": 127.0, "21": 110.0, "22": 126.0, "23": 126.0, "24": 151.0, "25": 151.0, "26": 156.0, "27": 153.0}, "zs": {"0": 0.0, "1": 0.0, "2": 0.0, "3": 0.0, "4": 0.0, "5": 0.0, "6": 0.0, "7": 0.0, "8": 0.0, "9": 0.0, "10": 0.0, "11": 0.0, "12": 0.0, "13": 0.0, "14": 0.0, "15": 0.0, "16": 0.0, "17": 0.0, "18": 0.0, "19": 0.0, "20": 0.0, "21": 0.0, "22": 0.0, "23": 0.0, "24": 0.0, "25": 0.0, "26": 0.0, "27": 0.0}, "vizPos": {"0": [0.5, 0.417345], "1": [0.5, 0.767455], "2": [0.0, 0.645534], "3": [0.0, 0.677058], "4": [0.022727272727272874, 0.674142], "5": [0.04545454545454547, 0.536817], "6": [0.04545454545454547, 0.607702], "7": [0.5, 0.203597], "8": [0.22727272727272724, 0.340191], "9": [0.5, 0.181218], "10": [0.7727272727272727, 0.337922], "11": [0.5, 0.0], "12": [0.5, 0.050024], "13": [0.40909090909090906, 6.5e-05], "14": [0.5, 0.050058], "15": [0.5454545454545454, 0.000478], "16": [0.5454545454545454, 0.03334], "17": [0.3181818181818182, 0.003804], "18": [0.5, 0.051921], "19": [0.5909090909090909, 0.004997], "20": [0.5909090909090909, 0.035041], "21": [0.5681818181818181, 0.008946], "22": [0.6818181818181819, 0.025149], "23": [0.5, 0.070504], "24": [0.13636363636363635, 0.02979], "25": [0.5, 0.189934], "26": [0.8636363636363636, 0.030616], "27": [0.5, 0.151999]}, "vizEdgeSegments": [[[0.5, 0.0], [0.5, 0.0], [0.5, 0.767455]], [[0.5, 0.417345], [0.04545454545454547, 0.417345], [0.04545454545454547, 0.607702]], [[0.04545454545454547, 0.536817], [0.0, 0.536817], [0.0, 0.677058]], [[0.0, 0.645534], [0.022727272727272874, 0.645534], [0.022727272727272874, 0.674142]], [[0.5, 0.203597], [0.22727272727272724, 0.203597], [0.22727272727272724, 0.340191]], [[0.5, 0.189934], [0.13636363636363635, 0.189934], [0.13636363636363635, 0.02979]], [[0.5, 0.181218], [0.7727272727272727, 0.181218], [0.7727272727272727, 0.337922]], [[0.5, 0.151999], [0.8636363636363636, 0.151999], [0.8636363636363636, 0.030616]], [[0.5, 0.070504], [0.6818181818181819, 0.070504], [0.6818181818181819, 0.025149]], [[0.5, 0.051921], [0.3181818181818182, 0.051921], [0.3181818181818182, 0.003804]], [[0.5, 0.050058], [0.40909090909090906, 0.050058], [0.40909090909090906, 6.5e-05]], [[0.5, 0.050024], [0.5909090909090909, 0.050024], [0.5909090909090909, 0.004997]], [[0.5909090909090909, 0.035041], [0.5454545454545454, 0.035041], [0.5454545454545454, 0.000478]], [[0.5454545454545454, 0.03334], [0.5681818181818181, 0.03334], [0.5681818181818181, 0.008946]]], "vizSegmentNodeIds": [[11, 12, 14, 18, 23, 27, 9, 25, 7, 0, 1], [0, 5, 6], [5, 2, 3], [2, 4], [7, 8], [25, 24], [9, 10], [27, 26], [23, 22], [18, 17], [14, 13], [12, 20, 19], [20, 16, 15], [16, 21]], "branches": [{"nodes": [11, 12, 14, 18, 23, 27, 9, 25, 7, 0, 1], "parentBranch": -1, "mode": "up", "depth": 0}, {"nodes": [0, 5, 6], "parentBranch": 0, "mode": "up", "depth": 1}, {"nodes": [5, 2, 3], "parentBranch": 1, "mode": "up", "depth": 2}, {"nodes": [2, 4], "parentBranch": 2, "mode": "up", "depth": 3}, {"nodes": [7, 8], "parentBranch": 0, "mode": "up", "depth": 1}, {"nodes": [25, 24], "parentBranch": 0, "mode": "down", "depth": 1}, {"nodes": [9, 10], "parentBranch": 0, "mode": "up", "depth": 1}, {"nodes": [27, 26], "parentBranch": 0, "mode": "down", "depth": 1}, {"nodes": [23, 22], "parentBranch": 0, "mode": "down", "depth": 1}, {"nodes": [18, 17], "parentBranch": 0, "mode": "down", "depth": 1}, {"nodes": [14, 13], "parentBranch": 0, "mode": "down", "depth": 1}, {"nodes": [12, 20, 19], "parentBranch": 0, "mode": "down", "depth": 1}, {"nodes": [20, 16, 15], "parentBranch": 11, "mode": "down", "depth": 2}, {"nodes": [16, 21], "parentBranch": 12, "mode": "down", "depth": 3}]}