{"nodes": [0, 1, 2, 3, 4, 5, 6, 7, 8, 9, 10, 11, 12, 13, 14, 15, 16, 17, 18, 19, 20, 21, 22, 23, 24, 25], "edges": [[0, 1], [0, 2], [0, 5], [2, 3], [2, 4], [5, 6], [5, 17], [7, 8], [7, 17], [7, 23], [9, 10], [10, 14], [10, 12], [11, 12], [12, 21], [13, 14], [14, 15], [16, 17], [18, 19], [19, 21], [19, 25], [20, 21], [22, 23], [23, 25], [24, 25]], "heights": {"0": 0.350473, "1": 0.78006, "2": 0.525482, "3": 0.642358, "4": 0.602344, "5": 0.205095, "6": 0.338285, "7": 0.178229, "8": 0.335479, "9": 0.0, "10": 0.05001, "11": 0.000152, "12": 0.05004, "13": 0.00047, "14": 0.032633, "15": 0.007825, "16": 0.008288, "17": 0.192911, "18": 0.017524, "19": 0.05303, "20": 0.02276, "21": 0.051841, "22": 0.026093, "23": 0.158462, "24": 0.060173, "25": 0.086414}, "types": {"0": 1, "1": 2, "2": 1, "3": 2, "4": 2, "5": 1, "6": 2, "7": 1, "8": 2, "9": 0, "10": 1, "11": 0, "12": 1, "13": 0, "14": 1, "15": 0, "16": 0, "17": 1, "18": 0, "19": 1, "20": 0, "21": 1, "22": 0, "23": 1, "24": 0, "25": 1}, "xs": {"0": 66.0, "1": 67.0, "2": 63.0, "3": 63.0, "4": 63.0, "5": 64.0, "6": 67.0, "7": 61.0, "8": 58.0, "9": 63.0, "10": 40.0, "11": 122.0, "12": 86.0, "13": 28.0, "14": 46.0, "15": 56.0, "16": 78.0, "17": 82.0, "18": 74.0, "19": 82.0, "20": 57.0, "21": 56.0, "22": 56.0, "23": 52.0, "24": 67.0, "25": 70.0}, "ys": {"0": 138.0, "1": 154.0, "2": 113.0, "3": 126.0, "4": 104.0, "5": 54.0, "6": 51.0, "7": 53.0, "8": 51.0, "9": 37.0, "10": 0.0, "11": 148.0, "12": 0.0, "13": 153.0, "14": 105.0, "15": 106.0, "16": 152.0, "17": 154.0, "18": 127.0, "19": 125.0, "20": 126.0, "21": 125.0, "22": 157.0, "23": 154.0, "24": 114.0, "25": 112.0}, "zs": {"0": 0.0, "1": 0.0, "2": 0.0, "3": 0.0, "4": 0.0, "5": 0.0, "6": 0.0, "7": 0.0, "8": 0.0, "9": 0.0, "10": 0.0, "11": 0.0, "12": 0.0, "13": 0.0, "14": 0.0, "15": 0.0, "16": 0.0, "17": 0.0, "18": 0.0, "19": 0.0, "20": 0.0, "21": 0.0, "22": 0.0, "23": 0.0, "24": 0.0, "25": 0.0}, "vizPos": {"0": [0.5, 0.350473], "1": [0.5, 0.78006], "2": [0.04545454545454547, 0.525482], "3": [0.04545454545454547, 0.642358], "4": [0.0, 0.602344], "5": [0.5, 0.205095], "6": [0.9545454545454546, 0.338285], "7": [0.5, 0.178229], "8": [0.13636363636363635, 0.335479], "9": [0.5, 0.0], "10": [0.5, 0.05001], "11": [0.5909090909090909, 0.000152], "12": [0.5, 0.05004], "13": [0.40909090909090906, 0.00047], "14": [0.40909090909090906, 0.032633], "15": [0.36363636363636365, 0.007825], "16": [0.8636363636363636, 0.008288], "17": [0.5, 0.192911], "18": [0.6818181818181819, 0.017524], "19": [0.5, 0.05303], "20": [0.3181818181818182, 0.02276], "21": [0.5, 0.051841], "22": [0.7727272727272727, 0.026093], "23": [0.5, 0.158462], "24": [0.22727272727272724, 0.060173], "25": [0.5, 0.086414]}, "vizEdgeSegments": [[[0.5, 0.0], [0.5, 0.0], [0.5, 0.78006]], [[0.5, 0.350473], [0.04545454545454547, 0.350473], [0.04545454545454547, 0.642358]], [[0.04545454545454547, 0.525482], [0.0, 0.525482], [0.0, 0.602344]], [[0.5, 0.205095], [0.9545454545454546, 0.205095], [0.9545454545454546, 0.338285]], [[0.5, 0.192911], [0.8636363636363636, 0.192911], [0.8636363636363636, 0.008288]], [[0.5, 0.178229], [0.13636363636363635, 0.178229], [0.13636363636363635, 0.335479]], [[0.5, 0.158462], [0.7727272727272727, 0.158462], [0.7727272727272727, 0.026093]], [[0.5, 0.086414], [0.22727272727272724, 0.086414], [0.22727272727272724, 0.060173]], [[0.5, 0.05303], [0.6818181818181819, 0.05303], [0.6818181818181819, 0.017524]], [[0.5, 0.051841], [0.3181818181818182, 0.051841], [0.3181818181818182, 0.02276]], [[0.5, 0.05004], [0.5909090909090909, 0.05004], [0.5909090909090909, 0.000152]], [[0.5, 0.05001], [0.40909090909090906, 0.05001], [0.40909090909090906, 0.00047]], [[0.40909090909090906, 0.032633], [0.36363636363636365, 0.032633], [0.36363636363636365, 0.007825]]], "vizSegmentNodeIds": [[9, 10, 12, 21, 19, 25, 23, 7, 17, 5, 0, 1], [0, 2, 3], [2, 4], [5, 6], [17, 16], [7, 8], [23, 22], [25, 24], [19, 18], [21, 20], [12, 11], [10, 14, 13], [14, 15]], "branches": [{"nodes": [9, 10, 12, 21, 19, 25, 23, 7, 17, 5, 0, 1], "parentBranch": -1, "mode": "up", "depth": 0}, {"nodes": [0, 2, 3], "parentBranch": 0, "mode": "up", "depth": 1}, {"nodes": [2, 4], "parentBranch": 1, "mode": "up", "depth": 2}, {"nodes": [5, 6], "parentBranch": 0, "mode": "up", "depth": 1}, {"nodes": [17, 16], "parentBranch": 0, "mode": "down", "depth": 1}, {"nodes": [7, 8], "parentBranch": 0, "mode": "up", "depth": 1}, {"nodes": [23, 22], "parentBranch": 0, "mode": "down", "depth": 1}, {"nodes": [25, 24], "parentBranch": 0, "mode": "down", "depth": 1}, {"nodes": [19, 18], "parentBranch": 0, "mode": "down", "depth": 1}, {"nodes": [21, 20], "parentBranch": 0, "mode": "down", "depth": 1}, {"nodes": [12, 11], "parentBranch": 0, "mode": "down", "depth": 1}, {"nodes": [10, 14, 13], "parentBranch": 0, "mode": "down", "depth": 1}, {"nodes": [14, 15], "parentBranch": 11, "mode": "down", "depth": 2}]}