{"nodes": [0, 1, 2, 3, 4, 5, 6, 7, 8, 9, 10, 11, 12, 13, 14, 15, 16, 17, 18, 19, 20, 21, 22, 23, 24, 25, 26, 27, 28, 29], "edges": [[0, 1], [0, 29], [0, 12], [2, 3], [2, 9], [2, 29], [4, 5], [4, 6], [4, 7], [7, 8], [7, 29], [10, 11], [10, 22], [10, 24], [12, 13], [12, 22], [14, 15], [15, 19], [15, 17], [16, 17], [17, 26], [18, 19], [19, 20], [21, 22], [23, 24], [24, 28], [25, 26], [26, 28], [27, 28]], "heights": {"0": 0.352797, "1": 0.764889, "2": 0.538548, "3": 0.710834, "4": 0.550611, "5": 0.590676, "6": 0.588676, "7": 0.536684, "8": 0.574417, "9": 0.562618, "10": 0.181256, "11": 0.340262, "12": 0.203754, "13": 0.338155, "14": 0.0, "15": 0.050011, "16": 0.000118, "17": 0.050068, "18": 0.000479, "19": 0.033535, "20": 0.004224, "21": 0.007611, "22": 0.187896, "23": 0.01046, "24": 0.163548, "25": 0.014601, "26": 0.064917, "27": 0.046005, "28": 0.092033, "29": 0.528301}, "types": {"0": 1, "1": 2, "2": 1, "3": 2, "4": 1, "5": 2, "6": 2, "7": 1, "8": 2, "9": 2, "10": 1, "11": 2, "12": 1, "13": 2, "14": 0, "15": 1, "16": 0, "17": 1, "18": 0, "19": 1, "20": 0, "21": 0, "22": 1, "23": 0, "24": 1, "25": 0, "26": 1, "27": 0, "28": 1, "29": 1}, "xs": {"0": 60.0, "1": 57.0, "2": 62.0, "3": 62.0, "4": 62.0, "5": 62.0, "6": 63.0, "7": 61.0, "8": 62.0, "9": 63.0, "10": 61.0, "11": 58.0, "12": 64.0, "13": 67.0, "14": 63.0, "15": 77.0, "16": 3.0, "17": 47.0, "18": 98.0, "19": 79.0, "20": 69.0, "21": 47.0, "22": 44.0, "23": 69.0, "24": 73.0, "25": 53.0, "26": 47.0, "27": 68.0, "28": 70.0, "29": 63.0}, "ys": {"0": 137.0, "1": 154.0, "2": 116.0, "3": 125.0, "4": 106.0, "5": 104.0, "6": 107.0, "7": 101.0, "8": 94.0, "9": 115.0, "10": 53.0, "11": 51.0, "12": 54.0, "13": 51.0, "14": 37.0, "15": 0.0, "16": 148.0, "17": 0.0, "18": 152.0, "19": 106.0, "20": 107.0, "21": 151.0, "22": 150.0, "23": 156.0, "24": 154.0, "25": 127.0, "26": 125.0, "27": 125.0, "28": 125.0, "29": 113.0}, "zs": {"0": 0.0, "1": 0.0, "2": 0.0, "3": 0.0, "4": 0.0, "5": 0.0, "6": 0.0, "7": 0.0, "8": 0.0, "9": 0.0, "10": 0.0, "11": 0.0, "12": 0.0, "13": 0.0, "14": 0.0, "15": 0.0, "16": 0.0, "17": 0.0, "18": 0.0, "19": 0.0, "20": 0.0, "21": 0.0, "22": 0.0, "23": 0.0, "24": 0.0, "25": 0.0, "26": 0.0, "27": 0.0, "28": 0.0, "29": 0.0}, "vizPos": {"0": [0.5, 0.352797], "1": [0.5, 0.764889], "2": [0.04545454545454547, 0.538548], "3": [0.04545454545454547, 0.710834], "4": [0.1136363636363637, 0.550611], "5": [0.1136363636363637, 0.590676], "6": [0.10227272727272729, 0.588676], "7": [0.09090909090909094, 0.536684], "8": [0.09090909090909094, 0.574417], "9": [0.0, 0.562618], "10": [0.5, 0.181256], "11": [0.7727272727272727, 0.340262], "12": [0.5, 0.203754], "13": [0.22727272727272724, 0.338155], "14": [0.5, 0.0], "15": [0.5, 0.050011], "16": [0.5909090909090909, 0.000118], "17": [0.5, 0.050068], "18": [0.40909090909090906, 0.000479], "19": [0.40909090909090906, 0.033535], "20": [0.36363636363636365, 0.004224], "21": [0.13636363636363635, 0.007611], "22": [0.5, 0.187896], "23": [0.8636363636363636, 0.01046], "24": [0.5, 0.163548], "25": [0.3181818181818182, 0.014601], "26": [0.5, 0.064917], "27": [0.6818181818181819, 0.046005], "28": [0.5, 0.092033], "29": [0.04545454545454547, 0.528301]}, "vizEdgeSegments": [[[0.5, 0.0], [0.5, 0.0], [0.5, 0.764889]], [[0.5, 0.352797], [0.04545454545454547, 0.352797], [0.04545454545454547, 0.710834]], [[0.04545454545454547, 0.538548], [0.0, 0.538548], [0.0, 0.562618]], [[0.04545454545454547, 0.528301], [0.09090909090909094, 0.528301], [0.09090909090909094, 0.574417]], [[0.09090909090909094, 0.536684], [0.1136363636363637, 0.536684], [0.1136363636363637, 0.590676]], [[0.1136363636363637, 0.550611], [0.10227272727272729, 0.550611], [0.10227272727272729, 0.588676]], [[0.5, 0.203754], [0.22727272727272724, 0.203754], [0.22727272727272724, 0.338155]], [[0.5, 0.187896], [0.13636363636363635, 0.187896], [0.13636363636363635, 0.007611]], [[0.5, 0.181256], [0.7727272727272727, 0.181256], [0.7727272727272727, 0.340262]], [[0.5, 0.163548], [0.8636363636363636, 0.163548], [0.8636363636363636, 0.01046]], [[0.5, 0.092033], [0.6818181818181819, 0.092033], [0.6818181818181819, 0.046005]], [[0.5, 0.064917], [0.3181818181818182, 0.064917], [0.3181818181818182, 0.014601]], [[0.5, 0.050068], [0.5909090909090909, 0.050068], [0.5909090909090909, 0.000118]], [[0.5, 0.050011], [0.40909090909090906, 0.050011], [0.40909090909090906, 0.000479]], [[0.40909090909090906, 0.033535], [0.36363636363636365, 0.033535], [0.36363636363636365, 0.004224]]], "vizSegmentNodeIds": [[14, 15, 17, 26, 28, 24, 10, 22, 12, 0, 1], [0, 29, 2, 3], [2, 9], [29, 7, 8], [7, 4, 5], [4, 6], [12, 13], [22, 21], [10, 11], [24, 23], [28, 27], [26, 25], [17, 16], [15, 19, 18], [19, 20]], "branches": [{"nodes": [14, 15, 17, 26, 28, 24, 10, 22, 12, 0, 1], "parentBranch": -1, "mode": "up", "depth": 0}, {"nodes": [0, 29, 2, 3], "parentBranch": 0, "mode": "up", "depth": 1}, {"nodes": [2, 9], "parentBranch": 1, "mode": "up", "depth": 2}, {"nodes": [29, 7, 8], "parentBranch": 1, "mode": "up", "depth": 2}, {"nodes": [7, 4, 5], "parentBranch": 3, "mode": "up", "depth": 3}, {"nodes": [4, 6], "parentBranch": 4, "mode": "up", "depth": 4}, {"nodes": [12, 13], "parentBranch": 0, "mode": "up", "depth": 1}, {"nodes": [22, 21], "parentBranch": 0, "mode": "down", "depth": 1}, {"nodes": [10, 11], "parentBranch": 0, "mode": "up", "depth": 1}, {"nodes": [24, 23], "parentBranch": 0, "mode": "down", "depth": 1}, {"nodes": [28, 27], "parentBranch": 0, "mode": "down", "depth": 1}, {"nodes": [26, 25], "parentBranch": 0, "mode": "down", "depth": 1}, {"nodes": [17, 16], "parentBranch": 0, "mode": "down", "depth": 1}, {"nodes": [15, 19, 18], "parentBranch": 0, "mode": "down", "depth": 1}, {"nodes": [19, 20], "parentBranch": 13, "mode": "down", "depth": 2}]}