{"nodes": [0, 1, 2, 3, 4, 5, 6, 7, 8, 9, 10, 11, 12, 13, 14, 15, 16, 17, 18, 19, 20, 21, 22, 23, 24, 25, 26, 27], "edges": [[0, 1], [0, 27], [0, 10], [2, 3], [2, 7], [2, 27], [4, 5], [4, 6], [4, 27], [8, 9], [8, 20], [8, 22], [10, 11], [10, 20], [12, 13], [13, 17], [13, 15], [14, 15], [15, 24], [16, 17], [17, 18], [19, 20], [21, 22], [22, 26], [23, 24], [24, 26], [25, 26]], "heights": {"0": 0.368006, "1": 0.762679, "2": 0.494061, "3": 0.700926, "4": 0.562904, "5": 0.606624, "6": 0.594839, "7": 0.528055, "8": 0.181534, "9": 0.340501, "10": 0.203918, "11": 0.338303, "12": 0.0, "13": 0.049994, "14": 9.9e-05, "15": 0.050079, "16": 0.000506, "17": 0.031239, "18": 0.005472, "19": 0.01317, "20": 0.193016, "21": 0.014089, "22": 0.161158, "23": 0.020931, "24": 0.077335, "25": 0.036767, "26": 0.090082, "27": 0.480405}, "types": {"0": 1, "1": 2, "2": 1, "3": 2, "4": 1, "5": 2, "6": 2, "7": 2, "8": 1, "9": 2, "10": 1, "11": 2, "12": 0, "13": 1, "14": 0, "15": 1, "16": 0, "17": 1, "18": 0, "19": 0, "20": 1, "21": 0, "22": 1, "23": 0, "24": 1, "25": 0, "26": 1, "27": 1}, "xs": {"0": 60.0, "1": 57.0, "2": 62.0, "3": 61.0, "4": 63.0, "5": 62.0, "6": 63.0, "7": 62.0, "8": 61.0, "9": 58.0, "10": 64.0, "11": 67.0, "12": 63.0, "13": 75.0, "14": 0.0, "15": 41.0, "16": 98.0, "17": 80.0, "18": 71.0, "19": 47.0, "20": 43.0, "21": 69.0, "22": 73.0, "23": 56.0, "24": 50.0, "25": 68.0, "26": 70.0, "27": 64.0}, "ys": {"0": 138.0, "1": 154.0, "2": 120.0, "3": 128.0, "4": 107.0, "5": 106.0, "6": 108.0, "7": 118.0, "8": 53.0, "9": 51.0, "10": 54.0, "11": 51.0, "12": 37.0, "13": 0.0, "14": 147.0, "15": 0.0, "16": 152.0, "17": 110.0, "18": 109.0, "19": 150.0, "20": 149.0, "21": 156.0, "22": 154.0, "23": 127.0, "24": 126.0, "25": 126.0, "26": 126.0, "27": 114.0}, "zs": {"0": 0.0, "1": 0.0, "2": 0.0, "3": 0.0, "4": 0.0, "5": 0.0, "6": 0.0, "7": 0.0, "8": 0.0, "9": 0.0, "10": 0.0, "11": 0.0, "12": 0.0, "13": 0.0, "14": 0.0, "15": 0.0, "16": 0.0, "17": 0.0, "18": 0.0, "19": 0.0, "20": 0.0, "21": 0.0, "22": 0.0, "23": 0.0, "24": 0.0, "25": 0.0, "26": 0.0, "27": 0.0}, "vizPos": {"0": [0.5, 0.368006], "1": [0.5, 0.762679], "2": [0.09090909090909094, 0.494061], "3": [0.09090909090909094, 0.700926], "4": [0.04545454545454547, 0.562904], "5": [0.04545454545454547, 0.606624], "6": [0.0, 0.594839], "7": [0.1136363636363637, 0.528055], "8": [0.5, 0.181534], "9": [0.7727272727272727, 0.340501], "10": [0.5, 0.203918], "11": [0.22727272727272724, 0.338303], "12": [0.5, 0.0], "13": [0.5, 0.049994], "14": [0.5909090909090909, 9.9e-05], "15": [0.5, 0.050079], "16": [0.40909090909090906, 0.000506], "17": [0.40909090909090906, 0.031239], "18": [0.36363636363636365, 0.005472], "19": [0.13636363636363635, 0.01317], "20": [0.5, 0.193016], "21": [0.8636363636363636, 0.014089], "22": [0.5, 0.161158], "23": [0.3181818181818182, 0.020931], "24": [0.5, 0.077335], "25": [0.6818181818181819, 0.036767], "26": [0.5, 0.090082], "27": [0.04545454545454547, 0.480405]}, "vizEdgeSegments": [[[0.5, 0.0], [0.5, 0.0], [0.5, 0.762679]], [[0.5, 0.368006], [0.04545454545454547, 0.368006], [0.04545454545454547, 0.606624]], [[0.04545454545454547, 0.562904], [0.0, 0.562904], [0.0, 0.594839]], [[0.04545454545454547, 0.480405], [0.09090909090909094, 0.480405], [0.09090909090909094, 0.700926]], [[0.09090909090909094, 0.494061], [0.1136363636363637, 0.494061], [0.1136363636363637, 0.528055]], [[0.5, 0.203918], [0.22727272727272724, 0.203918], [0.22727272727272724, 0.338303]], [[0.5, 0.193016], [0.13636363636363635, 0.193016], [0.13636363636363635, 0.01317]], [[0.5, 0.181534], [0.7727272727272727, 0.181534], [0.7727272727272727, 0.340501]], [[0.5, 0.161158], [0.8636363636363636, 0.161158], [0.8636363636363636, 0.014089]], [[0.5, 0.090082], [0.6818181818181819, 0.090082], [0.6818181818181819, 0.036767]], [[0.5, 0.077335], [0.3181818181818182, 0.077335], [0.3181818181818182, 0.020931]], [[0.5, 0.050079], [0.5909090909090909, 0.050079], [0.5909090909090909, 9.9e-05]], [[0.5, 0.049994], [0.40909090909090906, 0.049994], [0.40909090909090906, 0.000506]], [[0.40909090909090906, 0.031239], [0.36363636363636365, 0.031239], [0.36363636363636365, 0.005472]]], "vizSegmentNodeIds": [[12, 13, 15, 24, 26, 22, 8, 20, 10, 0, 1], [0, 27, 4, 5], [4, 6], [27, 2, 3], [2, 7], [10, 11], [20, 19], [8, 9], [22, 21], [26, 25], [24, 23], [15, 14], [13, 17, 16], [17, 18]], "branches": [{"nodes": [12, 13, 15, 24, 26, 22, 8, 20, 10, 0, 1], "parentBranch": -1, "mode": "up", "depth": 0}, {"nodes": [0, 27, 4, 5], "parentBranch": 0, "mode": "up", "depth": 1}, {"nodes": [4, 6], "parentBranch": 1, "mode": "up", "depth": 2}, {"nodes": [27, 2, 3], "parentBranch": 1, "mode": "up", "depth": 2}, {"nodes": [2, 7], "parentBranch": 3, "mode": "up", "depth": 3}, {"nodes": [10, 11], "parentBranch": 0, "mode": "up", "depth": 1}, {"nodes": [20, 19], "parentBranch": 0, "mode": "down", "depth": 1}, {"nodes": [8, 9], "parentBranch": 0, "mode": "up", "depth": 1}, {"nodes": [22, 21], "parentBranch": 0, "mode": "down", "depth": 1}, {"nodes": [26, 25], "parentBranch": 0, "mode": "down", "depth": 1}, {"nodes": [24, 23], "parentBranch": 0, "mode": "down", "depth": 1}, {"nodes": [15, 14], "parentBranch": 0, "mode": "down", "depth": 1}, {"nodes": [13, 17, 16], "parentBranch": 0, "mode": "down", "depth": 1}, {"nodes": [17, 18], "parentBranch": 12, "mode": "down", "depth": 2}]}