{
  "0": [
    0.5,
    0.0
  ],
  "10": [
    0.5,
    0.05175817117816929
  ],
  "12": [
    0.5,
    0.06941762545869279
  ],
  "13": [
    0.5,
    0.08881552413311772
  ],
  "16": [
    0.5,
    0.16510925177889157
  ],
  "34": [
    0.5,
    0.4404817858207643
  ],
  "37": [
    0.5,
    0.4786579708702211
  ],
  "42": [
    0.5,
    0.49937650896888786
  ],
  "45": [
    0.5,
    0.5325791624541818
  ],
  "48": [
    0.5,
    0.5843833897664846
  ],
  "54": [
    0.5,
    0.6740279000000002
  ],
  "9": [
    0.3693765555555556,
    0.048883458147066364
  ],
  "4": [
    0.3693765555555556,
    0.017184636095699795
  ],
  "7": [
    0.8055329,
    0.033877087926590076
  ],
  "11": [
    0.8525234999999999,
    0.05926203097752554
  ],
  "17": [
    0.056105888888888865,
    0.16961693673862177
  ],
  "21": [
    0.6645611,
    0.2165860641684907
  ],
  "19": [
    0.7115517,
    0.19441157854540786
  ],
  "15": [
    0.1083176666666667,
    0.16500445099882358
  ],
  "18": [
    0.1083176666666667,
    0.19425335502559224
  ],
  "14": [
    0.9465047,
    0.15077940446681734
  ],
  "33": [
    0.4738001111111111,
    0.40983944906118164
  ],
  "26": [
    0.4738001111111111,
    0.3524290398455525
  ],
  "27": [
    0.4738001111111111,
    0.3574346333029471
  ],
  "23": [
    0.4738001111111111,
    0.3250153824962699
  ],
  "22": [
    0.4738001111111111,
    0.300367982543188
  ],
  "24": [
    0.4738001111111111,
    0.32875158690466333
  ],
  "40": [
    0.8995141,
    0.4968443017508017
  ],
  "50": [
    0.7585423,
    0.5919787422204652
  ],
  "49": [
    0.5705799,
    0.5899537378951092
  ],
  "47": [
    0.6175705,
    0.5657168901180759
  ],
  "43": [
    0.42158833333333323,
    0.5279669213270994
  ],
  "51": [
    0.264953,
    0.6285682592879736
  ],
  "46": [
    0.21274122222222222,
    0.5619385444526666
  ],
  "44": [
    0.16052944444444442,
    0.5295393220392021
  ],
  "53": [
    0.31716477777777774,
    0.6543546905578492
  ],
  "52": [
    0.5235892999999999,
    0.6392069682431605
  ],
  "8": [
    0.3693765555555556,
    0.04172880427806165
  ],
  "1": [
    0.3693765555555556,
    0.00492633426336634
  ],
  "20": [
    0.1083176666666667,
    0.21653704197985432
  ],
  "25": [
    0.4738001111111111,
    0.34500541345014335
  ],
  "31": [
    0.4738001111111111,
    0.39790133261728516
  ],
  "29": [
    0.4961765873015873,
    0.3696896017859645
  ],
  "30": [
    0.45142363492063486,
    0.3846208285424317
  ],
  "32": [
    0.4663412857142857,
    0.40257140047162693
  ],
  "28": [
    0.4588824603174603,
    0.3670857775005323
  ],
  "38": [
    0.4812589365079365,
    0.4825619419303604
  ],
  "35": [
    0.4887177619047619,
    0.4452040747431782
  ],
  "36": [
    0.4887177619047619,
    0.4708075380017033
  ],
  "2": [
    0.34979713888888886,
    0.009668503441005227
  ],
  "3": [
    0.3889559722222222,
    0.012715423745627154
  ],
  "5": [
    0.37590302777777773,
    0.018189890971529947
  ],
  "6": [
    0.36285008333333335,
    0.02518959954436574
  ],
  "39": [
    0.4738001111111111,
    0.48820489922640947
  ],
  "41": [
    0.4887177619047619,
    0.4983216692894207
  ]
}