{"nodes": [0, 1, 2, 3, 4, 5, 6, 7, 8, 9, 10, 11, 12, 13, 14, 15, 16, 17, 18, 19, 20, 21, 22, 23, 24, 25, 26, 27, 28, 29, 30, 31, 32, 33, 34, 35, 36, 37, 38, 39, 40, 41, 42, 43, 44, 45, 46, 47, 48, 49, 50, 51, 52, 53, 54, 55, 56, 57, 58, 59], "edges": [[0, 1], [0, 7], [0, 55], [2, 3], [2, 6], [2, 55], [4, 5], [4, 55], [4, 10], [8, 9], [8, 18], [8, 56], [10, 11], [10, 12], [12, 13], [12, 16], [14, 15], [14, 19], [14, 22], [16, 17], [16, 56], [20, 21], [20, 56], [20, 26], [22, 23], [22, 59], [24, 25], [24, 26], [24, 59], [26, 27], [28, 29], [28, 32], [28, 57], [30, 31], [30, 33], [30, 58], [34, 35], [34, 37], [34, 50], [36, 37], [37, 46], [38, 39], [39, 42], [39, 44], [40, 41], [41, 50], [41, 48], [43, 44], [44, 46], [45, 46], [47, 48], [48, 52], [49, 50], [51, 52], [52, 54], [53, 54], [54, 58], [57, 59], [57, 58]], "heights": {"0": 0.562783, "1": 0.670934, "2": 0.577788, "3": 0.625498, "4": 0.546451, "5": 0.619595, "6": 0.602865, "7": 0.59432, "8": 0.493658, "9": 0.59228, "10": 0.544762, "11": 0.581553, "12": 0.507642, "13": 0.548859, "14": 0.472165, "15": 0.52988, "16": 0.505395, "17": 0.529879, "18": 0.523898, "19": 0.520967, "20": 0.454275, "21": 0.486965, "22": 0.439846, "23": 0.48018, "24": 0.442339, "25": 0.474094, "26": 0.446512, "27": 0.470156, "28": 0.190257, "29": 0.272072, "30": 0.1896, "31": 0.271745, "32": 0.240442, "33": 0.233174, "34": 0.0502, "35": 0.086487, "36": 0.0, "37": 0.049904, "38": 0.000473, "39": 0.032968, "40": 0.010042, "41": 0.065963, "42": 0.01047, "43": 0.019338, "44": 0.04442, "45": 0.021781, "46": 0.048802, "47": 0.030816, "48": 0.066933, "49": 0.040062, "50": 0.065319, "51": 0.065173, "52": 0.086847, "53": 0.094474, "54": 0.122084, "55": 0.559015, "56": 0.486933, "57": 0.189927, "58": 0.188628, "59": 0.405846}, "types": {"0": 1, "1": 2, "2": 1, "3": 2, "4": 1, "5": 2, "6": 2, "7": 2, "8": 1, "9": 2, "10": 1, "11": 2, "12": 1, "13": 2, "14": 1, "15": 2, "16": 1, "17": 2, "18": 2, "19": 2, "20": 1, "21": 2, "22": 1, "23": 2, "24": 1, "25": 2, "26": 1, "27": 2, "28": 1, "29": 2, "30": 1, "31": 2, "32": 2, "33": 2, "34": 1, "35": 2, "36": 0, "37": 1, "38": 0, "39": 1, "40": 0, "41": 1, "42": 0, "43": 0, "44": 1, "45": 0, "46": 1, "47": 0, "48": 1, "49": 0, "50": 1, "51": 0, "52": 1, "53": 0, "54": 1, "55": 1, "56": 1, "57": 1, "58": 1, "59": 1}, "xs": {"0": 0.484375, "1": 0.484375, "2": 0.46875, "3": 0.453125, "4": 0.453125, "5": 0.46875, "6": 0.46875, "7": 0.453125, "8": 0.46875, "9": 0.453125, "10": 0.46875, "11": 0.46875, "12": 0.5, "13": 0.484375, "14": 0.484375, "15": 0.484375, "16": 0.46875, "17": 0.46875, "18": 0.484375, "19": 0.46875, "20": 0.46875, "21": 0.46875, "22": 0.484375, "23": 0.484375, "24": 0.46875, "25": 0.46875, "26": 0.421875, "27": 0.40625, "28": 0.421875, "29": 0.421875, "30": 0.53125, "31": 0.53125, "32": 0.421875, "33": 0.53125, "34": 0.53125, "35": 0.46875, "36": 0.46875, "37": 0.234375, "38": 0.734375, "39": 0.34375, "40": 0.515625, "41": 0.4375, "42": 0.359375, "43": 0.359375, "44": 0.328125, "45": 0.515625, "46": 0.5, "47": 0.5625, "48": 0.578125, "49": 0.546875, "50": 0.546875, "51": 0.390625, "52": 0.375, "53": 0.484375, "54": 0.40625, "55": 0.453125, "56": 0.515625, "57": 0.46875, "58": 0.484375, "59": 0.46875}, "ys": {"0": 1.21875, "1": 1.17188, "2": 1.10938, "3": 1.17188, "4": 1.23438, "5": 1.15625, "6": 1.15625, "7": 1.23438, "8": 1.03125, "9": 1.09375, "10": 1.09375, "11": 1.04688, "12": 1.35938, "13": 1.375, "14": 1.01562, "15": 1.07812, "16": 0.953125, "17": 0.9375, "18": 1.01562, "19": 1.01562, "20": 0.875, "21": 0.96875, "22": 0.96875, "23": 0.96875, "24": 0.96875, "25": 0.890625, "26": 1.21875, "27": 1.21875, "28": 0.53125, "29": 0.53125, "30": 0.53125, "31": 0.53125, "32": 0.53125, "33": 0.53125, "34": 1.96875, "35": 1.28125, "36": 0.453125, "37": 0.046875, "38": 1.10938, "39": 1.1875, "40": 1.23438, "41": 1.23438, "42": 1.17188, "43": 1.09375, "44": 1.07812, "45": 1.23438, "46": 1.23438, "47": 0.90625, "48": 0.90625, "49": 1.21875, "50": 1.21875, "51": 0.90625, "52": 0.90625, "53": 1.375, "54": 1.35938, "55": 1.21875, "56": 1.10938, "57": 0.578125, "58": 0.578125, "59": 0.90625}, "zs": {"0": 0.796875, "1": 0.734375, "2": 0.640625, "3": 0.671875, "4": 0.8125, "5": 0.875, "6": 0.625, "7": 0.796875, "8": 0.46875, "9": 0.515625, "10": 0.84375, "11": 0.828125, "12": 0.765625, "13": 0.765625, "14": 0.03125, "15": 0.0, "16": 0.640625, "17": 0.65625, "18": 0.4375, "19": 0.046875, "20": 0.9375, "21": 0.9375, "22": 0.078125, "23": 0.09375, "24": 0.5, "25": 0.53125, "26": 0.765625, "27": 0.765625, "28": 0.28125, "29": 0.734375, "30": 0.21875, "31": 0.71875, "32": 0.0, "33": 0.0, "34": 0.21875, "35": 0.0, "36": 0.0, "37": 0.3125, "38": 0.71875, "39": 0.59375, "40": 0.96875, "41": 0.984375, "42": 0.625, "43": 0.53125, "44": 0.53125, "45": 0.53125, "46": 0.515625, "47": 0.25, "48": 0.25, "49": 0.953125, "50": 0.96875, "51": 0.234375, "52": 0.1875, "53": 0.734375, "54": 0.734375, "55": 0.703125, "56": 0.5625, "57": 0.734375, "58": 0.75, "59": 0.21875}, "vizPos": {"0": [0.5, 0.56070917853613], "1": [0.5, 0.670934], "2": [0.65, 0.5822280642450833], "3": [0.625, 0.6379329138887291], "4": [0.5, 0.5357133129763125], "5": [0.35, 0.6322154087731807], "6": [0.65, 0.6141570780588286], "7": [0.45, 0.6039026503334575], "8": [0.25, 0.4506725240026043], "9": [0.22499999999999998, 0.6013555996078999], "10": [0.5, 0.5330552402635432], "11": [0.8, 0.5873651385437479], "12": [0.5, 0.47306817338709184], "13": [0.3, 0.5394822515291191], "14": [0.14999999999999997, 0.41794605521871897], "15": [0.175, 0.5092283738210466], "16": [0.5, 0.46943422792093065], "17": [0.75, 0.5092267542570388], "18": [0.25, 0.49951443343403773], "19": [0.14999999999999997, 0.49474216023785644], "20": [0.5, 0.39318846025696214], "21": [0.7, 0.44020772558308163], "22": [0.14999999999999997, 0.37534137769141207], "23": [0.12499999999999994, 0.4298333609288415], "24": [0.5, 0.3782778585375617], "25": [0.8500000000000001, 0.42076700485315083], "26": [0.5, 0.3833328153872963], "27": [0.19999999999999996, 0.41503688375939457], "28": [0.6, 0.22074693625055883], "29": [0.575, 0.2732554675716791], "30": [0.4, 0.22024944467356072], "31": [0.375, 0.273086460186526], "32": [0.6, 0.2553207254752631], "33": [0.4, 0.2507531121770763], "34": [0.5, 0.06725845279641632], "35": [0.04999999999999999, 0.11810096093433602], "36": [0.5, 0.0], "37": [0.5, 0.06683103897051064], "38": [0.08749999999999997, 0.0005444580136640312], "39": [0.08749999999999997, 0.04261875031393538], "40": [0.9, 0.012036442415854118], "41": [0.5, 0.08990073082506823], "42": [0.08124999999999999, 0.012570712706319983], "43": [0.07499999999999996, 0.023990293643536824], "44": [0.07499999999999996, 0.05892403772278807], "45": [0.09999999999999998, 0.027243667196901047], "46": [0.09999999999999998, 0.06524008719482671], "47": [0.95, 0.03960839424192717], "48": [0.5, 0.09127622645631127], "49": [0.0, 0.05267391794519904], "50": [0.5, 0.08898582162718238], "51": [1.0, 0.08877822311100818], "52": [0.5, 0.1185748877521928], "53": [0.55, 0.12841351373903634], "54": [0.5, 0.16053216707447085], "55": [0.5, 0.5550704869801946], "56": [0.5, 0.44015820604607436], "57": [0.5, 0.22049719968643328], "58": [0.5, 0.21951129573801081], "59": [0.5, 0.34166181898854464]},