{"nodes": [0, 1, 2, 3, 4, 5, 6, 7, 8, 9, 10, 11, 12, 13, 14, 15, 16, 17, 18, 19, 20, 21, 22, 23, 24, 25, 26, 27, 28, 29], "edges": [[0, 1], [0, 29], [0, 8], [2, 3], [2, 4], [2, 29], [5, 6], [5, 7], [5, 29], [8, 9], [8, 26], [10, 11], [10, 26], [10, 28], [12, 13], [13, 21], [13, 15], [14, 15], [15, 19], [16, 17], [17, 22], [17, 21], [18, 19], [19, 24], [20, 21], [23, 24], [24, 28], [25, 26], [27, 28]], "heights": {"0": 0.417345, "1": 0.767455, "2": 0.645534, "3": 0.677058, "4": 0.674142, "5": 0.572419, "6": 0.607702, "7": 0.59263, "8": 0.203597, "9": 0.340191, "10": 0.181218, "11": 0.337922, "12": 0.0, "13": 0.050024, "14": 6.5e-05, "15": 0.050058, "16": 0.000478, "17": 0.03334, "18": 0.003804, "19": 0.051921, "20": 0.004997, "21": 0.035041, "22": 0.008946, "23": 0.025149, "24": 0.070504, "25": 0.02979, "26": 0.189934, "27": 0.030616, "28": 0.151999, "29": 0.536817}, "types": {"0": 1, "1": 2, "2": 1, "3": 2, "4": 2, "5": 1, "6": 2, "7": 2, "8": 1, "9": 2, "10": 1, "11": 2, "12": 0, "13": 1, "14": 0, "15": 1, "16": 0, "17": 1, "18": 0, "19": 1, "20": 0, "21": 1, "22": 0, "23": 0, "24": 1, "25": 0, "26": 1, "27": 0, "28": 1, "29": 1}, "xs": {"0": 67.0, "1": 66.0, "2": 64.0, "3": 64.0, "4": 63.0, "5": 63.0, "6": 63.0, "7": 62.0, "8": 64.0, "9": 67.0, "10": 61.0, "11": 58.0, "12": 63.0, "13": 46.0, "14": 120.0, "15": 93.0, "16": 26.0, "17": 46.0, "18": 75.0, "19": 82.0, "20": 56.0, "21": 47.0, "22": 56.0, "23": 71.0, "24": 72.0, "25": 77.0, "26": 81.0, "27": 55.0, "28": 52.0, "29": 62.0}, "ys": {"0": 139.0, "1": 154.0, "2": 126.0, "3": 128.0, "4": 125.0, "5": 109.0, "6": 107.0, "7": 110.0, "8": 54.0, "9": 51.0, "10": 53.0, "11": 51.0, "12": 37.0, "13": 0.0, "14": 148.0, "15": 0.0, "16": 151.0, "17": 109.0, "18": 127.0, "19": 126.0, "20": 130.0, "21": 127.0, "22": 110.0, "23": 126.0, "24": 126.0, "25": 151.0, "26": 151.0, "27": 156.0, "28": 153.0, "29": 114.0}, "zs": {"0": 0.0, "1": 0.0, "2": 0.0, "3": 0.0, "4": 0.0, "5": 0.0, "6": 0.0, "7": 0.0, "8": 0.0, "9": 0.0, "10": 0.0, "11": 0.0, "12": 0.0, "13": 0.0, "14": 0.0, "15": 0.0, "16": 0.0, "17": 0.0, "18": 0.0, "19": 0.0, "20": 0.0, "21": 0.0, "22": 0.0, "23": 0.0, "24": 0.0, "25": 0.0, "26": 0.0, "27": 0.0, "28": 0.0, "29": 0.0}, "vizPos": {"0": [0.5, 0.417345], "1": [0.5, 0.767455], "2": [0.04545454545454547, 0.645534], "3": [0.04545454545454547, 0.677058], "4": [0.09090909090909094, 0.674142], "5": [0.0, 0.572419], "6": [0.0, 0.607702], "7": [0.022727272727272874, 0.59263], "8": [0.5, 0.203597], "9": [0.22727272727272724, 0.340191], "10": [0.5, 0.181218], "11": [0.7727272727272727, 0.337922], "12": [0.5, 0.0], "13": [0.5, 0.050024], "14": [0.40909090909090906, 6.5e-05], "15": [0.5, 0.050058], "16": [0.5454545454545454, 0.000478], "17": [0.5454545454545454, 0.03334], "18": [0.3181818181818182, 0.003804], "19": [0.5, 0.051921], "20": [0.5909090909090909, 0.004997], "21": [0.5909090909090909, 0.035041], "22": [0.5681818181818181, 0.008946], "23": [0.6818181818181819, 0.025149], "24": [0.5, 0.070504], "25": [0.13636363636363635, 0.02979], "26": [0.5, 0.189934], "27": [0.8636363636363636, 0.030616], "28": [0.5, 0.151999], "29": [0.04545454545454547, 0.536817]}, "vizEdgeSegments": [[[0.5, 0.0], [0.5, 0.0], [0.5, 0.767455]], [[0.5, 0.417345], [0.04545454545454547, 0.417345], [0.04545454545454547, 0.677058]], [[0.04545454545454547, 0.645534], [0.09090909090909094, 0.645534], [0.09090909090909094, 0.674142]], [[0.04545454545454547, 0.536817], [0.0, 0.536817], [0.0, 0.607702]], [[0.0, 0.572419], [0.022727272727272874, 0.572419], [0.022727272727272874, 0.59263]], [[0.5, 0.203597], [0.22727272727272724, 0.203597], [0.22727272727272724, 0.340191]], [[0.5, 0.189934], [0.13636363636363635, 0.189934], [0.13636363636363635, 0.02979]], [[0.5, 0.181218], [0.7727272727272727, 0.181218], [0.7727272727272727, 0.337922]], [[0.5, 0.151999], [0.8636363636363636, 0.151999], [0.8636363636363636, 0.030616]], [[0.5, 0.070504], [0.6818181818181819, 0.070504], [0.6818181818181819, 0.025149]], [[0.5, 0.051921], [0.3181818181818182, 0.051921], [0.3181818181818182, 0.003804]], [[0.5, 0.050058], [0.40909090909090906, 0.050058], [0.40909090909090906, 6.5e-05]], [[0.5, 0.050024], [0.5909090909090909, 0.050024], [0.5909090909090909, 0.004997]], [[0.5909090909090909, 0.035041], [0.5454545454545454, 0.035041], [0.5454545454545454, 0.000478]], [[0.5454545454545454, 0.03334], [0.5681818181818181, 0.03334], [0.5681818181818181, 0.008946]]], "vizSegmentNodeIds": [[12, 13, 15, 19, 24, 28, 10, 26, 8, 0, 1], [0, 29, 2, 3], [2, 4], [29, 5, 6], [5, 7], [8, 9], [26, 25], [10, 11], [28, 27], [24, 23], [19, 18], [15, 14], [13, 21, 20], [21, 17, 16], [17, 22]], "branches": [{"nodes": [12, 13, 15, 19, 24, 28, 10, 26, 8, 0, 1], "parentBranch": -1, "mode": "up", "depth": 0}, {"nodes": [0, 29, 2, 3], "parentBranch": 0, "mode": "up", "depth": 1}, {"nodes": [2, 4], "parentBranch": 1, "mode": "up", "depth": 2}, {"nodes": [29, 5, 6], "parentBranch": 1, "mode": "up", "depth": 2}, {"nodes": [5, 7], "parentBranch": 3, "mode": "up", "depth": 3}, {"nodes": [8, 9], "parentBranch": 0, "mode": "up", "depth": 1}, {"nodes": [26, 25], "parentBranch": 0, "mode": "down", "depth": 1}, {"nodes": [10, 11], "parentBranch": 0, "mode": "up", "depth": 1}, {"nodes": [28, 27], "parentBranch": 0, "mode": "down", "depth": 1}, {"nodes": [24, 23], "parentBranch": 0, "mode": "down", "depth": 1}, {"nodes": [19, 18], "parentBranch": 0, "mode": "down", "depth": 1}, {"nodes": [15, 14], "parentBranch": 0, "mode": "down", "depth": 1}, {"nodes": [13, 21, 20], "parentBranch": 0, "mode": "down", "depth": 1}, {"nodes": [21, 17, 16], "parentBranch": 12, "mode": "down", "depth": 2}, {"nodes": [17, 22], "parentBranch": 13, "mode": "down", "depth": 3}]}