{"nodes": [0, 1, 2, 3, 4, 5, 6, 7, 8, 9, 10, 11, 12, 13, 14, 15, 16, 17, 18, 19, 20, 21, 22, 23, 24, 25, 26, 27, 28, 29, 30, 31, 32, 33], "edges": [[0, 1], [0, 2], [0, 13], [2, 3], [2, 9], [4, 5], [4, 6], [4, 7], [7, 8], [7, 9], [9, 10], [11, 12], [11, 25], [11, 31], [13, 14], [13, 25], [15, 16], [16, 23], [16, 18], [17, 18], [18, 33], [19, 20], [20, 21], [20, 23], [22, 23], [24, 25], [26, 27], [27, 29], [27, 31], [28, 29], [29, 33], [30, 31], [32, 33]], "heights": {"0": 0.408883, "1": 0.751567, "2": 0.51997, "3": 0.663173, "4": 0.561372, "5": 0.596247, "6": 0.593846, "7": 0.53144, "8": 0.550488, "9": 0.522468, "10": 0.548001, "11": 0.18171, "12": 0.34005, "13": 0.203599, "14": 0.338464, "15": 0.0, "16": 0.050023, "17": 0.000213, "18": 0.050075, "19": 0.00051, "20": 0.030694, "21": 0.003786, "22": 0.009503, "23": 0.035703, "24": 0.013179, "25": 0.192857, "26": 0.017798, "27": 0.077439, "28": 0.018585, "29": 0.063573, "30": 0.02671, "31": 0.159523, "32": 0.032091, "33": 0.057694}, "types": {"0": 1, "1": 2, "2": 1, "3": 2, "4": 1, "5": 2, "6": 2, "7": 1, "8": 2, "9": 1, "10": 2, "11": 1, "12": 2, "13": 1, "14": 2, "15": 0, "16": 1, "17": 0, "18": 1, "19": 0, "20": 1, "21": 0, "22": 0, "23": 1, "24": 0, "25": 1, "26": 0, "27": 1, "28": 0, "29": 1, "30": 0, "31": 1, "32": 0, "33": 1}, "xs": {"0": 60.0, "1": 59.0, "2": 61.0, "3": 62.0, "4": 62.0, "5": 62.0, "6": 63.0, "7": 64.0, "8": 63.0, "9": 63.0, "10": 62.0, "11": 61.0, "12": 58.0, "13": 64.0, "14": 67.0, "15": 63.0, "16": 78.0, "17": 7.0, "18": 52.0, "19": 101.0, "20": 82.0, "21": 73.0, "22": 69.0, "23": 80.0, "24": 48.0, "25": 44.0, "26": 56.0, "27": 50.0, "28": 58.0, "29": 52.0, "30": 70.0, "31": 74.0, "32": 69.0, "33": 70.0}, "ys": {"0": 138.0, "1": 153.0, "2": 117.0, "3": 128.0, "4": 104.0, "5": 101.0, "6": 105.0, "7": 110.0, "8": 112.0, "9": 113.0, "10": 114.0, "11": 53.0, "12": 51.0, "13": 54.0, "14": 51.0, "15": 37.0, "16": 0.0, "17": 148.0, "18": 0.0, "19": 151.0, "20": 127.0, "21": 129.0, "22": 106.0, "23": 102.0, "24": 150.0, "25": 148.0, "26": 127.0, "27": 126.0, "28": 113.0, "29": 112.0, "30": 156.0, "31": 153.0, "32": 127.0, "33": 127.0}, "zs": {"0": 0.0, "1": 0.0, "2": 0.0, "3": 0.0, "4": 0.0, "5": 0.0, "6": 0.0, "7": 0.0, "8": 0.0, "9": 0.0, "10": 0.0, "11": 0.0, "12": 0.0, "13": 0.0, "14": 0.0, "15": 0.0, "16": 0.0, "17": 0.0, "18": 0.0, "19": 0.0, "20": 0.0, "21": 0.0, "22": 0.0, "23": 0.0, "24": 0.0, "25": 0.0, "26": 0.0, "27": 0.0, "28": 0.0, "29": 0.0, "30": 0.0, "31": 0.0, "32": 0.0, "33": 0.0}, "vizPos": {"0": [0.5, 0.408883], "1": [0.5, 0.751567], "2": [0.04545454545454547, 0.51997], "3": [0.04545454545454547, 0.663173], "4": [0.011363636363636409, 0.561372], "5": [0.011363636363636409, 0.596247], "6": [0.017045454545454586, 0.593846], "7": [0.022727272727272874, 0.53144], "8": [0.022727272727272874, 0.550488], "9": [0.0, 0.522468], "10": [0.0, 0.548001], "11": [0.5, 0.18171], "12": [0.13636363636363635, 0.34005], "13": [0.5, 0.203599], "14": [0.9545454545454546, 0.338464], "15": [0.5, 0.0], "16": [0.5, 0.050023], "17": [0.40909090909090906, 0.000213], "18": [0.5, 0.050075], "19": [0.5454545454545454, 0.00051], "20": [0.5454545454545454, 0.030694], "21": [0.5681818181818181, 0.003786], "22": [0.5909090909090909, 0.009503], "23": [0.5909090909090909, 0.035703], "24": [0.8636363636363636, 0.013179], "25": [0.5, 0.192857], "26": [0.22727272727272724, 0.017798], "27": [0.5, 0.077439], "28": [0.6818181818181819, 0.018585], "29": [0.5, 0.063573], "30": [0.7727272727272727, 0.02671], "31": [0.5, 0.159523], "32": [0.3181818181818182, 0.032091], "33": [0.5, 0.057694]}, "vizEdgeSegments": [[[0.5, 0.0], [0.5, 0.0], [0.5, 0.751567]], [[0.5, 0.408883], [0.04545454545454547, 0.408883], [0.04545454545454547, 0.663173]], [[0.04545454545454547, 0.51997], [0.0, 0.51997], [0.0, 0.548001]], [[0.0, 0.522468], [0.022727272727272874, 0.522468], [0.022727272727272874, 0.550488]], [[0.022727272727272874, 0.53144], [0.011363636363636409, 0.53144], [0.011363636363636409, 0.596247]], [[0.011363636363636409, 0.561372], [0.017045454545454586, 0.561372], [0.017045454545454586, 0.593846]], [[0.5, 0.203599], [0.9545454545454546, 0.203599], [0.9545454545454546, 0.338464]], [[0.5, 0.192857], [0.8636363636363636, 0.192857], [0.8636363636363636, 0.013179]], [[0.5, 0.18171], [0.13636363636363635, 0.18171], [0.13636363636363635, 0.34005]], [[0.5, 0.159523], [0.7727272727272727, 0.159523], [0.7727272727272727, 0.02671]], [[0.5, 0.077439], [0.22727272727272724, 0.077439], [0.22727272727272724, 0.017798]], [[0.5, 0.063573], [0.6818181818181819, 0.063573], [0.6818181818181819, 0.018585]], [[0.5, 0.057694], [0.3181818181818182, 0.057694], [0.3181818181818182, 0.032091]], [[0.5, 0.050075], [0.40909090909090906, 0.050075], [0.40909090909090906, 0.000213]], [[0.5, 0.050023], [0.5909090909090909, 0.050023], [0.5909090909090909, 0.009503]], [[0.5909090909090909, 0.035703], [0.5454545454545454, 0.035703], [0.5454545454545454, 0.00051]], [[0.5454545454545454, 0.030694], [0.5681818181818181, 0.030694], [0.5681818181818181, 0.003786]]], "vizSegmentNodeIds": [[15, 16, 18, 33, 29, 27, 31, 11, 25, 13, 0, 1], [0, 2, 3], [2, 9, 10], [9, 7, 8], [7, 4, 5], [4, 6], [13, 14], [25, 24], [11, 12], [31, 30], [27, 26], [29, 28], [33, 32], [18, 17], [16, 23, 22], [23, 20, 19], [20, 21]], "branches": [{"nodes": [15, 16, 18, 33, 29, 27, 31, 11, 25, 13, 0, 1], "parentBranch": -1, "mode": "up", "depth": 0}, {"nodes": [0, 2, 3], "parentBranch": 0, "mode": "up", "depth": 1}, {"nodes": [2, 9, 10], "parentBranch": 1, "mode": "up", "depth": 2}, {"nodes": [9, 7, 8], "parentBranch": 2, "mode": "up", "depth": 3}, {"nodes": [7, 4, 5], "parentBranch": 3, "mode": "up", "depth": 4}, {"nodes": [4, 6], "parentBranch": 4, "mode": "up", "depth": 5}, {"nodes": [13, 14], "parentBranch": 0, "mode": "up", "depth": 1}, {"nodes": [25, 24], "parentBranch": 0, "mode": "down", "depth": 1}, {"nodes": [11, 12], "parentBranch": 0, "mode": "up", "depth": 1}, {"nodes": [31, 30], "parentBranch": 0, "mode": "down", "depth": 1}, {"nodes": [27, 26], "parentBranch": 0, "mode": "down", "depth": 1}, {"nodes": [29, 28], "parentBranch": 0, "mode": "down", "depth": 1}, {"nodes": [33, 32], "parentBranch": 0, "mode": "down", "depth": 1}, {"nodes": [18, 17], "parentBranch": 0, "mode": "down", "depth": 1}, {"nodes": [16, 23, 22], "parentBranch": 0, "mode": "down", "depth": 1}, {"nodes": [23, 20, 19], "parentBranch": 14, "mode": "down", "depth": 2}, {"nodes": [20, 21], "parentBranch": 15, "mode": "down", "depth": 3}]}