{"nodes": [0, 1, 2, 3, 4, 5, 6, 7, 8, 9, 10, 11, 12, 13, 14, 15, 16, 17, 18, 19, 20, 21, 22, 23, 24, 25, 26, 27, 28, 29], "edges": [[0, 1], [0, 2], [0, 7], [2, 3], [2, 4], [4, 5], [4, 6], [7, 8], [7, 24], [9, 10], [9, 24], [9, 21], [11, 12], [12, 19], [12, 29], [13, 14], [14, 17], [14, 29], [15, 16], [16, 22], [16, 19], [18, 19], [20, 21], [21, 28], [23, 24], [25, 26], [26, 29], [26, 28], [27, 28]], "heights": {"0": 0.383842, "1": 0.769128, "2": 0.516582, "3": 0.648922, "4": 0.567447, "5": 0.603319, "6": 0.588395, "7": 0.203974, "8": 0.33967, "9": 0.180738, "10": 0.337915, "11": 0.0, "12": 0.050011, "13": 0.000172, "14": 0.045057, "15": 0.000591, "16": 0.03053, "17": 0.003947, "18": 0.009692, "19": 0.035028, "20": 0.011733, "21": 0.158406, "22": 0.014084, "23": 0.015198, "24": 0.190149, "25": 0.034994, "26": 0.058948, "27": 0.101559, "28": 0.117825, "29": 0.050044}, "types": {"0": 1, "1": 2, "2": 1, "3": 2, "4": 1, "5": 2, "6": 2, "7": 1, "8": 2, "9": 1, "10": 2, "11": 0, "12": 1, "13": 0, "14": 1, "15": 0, "16": 1, "17": 0, "18": 0, "19": 1, "20": 0, "21": 1, "22": 0, "23": 0, "24": 1, "25": 0, "26": 1, "27": 0, "28": 1, "29": 1}, "xs": {"0": 66.0, "1": 66.0, "2": 62.0, "3": 63.0, "4": 63.0, "5": 63.0, "6": 62.0, "7": 64.0, "8": 67.0, "9": 61.0, "10": 58.0, "11": 63.0, "12": 48.0, "13": 116.0, "14": 83.0, "15": 25.0, "16": 44.0, "17": 75.0, "18": 56.0, "19": 48.0, "20": 55.0, "21": 51.0, "22": 56.0, "23": 77.0, "24": 80.0, "25": 70.0, "26": 72.0, "27": 66.0, "28": 67.0, "29": 90.0}, "ys": {"0": 138.0, "1": 154.0, "2": 112.0, "3": 121.0, "4": 107.0, "5": 105.0, "6": 108.0, "7": 54.0, "8": 51.0, "9": 53.0, "10": 51.0, "11": 37.0, "12": 0.0, "13": 148.0, "14": 124.0, "15": 151.0, "16": 125.0, "17": 126.0, "18": 108.0, "19": 107.0, "20": 156.0, "21": 153.0, "22": 129.0, "23": 152.0, "24": 150.0, "25": 124.0, "26": 125.0, "27": 114.0, "28": 113.0, "29": 0.0}, "zs": {"0": 0.0, "1": 0.0, "2": 0.0, "3": 0.0, "4": 0.0, "5": 0.0, "6": 0.0, "7": 0.0, "8": 0.0, "9": 0.0, "10": 0.0, "11": 0.0, "12": 0.0, "13": 0.0, "14": 0.0, "15": 0.0, "16": 0.0, "17": 0.0, "18": 0.0, "19": 0.0, "20": 0.0, "21": 0.0, "22": 0.0, "23": 0.0, "24": 0.0, "25": 0.0, "26": 0.0, "27": 0.0, "28": 0.0, "29": 0.0}, "vizPos": {"0": [0.5, 0.383842], "1": [0.5, 0.769128], "2": [0.04545454545454547, 0.516582], "3": [0.04545454545454547, 0.648922], "4": [0.0, 0.567447], "5": [0.0, 0.603319], "6": [0.022727272727272874, 0.588395], "7": [0.5, 0.203974], "8": [0.3181818181818182, 0.33967], "9": [0.5, 0.180738], "10": [0.7727272727272727, 0.337915], "11": [0.5, 0.0], "12": [0.5, 0.050011], "13": [0.40909090909090906, 0.000172], "14": [0.40909090909090906, 0.045057], "15": [0.5454545454545454, 0.000591], "16": [0.5454545454545454, 0.03053], "17": [0.36363636363636365, 0.003947], "18": [0.5909090909090909, 0.009692], "19": [0.5909090909090909, 0.035028], "20": [0.22727272727272724, 0.011733], "21": [0.5, 0.158406], "22": [0.5681818181818181, 0.014084], "23": [0.13636363636363635, 0.015198], "24": [0.5, 0.190149], "25": [0.8636363636363636, 0.034994], "26": [0.5, 0.058948], "27": [0.6818181818181819, 0.101559], "28": [0.5, 0.117825], "29": [0.5, 0.050044]}, "vizEdgeSegments": [[[0.5, 0.0], [0.5, 0.0], [0.5, 0.769128]], [[0.5, 0.383842], [0.04545454545454547, 0.383842], [0.04545454545454547, 0.648922]], [[0.04545454545454547, 0.516582], [0.0, 0.516582], [0.0, 0.603319]], [[0.0, 0.567447], [0.022727272727272874, 0.567447], [0.022727272727272874, 0.588395]], [[0.5, 0.203974], [0.3181818181818182, 0.203974], [0.3181818181818182, 0.33967]], [[0.5, 0.190149], [0.13636363636363635, 0.190149], [0.13636363636363635, 0.015198]], [[0.5, 0.180738], [0.7727272727272727, 0.180738], [0.7727272727272727, 0.337915]], [[0.5, 0.158406], [0.22727272727272724, 0.158406], [0.22727272727272724, 0.011733]], [[0.5, 0.117825], [0.6818181818181819, 0.117825], [0.6818181818181819, 0.101559]], [[0.5, 0.058948], [0.8636363636363636, 0.058948], [0.8636363636363636, 0.034994]], [[0.5, 0.050044], [0.40909090909090906, 0.050044], [0.40909090909090906, 0.000172]], [[0.40909090909090906, 0.045057], [0.36363636363636365, 0.045057], [0.36363636363636365, 0.003947]], [[0.5, 0.050011], [0.5909090909090909, 0.050011], [0.5909090909090909, 0.009692]], [[0.5909090909090909, 0.035028], [0.5454545454545454, 0.035028], [0.5454545454545454, 0.000591]], [[0.5454545454545454, 0.03053], [0.5681818181818181, 0.03053], [0.5681818181818181, 0.014084]]], "vizSegmentNodeIds": [[11, 12, 29, 26, 28, 21, 9, 24, 7, 0, 1], [0, 2, 3], [2, 4, 5], [4, 6], [7, 8], [24, 23], [9, 10], [21, 20], [28, 27], [26, 25], [29, 14, 13], [14, 17], [12, 19, 18], [19, 16, 15], [16, 22]], "branches": [{"nodes": [11, 12, 29, 26, 28, 21, 9, 24, 7, 0, 1], "parentBranch": -1, "mode": "up", "depth": 0}, {"nodes": [0, 2, 3], "parentBranch": 0, "mode": "up", "depth": 1}, {"nodes": [2, 4, 5], "parentBranch": 1, "mode": "up", "depth": 2}, {"nodes": [4, 6], "parentBranch": 2, "mode": "up", "depth": 3}, {"nodes": [7, 8], "parentBranch": 0, "mode": "up", "depth": 1}, {"nodes": [24, 23], "parentBranch": 0, "mode": "down", "depth": 1}, {"nodes": [9, 10], "parentBranch": 0, "mode": "up", "depth": 1}, {"nodes": [21, 20], "parentBranch": 0, "mode": "down", "depth": 1}, {"nodes": [28, 27], "parentBranch": 0, "mode": "down", "depth": 1}, {"nodes": [26, 25], "parentBranch": 0, "mode": "down", "depth": 1}, {"nodes": [29, 14, 13], "parentBranch": 0, "mode": "down", "depth": 1}, {"nodes": [14, 17], "parentBranch": 10, "mode": "down", "depth": 2}, {"nodes": [12, 19, 18], "parentBranch": 0, "mode": "down", "depth": 1}, {"nodes": [19, 16, 15], "parentBranch": 12, "mode": "down", "depth": 2}, {"nodes": [16, 22], "parentBranch": 13, "mode": "down", "depth": 3}]}