{"nodes": [0, 1, 2, 3, 4, 5, 6, 7, 8, 9, 10, 11, 12, 13, 14, 15, 16, 17, 18, 19, 20, 21, 22, 23, 24, 25, 26, 27, 28, 29, 30, 31], "edges": [[0, 1], [0, 31], [0, 10], [2, 3], [2, 9], [2, 31], [4, 5], [4, 6], [4, 7], [7, 8], [7, 31], [10, 11], [10, 25], [12, 13], [12, 25], [12, 23], [14, 15], [15, 21], [15, 17], [16, 17], [17, 27], [18, 19], [19, 28], [19, 21], [20, 21], [22, 23], [23, 30], [24, 25], [26, 27], [27, 30], [29, 30]], "heights": {"0": 0.362545, "1": 0.776583, "2": 0.534043, "3": 0.692387, "4": 0.570152, "5": 0.597138, "6": 0.593966, "7": 0.534904, "8": 0.565208, "9": 0.557207, "10": 0.205588, "11": 0.338156, "12": 0.177968, "13": 0.33557, "14": 0.0, "15": 0.050004, "16": 0.000234, "17": 0.050071, "18": 0.000452, "19": 0.028166, "20": 0.005176, "21": 0.031722, "22": 0.006134, "23": 0.164739, "24": 0.007274, "25": 0.188481, "26": 0.008943, "27": 0.059407, "28": 0.009106, "29": 0.041669, "30": 0.066815, "31": 0.51105}, "types": {"0": 1, "1": 2, "2": 1, "3": 2, "4": 1, "5": 2, "6": 2, "7": 1, "8": 2, "9": 2, "10": 1, "11": 2, "12": 1, "13": 2, "14": 0, "15": 1, "16": 0, "17": 1, "18": 0, "19": 1, "20": 0, "21": 1, "22": 0, "23": 1, "24": 0, "25": 1, "26": 0, "27": 1, "28": 0, "29": 0, "30": 1, "31": 1}, "xs": {"0": 66.0, "1": 67.0, "2": 62.0, "3": 64.0, "4": 63.0, "5": 62.0, "6": 63.0, "7": 64.0, "8": 63.0, "9": 62.0, "10": 64.0, "11": 67.0, "12": 61.0, "13": 58.0, "14": 63.0, "15": 43.0, "16": 121.0, "17": 82.0, "18": 27.0, "19": 43.0, "20": 56.0, "21": 45.0, "22": 56.0, "23": 52.0, "24": 78.0, "25": 81.0, "26": 73.0, "27": 80.0, "28": 52.0, "29": 57.0, "30": 56.0, "31": 61.0}, "ys": {"0": 138.0, "1": 154.0, "2": 118.0, "3": 128.0, "4": 107.0, "5": 108.0, "6": 105.0, "7": 102.0, "8": 92.0, "9": 116.0, "10": 54.0, "11": 51.0, "12": 53.0, "13": 51.0, "14": 37.0, "15": 0.0, "16": 148.0, "17": 0.0, "18": 153.0, "19": 126.0, "20": 109.0, "21": 108.0, "22": 157.0, "23": 155.0, "24": 152.0, "25": 151.0, "26": 127.0, "27": 126.0, "28": 127.0, "29": 126.0, "30": 126.0, "31": 115.0}, "zs": {"0": 0.0, "1": 0.0, "2": 0.0, "3": 0.0, "4": 0.0, "5": 0.0, "6": 0.0, "7": 0.0, "8": 0.0, "9": 0.0, "10": 0.0, "11": 0.0, "12": 0.0, "13": 0.0, "14": 0.0, "15": 0.0, "16": 0.0, "17": 0.0, "18": 0.0, "19": 0.0, "20": 0.0, "21": 0.0, "22": 0.0, "23": 0.0, "24": 0.0, "25": 0.0, "26": 0.0, "27": 0.0, "28": 0.0, "29": 0.0, "30": 0.0, "31": 0.0}, "vizPos": {"0": [0.5, 0.362545], "1": [0.5, 0.776583], "2": [0.04545454545454547, 0.534043], "3": [0.04545454545454547, 0.692387], "4": [0.1136363636363637, 0.570152], "5": [0.1136363636363637, 0.597138], "6": [0.10227272727272729, 0.593966], "7": [0.09090909090909094, 0.534904], "8": [0.09090909090909094, 0.565208], "9": [0.0, 0.557207], "10": [0.5, 0.205588], "11": [0.3181818181818182, 0.338156], "12": [0.5, 0.177968], "13": [0.7727272727272727, 0.33557], "14": [0.5, 0.0], "15": [0.5, 0.050004], "16": [0.40909090909090906, 0.000234], "17": [0.5, 0.050071], "18": [0.5454545454545454, 0.000452], "19": [0.5454545454545454, 0.028166], "20": [0.5909090909090909, 0.005176], "21": [0.5909090909090909, 0.031722], "22": [0.22727272727272724, 0.006134], "23": [0.5, 0.164739], "24": [0.13636363636363635, 0.007274], "25": [0.5, 0.188481], "26": [0.6818181818181819, 0.008943], "27": [0.5, 0.059407], "28": [0.5681818181818181, 0.009106], "29": [0.8636363636363636, 0.041669], "30": [0.5, 0.066815], "31": [0.04545454545454547, 0.51105]}, "vizEdgeSegments": [[[0.5, 0.0], [0.5, 0.0], [0.5, 0.776583]], [[0.5, 0.362545], [0.04545454545454547, 0.362545], [0.04545454545454547, 0.692387]], [[0.04545454545454547, 0.534043], [0.0, 0.534043], [0.0, 0.557207]], [[0.04545454545454547, 0.51105], [0.09090909090909094, 0.51105], [0.09090909090909094, 0.565208]], [[0.09090909090909094, 0.534904], [0.1136363636363637, 0.534904], [0.1136363636363637, 0.597138]], [[0.1136363636363637, 0.570152], [0.10227272727272729, 0.570152], [0.10227272727272729, 0.593966]], [[0.5, 0.205588], [0.3181818181818182, 0.205588], [0.3181818181818182, 0.338156]], [[0.5, 0.188481], [0.13636363636363635, 0.188481], [0.13636363636363635, 0.007274]], [[0.5, 0.177968], [0.7727272727272727, 0.177968], [0.7727272727272727, 0.33557]], [[0.5, 0.164739], [0.22727272727272724, 0.164739], [0.22727272727272724, 0.006134]], [[0.5, 0.066815], [0.8636363636363636, 0.066815], [0.8636363636363636, 0.041669]], [[0.5, 0.059407], [0.6818181818181819, 0.059407], [0.6818181818181819, 0.008943]], [[0.5, 0.050071], [0.40909090909090906, 0.050071], [0.40909090909090906, 0.000234]], [[0.5, 0.050004], [0.5909090909090909, 0.050004], [0.5909090909090909, 0.005176]], [[0.5909090909090909, 0.031722], [0.5454545454545454, 0.031722], [0.5454545454545454, 0.000452]], [[0.5454545454545454, 0.028166], [0.5681818181818181, 0.028166], [0.5681818181818181, 0.009106]]], "vizSegmentNodeIds": [[14, 15, 17, 27, 30, 23, 12, 25, 10, 0, 1], [0, 31, 2, 3], [2, 9], [31, 7, 8], [7, 4, 5], [4, 6], [10, 11], [25, 24], [12, 13], [23, 22], [30, 29], [27, 26], [17, 16], [15, 21, 20], [21, 19, 18], [19, 28]], "branches": [{"nodes": [14, 15, 17, 27, 30, 23, 12, 25, 10, 0, 1], "parentBranch": -1, "mode": "up", "depth": 0}, {"nodes": [0, 31, 2, 3], "parentBranch": 0, "mode": "up", "depth": 1}, {"nodes": [2, 9], "parentBranch": 1, "mode": "up", "depth": 2}, {"nodes": [31, 7, 8], "parentBranch": 1, "mode": "up", "depth": 2}, {"nodes": [7, 4, 5], "parentBranch": 3, "mode": "up", "depth": 3}, {"nodes": [4, 6], "parentBranch": 4, "mode": "up", "depth": 4}, {"nodes": [10, 11], "parentBranch": 0, "mode": "up", "depth": 1}, {"nodes": [25, 24], "parentBranch": 0, "mode": "down", "depth": 1}, {"nodes": [12, 13], "parentBranch": 0, "mode": "up", "depth": 1}, {"nodes": [23, 22], "parentBranch": 0, "mode": "down", "depth": 1}, {"nodes": [30, 29], "parentBranch": 0, "mode": "down", "depth": 1}, {"nodes": [27, 26], "parentBranch": 0, "mode": "down", "depth": 1}, {"nodes": [17, 16], "parentBranch": 0, "mode": "down", "depth": 1}, {"nodes": [15, 21, 20], "parentBranch": 0, "mode": "down", "depth": 1}, {"nodes": [21, 19, 18], "parentBranch": 13, "mode": "down", "depth": 2}, {"nodes": [19, 28], "parentBranch": 14, "mode": "down", "depth": 3}]}