{"nodes": [0, 1, 2, 3, 4, 5, 6, 7, 8, 9, 10, 11, 12, 13, 14, 15, 16, 17, 18, 19, 20, 21, 22, 23, 24, 25, 26, 27, 28, 29, 30, 31, 32, 33, 34, 35], "edges": [[0, 1], [0, 35], [0, 14], [2, 3], [2, 11], [2, 35], [4, 5], [4, 6], [4, 7], [7, 8], [7, 9], [9, 10], [9, 35], [12, 13], [12, 30], [12, 26], [14, 15], [14, 30], [16, 17], [17, 32], [17, 19], [18, 19], [19, 34], [20, 21], [21, 22], [21, 24], [23, 24], [24, 32], [25, 26], [26, 28], [27, 28], [28, 34], [29, 30], [31, 32], [33, 34]], "heights": {"0": 0.380128, "1": 0.765476, "2": 0.532747, "3": 0.688818, "4": 0.5682, "5": 0.602596, "6": 0.597475, "7": 0.551163, "8": 0.576442, "9": 0.535588, "10": 0.57281, "11": 0.551483, "12": 0.181442, "13": 0.340608, "14": 0.203615, "15": 0.338207, "16": 0.0, "17": 0.050032, "18": 7.4e-05, "19": 0.050051, "20": 0.000352, "21": 0.027726, "22": 0.003248, "23": 0.003995, "24": 0.031986, "25": 0.00768, "26": 0.160569, "27": 0.010327, "28": 0.071704, "29": 0.01401, "30": 0.192159, "31": 0.01541, "32": 0.039278, "33": 0.042631, "34": 0.070383, "35": 0.516321}, "types": {"0": 1, "1": 2, "2": 1, "3": 2, "4": 1, "5": 2, "6": 2, "7": 1, "8": 2, "9": 1, "10": 2, "11": 2, "12": 1, "13": 2, "14": 1, "15": 2, "16": 0, "17": 1, "18": 0, "19": 1, "20": 0, "21": 1, "22": 0, "23": 0, "24": 1, "25": 0, "26": 1, "27": 0, "28": 1, "29": 0, "30": 1, "31": 0, "32": 1, "33": 0, "34": 1, "35": 1}, "xs": {"0": 60.0, "1": 57.0, "2": 63.0, "3": 61.0, "4": 62.0, "5": 63.0, "6": 62.0, "7": 64.0, "8": 64.0, "9": 62.0, "10": 62.0, "11": 63.0, "12": 61.0, "13": 58.0, "14": 64.0, "15": 67.0, "16": 63.0, "17": 91.0, "18": 3.0, "19": 19.0, "20": 98.0, "21": 82.0, "22": 73.0, "23": 70.0, "24": 80.0, "25": 69.0, "26": 73.0, "27": 55.0, "28": 48.0, "29": 47.0, "30": 43.0, "31": 67.0, "32": 68.0, "33": 68.0, "34": 69.0, "35": 64.0}, "ys": {"0": 138.0, "1": 154.0, "2": 119.0, "3": 126.0, "4": 108.0, "5": 109.0, "6": 106.0, "7": 110.0, "8": 111.0, "9": 100.0, "10": 91.0, "11": 118.0, "12": 53.0, "13": 51.0, "14": 54.0, "15": 51.0, "16": 37.0, "17": 0.0, "18": 148.0, "19": 0.0, "20": 152.0, "21": 127.0, "22": 127.0, "23": 110.0, "24": 110.0, "25": 156.0, "26": 154.0, "27": 127.0, "28": 126.0, "29": 151.0, "30": 149.0, "31": 110.0, "32": 110.0, "33": 127.0, "34": 126.0, "35": 115.0}, "zs": {"0": 0.0, "1": 0.0, "2": 0.0, "3": 0.0, "4": 0.0, "5": 0.0, "6": 0.0, "7": 0.0, "8": 0.0, "9": 0.0, "10": 0.0, "11": 0.0, "12": 0.0, "13": 0.0, "14": 0.0, "15": 0.0, "16": 0.0, "17": 0.0, "18": 0.0, "19": 0.0, "20": 0.0, "21": 0.0, "22": 0.0, "23": 0.0, "24": 0.0, "25": 0.0, "26": 0.0, "27": 0.0, "28": 0.0, "29": 0.0, "30": 0.0, "31": 0.0, "32": 0.0, "33": 0.0, "34": 0.0, "35": 0.0}, "vizPos": {"0": [0.5, 0.380128], "1": [0.5, 0.765476], "2": [0.04545454545454547, 0.532747], "3": [0.04545454545454547, 0.688818], "4": [0.10227272727272729, 0.5682], "5": [0.10227272727272729, 0.602596], "6": [0.10795454545454547, 0.597475], "7": [0.1136363636363637, 0.551163], "8": [0.1136363636363637, 0.576442], "9": [0.09090909090909094, 0.535588], "10": [0.09090909090909094, 0.57281], "11": [0.0, 0.551483], "12": [0.5, 0.181442], "13": [0.13636363636363635, 0.340608], "14": [0.5, 0.203615], "15": [0.8636363636363636, 0.338207], "16": [0.5, 0.0], "17": [0.5, 0.050032], "18": [0.5909090909090909, 7.4e-05], "19": [0.5, 0.050051], "20": [0.38636363636363635, 0.000352], "21": [0.38636363636363635, 0.027726], "22": [0.375, 0.003248], "23": [0.36363636363636365, 0.003995], "24": [0.36363636363636365, 0.031986], "25": [0.22727272727272724, 0.00768], "26": [0.5, 0.160569], "27": [0.6818181818181819, 0.010327], "28": [0.5, 0.071704], "29": [0.7727272727272727, 0.01401], "30": [0.5, 0.192159], "31": [0.40909090909090906, 0.01541], "32": [0.40909090909090906, 0.039278], "33": [0.3181818181818182, 0.042631], "34": [0.5, 0.070383], "35": [0.04545454545454547, 0.516321]}, "vizEdgeSegments": [[[0.5, 0.0], [0.5, 0.0], [0.5, 0.765476]], [[0.5, 0.380128], [0.04545454545454547, 0.380128], [0.04545454545454547, 0.688818]], [[0.04545454545454547, 0.532747], [0.0, 0.532747], [0.0, 0.551483]], [[0.04545454545454547, 0.516321], [0.09090909090909094, 0.516321], [0.09090909090909094, 0.57281]], [[0.09090909090909094, 0.535588], [0.1136363636363637, 0.535588], [0.1136363636363637, 0.576442]], [[0.1136363636363637, 0.551163], [0.10227272727272729, 0.551163], [0.10227272727272729, 0.602596]], [[0.10227272727272729, 0.5682], [0.10795454545454547, 0.5682], [0.10795454545454547, 0.597475]], [[0.5, 0.203615], [0.8636363636363636, 0.203615], [0.8636363636363636, 0.338207]], [[0.5, 0.192159], [0.7727272727272727, 0.192159], [0.7727272727272727, 0.01401]], [[0.5, 0.181442], [0.13636363636363635, 0.181442], [0.13636363636363635, 0.340608]], [[0.5, 0.160569], [0.22727272727272724, 0.160569], [0.22727272727272724, 0.00768]], [[0.5, 0.071704], [0.6818181818181819, 0.071704], [0.6818181818181819, 0.010327]], [[0.5, 0.070383], [0.3181818181818182, 0.070383], [0.3181818181818182, 0.042631]], [[0.5, 0.050051], [0.5909090909090909, 0.050051], [0.5909090909090909, 7.4e-05]], [[0.5, 0.050032], [0.40909090909090906, 0.050032], [0.40909090909090906, 0.01541]], [[0.40909090909090906, 0.039278], [0.36363636363636365, 0.039278], [0.36363636363636365, 0.003995]], [[0.36363636363636365, 0.031986], [0.38636363636363635, 0.031986], [0.38636363636363635, 0.000352]], [[0.38636363636363635, 0.027726], [0.375, 0.027726], [0.375, 0.003248]]], "vizSegmentNodeIds": [[16, 17, 19, 34, 28, 26, 12, 30, 14, 0, 1], [0, 35, 2, 3], [2, 11], [35, 9, 10], [9, 7, 8], [7, 4, 5], [4, 6], [14, 15], [30, 29], [12, 13], [26, 25], [28, 27], [34, 33], [19, 18], [17, 32, 31], [32, 24, 23], [24, 21, 20], [21, 22]], "branches": [{"nodes": [16, 17, 19, 34, 28, 26, 12, 30, 14, 0, 1], "parentBranch": -1, "mode": "up", "depth": 0}, {"nodes": [0, 35, 2, 3], "parentBranch": 0, "mode": "up", "depth": 1}, {"nodes": [2, 11], "parentBranch": 1, "mode": "up", "depth": 2}, {"nodes": [35, 9, 10], "parentBranch": 1, "mode": "up", "depth": 2}, {"nodes": [9, 7, 8], "parentBranch": 3, "mode": "up", "depth": 3}, {"nodes": [7, 4, 5], "parentBranch": 4, "mode": "up", "depth": 4}, {"nodes": [4, 6], "parentBranch": 5, "mode": "up", "depth": 5}, {"nodes": [14, 15], "parentBranch": 0, "mode": "up", "depth": 1}, {"nodes": [30, 29], "parentBranch": 0, "mode": "down", "depth": 1}, {"nodes": [12, 13], "parentBranch": 0, "mode": "up", "depth": 1}, {"nodes": [26, 25], "parentBranch": 0, "mode": "down", "depth": 1}, {"nodes": [28, 27], "parentBranch": 0, "mode": "down", "depth": 1}, {"nodes": [34, 33], "parentBranch": 0, "mode": "down", "depth": 1}, {"nodes": [19, 18], "parentBranch": 0, "mode": "down", "depth": 1}, {"nodes": [17, 32, 31], "parentBranch": 0, "mode": "down", "depth": 1}, {"nodes": [32, 24, 23], "parentBranch": 14, "mode": "down", "depth": 2}, {"nodes": [24, 21, 20], "parentBranch": 15, "mode": "down", "depth": 3}, {"nodes": [21, 22], "parentBranch": 16, "mode": "down", "depth": 4}]}