{"nodes": [0, 1, 2, 3, 4, 5, 6, 7, 8, 9, 10, 11, 12, 13, 14, 15, 16, 17, 18, 19, 20, 21, 22, 23, 24, 25, 26, 27, 28, 29, 30, 31, 32, 33, 34, 35, 36, 37], "edges": [[0, 1], [0, 37], [0, 11], [2, 3], [2, 10], [2, 37], [4, 5], [4, 8], [4, 36], [6, 7], [6, 9], [6, 36], [11, 12], [11, 27], [13, 14], [13, 27], [13, 29], [15, 16], [16, 23], [16, 18], [17, 18], [18, 33], [19, 20], [20, 21], [20, 23], [22, 23], [24, 25], [25, 31], [25, 35], [26, 27], [28, 29], [29, 35], [30, 31], [31, 33], [32, 33], [34, 35], [36, 37]], "heights": {"0": 0.391873, "1": 0.778364, "2": 0.477676, "3": 0.701289, "4": 0.542418, "5": 0.584691, "6": 0.551961, "7": 0.578057, "8": 0.569364, "9": 0.568616, "10": 0.496263, "11": 0.205092, "12": 0.33823, "13": 0.178282, "14": 0.335647, "15": 0.0, "16": 0.050016, "17": 0.000104, "18": 0.05005, "19": 0.00064, "20": 0.029474, "21": 0.001047, "22": 0.005017, "23": 0.030541, "24": 0.007227, "25": 0.06786, "26": 0.017752, "27": 0.194523, "28": 0.023338, "29": 0.157788, "30": 0.025196, "31": 0.06335, "32": 0.0262, "33": 0.054494, "34": 0.068417, "35": 0.096013, "36": 0.540759, "37": 0.452207}, "types": {"0": 1, "1": 2, "2": 1, "3": 2, "4": 1, "5": 2, "6": 1, "7": 2, "8": 2, "9": 2, "10": 2, "11": 1, "12": 2, "13": 1, "14": 2, "15": 0, "16": 1, "17": 0, "18": 1, "19": 0, "20": 1, "21": 0, "22": 0, "23": 1, "24": 0, "25": 1, "26": 0, "27": 1, "28": 0, "29": 1, "30": 0, "31": 1, "32": 0, "33": 1, "34": 0, "35": 1, "36": 1, "37": 1}, "xs": {"0": 66.0, "1": 67.0, "2": 63.0, "3": 64.0, "4": 61.0, "5": 63.0, "6": 63.0, "7": 64.0, "8": 61.0, "9": 63.0, "10": 63.0, "11": 64.0, "12": 67.0, "13": 61.0, "14": 58.0, "15": 63.0, "16": 47.0, "17": 123.0, "18": 86.0, "19": 27.0, "20": 41.0, "21": 53.0, "22": 54.0, "23": 45.0, "24": 72.0, "25": 78.0, "26": 78.0, "27": 82.0, "28": 56.0, "29": 52.0, "30": 58.0, "31": 57.0, "32": 58.0, "33": 56.0, "34": 66.0, "35": 70.0, "36": 63.0, "37": 61.0}, "ys": {"0": 139.0, "1": 154.0, "2": 119.0, "3": 128.0, "4": 109.0, "5": 107.0, "6": 97.0, "7": 101.0, "8": 110.0, "9": 92.0, "10": 118.0, "11": 54.0, "12": 51.0, "13": 53.0, "14": 51.0, "15": 37.0, "16": 0.0, "17": 150.0, "18": 0.0, "19": 153.0, "20": 110.0, "21": 109.0, "22": 129.0, "23": 127.0, "24": 129.0, "25": 126.0, "26": 152.0, "27": 153.0, "28": 156.0, "29": 154.0, "30": 108.0, "31": 109.0, "32": 127.0, "33": 127.0, "34": 116.0, "35": 116.0, "36": 105.0, "37": 114.0}, "zs": {"0": 0.0, "1": 0.0, "2": 0.0, "3": 0.0, "4": 0.0, "5": 0.0, "6": 0.0, "7": 0.0, "8": 0.0, "9": 0.0, "10": 0.0, "11": 0.0, "12": 0.0, "13": 0.0, "14": 0.0, "15": 0.0, "16": 0.0, "17": 0.0, "18": 0.0, "19": 0.0, "20": 0.0, "21": 0.0, "22": 0.0, "23": 0.0, "24": 0.0, "25": 0.0, "26": 0.0, "27": 0.0, "28": 0.0, "29": 0.0, "30": 0.0, "31": 0.0, "32": 0.0, "33": 0.0, "34": 0.0, "35": 0.0, "36": 0.0, "37": 0.0}, "vizPos": {"0": [0.5, 0.391873], "1": [0.5, 0.778364], "2": [0.06363636363636366, 0.477676], "3": [0.06363636363636366, 0.701289], "4": [0.027272727272727226, 0.542418], "5": [0.027272727272727226, 0.584691], "6": [0.009090909090909038, 0.551961], "7": [0.009090909090909038, 0.578057], "8": [0.04545454545454547, 0.569364], "9": [0.0, 0.568616], "10": [0.10000000000000003, 0.496263], "11": [0.5, 0.205092], "12": [0.35454545454545455, 0.33823], "13": [0.5, 0.178282], "14": [0.7909090909090909, 0.335647], "15": [0.5, 0.0], "16": [0.5, 0.050016], "17": [0.42727272727272725, 0.000104], "18": [0.5, 0.05005], "19": [0.5363636363636364, 0.00064], "20": [0.5363636363636364, 0.029474], "21": [0.5545454545454546, 0.001047], "22": [0.5727272727272728, 0.005017], "23": [0.5727272727272728, 0.030541], "24": [0.28181818181818186, 0.007227], "25": [0.5, 0.06786], "26": [0.1363636363636364, 0.017752], "27": [0.5, 0.194523], "28": [0.2090909090909091, 0.023338], "29": [0.5, 0.157788], "30": [0.6454545454545455, 0.025196], "31": [0.5, 0.06335], "32": [0.8636363636363635, 0.0262], "33": [0.5, 0.054494], "34": [0.7181818181818181, 0.068417], "35": [0.5, 0.096013], "36": [0.027272727272727226, 0.540759], "37": [0.06363636363636366, 0.452207]}, "vizEdgeSegments": [[[0.5, 0.0], [0.5, 0.0], [0.5, 0.778364]], [[0.5, 0.391873], [0.06363636363636366, 0.391873], [0.06363636363636366, 0.701289]], [[0.06363636363636366, 0.477676], [0.10000000000000003, 0.477676], [0.10000000000000003, 0.496263]], [[0.06363636363636366, 0.452207], [0.027272727272727226, 0.452207], [0.027272727272727226, 0.584691]], [[0.027272727272727226, 0.542418], [0.04545454545454547, 0.542418], [0.04545454545454547, 0.569364]], [[0.027272727272727226, 0.540759], [0.009090909090909038, 0.540759], [0.009090909090909038, 0.578057]], [[0.009090909090909038, 0.551961], [0.0, 0.551961], [0.0, 0.568616]], [[0.5, 0.205092], [0.35454545454545455, 0.205092], [0.35454545454545455, 0.33823]], [[0.5, 0.194523], [0.1363636363636364, 0.194523], [0.1363636363636364, 0.017752]], [[0.5, 0.178282], [0.7909090909090909, 0.178282], [0.7909090909090909, 0.335647]], [[0.5, 0.157788], [0.2090909090909091, 0.157788], [0.2090909090909091, 0.023338]], [[0.5, 0.096013], [0.7181818181818181, 0.096013], [0.7181818181818181, 0.068417]], [[0.5, 0.06786], [0.28181818181818186, 0.06786], [0.28181818181818186, 0.007227]], [[0.5, 0.06335], [0.6454545454545455, 0.06335], [0.6454545454545455, 0.025196]], [[0.5, 0.054494], [0.8636363636363635, 0.054494], [0.8636363636363635, 0.0262]], [[0.5, 0.05005], [0.42727272727272725, 0.05005], [0.42727272727272725, 0.000104]], [[0.5, 0.050016], [0.5727272727272728, 0.050016], [0.5727272727272728, 0.005017]], [[0.5727272727272728, 0.030541], [0.5363636363636364, 0.030541], [0.5363636363636364, 0.00064]], [[0.5363636363636364, 0.029474], [0.5545454545454546, 0.029474], [0.5545454545454546, 0.001047]]], "vizSegmentNodeIds": [[15, 16, 18, 33, 31, 25, 35, 29, 13, 27, 11, 0, 1], [0, 37, 2, 3], [2, 10], [37, 36, 4, 5], [4, 8], [36, 6, 7], [6, 9], [11, 12], [27, 26], [13, 14], [29, 28], [35, 34], [25, 24], [31, 30], [33, 32], [18, 17], [16, 23, 22], [23, 20, 19], [20, 21]], "branches": [{"nodes": [15, 16, 18, 33, 31, 25, 35, 29, 13, 27, 11, 0, 1], "parentBranch": -1, "mode": "up", "depth": 0}, {"nodes": [0, 37, 2, 3], "parentBranch": 0, "mode": "up", "depth": 1}, {"nodes": [2, 10], "parentBranch": 1, "mode": "up", "depth": 2}, {"nodes": [37, 36, 4, 5], "parentBranch": 1, "mode": "up", "depth": 2}, {"nodes": [4, 8], "parentBranch": 3, "mode": "up", "depth": 3}, {"nodes": [36, 6, 7], "parentBranch": 3, "mode": "up", "depth": 3}, {"nodes": [6, 9], "parentBranch": 5, "mode": "up", "depth": 4}, {"nodes": [11, 12], "parentBranch": 0, "mode": "up", "depth": 1}, {"nodes": [27, 26], "parentBranch": 0, "mode": "down", "depth": 1}, {"nodes": [13, 14], "parentBranch": 0, "mode": "up", "depth": 1}, {"nodes": [29, 28], "parentBranch": 0, "mode": "down", "depth": 1}, {"nodes": [35, 34], "parentBranch": 0, "mode": "down", "depth": 1}, {"nodes": [25, 24], "parentBranch": 0, "mode": "down", "depth": 1}, {"nodes": [31, 30], "parentBranch": 0, "mode": "down", "depth": 1}, {"nodes": [33, 32], "parentBranch": 0, "mode": "down", "depth": 1}, {"nodes": [18, 17], "parentBranch": 0, "mode": "down", "depth": 1}, {"nodes": [16, 23, 22], "parentBranch": 0, "mode": "down", "depth": 1}, {"nodes": [23, 20, 19], "parentBranch": 16, "mode": "down", "depth": 2}, {"nodes": [20, 21], "parentBranch": 17, "mode": "down", "depth": 3}]}