{"nodes": [0, 1, 2, 3, 4, 5, 6, 7, 8, 9, 10, 11, 12, 13, 14, 15, 16, 17, 18, 19, 20, 21, 22, 23, 24, 25, 26, 27], "edges": [[0, 1], [0, 2], [0, 7], [2, 3], [2, 4], [4, 5], [4, 6], [7, 8], [7, 25], [9, 10], [9, 25], [9, 23], [11, 12], [12, 18], [12, 14], [13, 14], [14, 21], [15, 16], [16, 19], [16, 18], [17, 18], [20, 21], [21, 27], [22, 23], [23, 27], [24, 25], [26, 27]], "heights": {"0": 0.415996, "1": 0.769821, "2": 0.499876, "3": 0.643436, "4": 0.55412, "5": 0.599477, "6": 0.572235, "7": 0.203507, "8": 0.33993, "9": 0.180836, "10": 0.337806, "11": 0.0, "12": 0.050016, "13": 0.000237, "14": 0.050059, "15": 0.000711, "16": 0.033025, "17": 0.003838, "18": 0.03352, "19": 0.004642, "20": 0.016075, "21": 0.062035, "22": 0.01856, "23": 0.15547, "24": 0.021467, "25": 0.189841, "26": 0.031159, "27": 0.072829}, "types": {"0": 1, "1": 2, "2": 1, "3": 2, "4": 1, "5": 2, "6": 2, "7": 1, "8": 2, "9": 1, "10": 2, "11": 0, "12": 1, "13": 0, "14": 1, "15": 0, "16": 1, "17": 0, "18": 1, "19": 0, "20": 0, "21": 1, "22": 0, "23": 1, "24": 0, "25": 1, "26": 0, "27": 1}, "xs": {"0": 66.0, "1": 66.0, "2": 62.0, "3": 63.0, "4": 63.0, "5": 63.0, "6": 63.0, "7": 64.0, "8": 67.0, "9": 61.0, "10": 58.0, "11": 63.0, "12": 38.0, "13": 120.0, "14": 104.0, "15": 25.0, "16": 43.0, "17": 55.0, "18": 46.0, "19": 55.0, "20": 73.0, "21": 79.0, "22": 55.0, "23": 51.0, "24": 77.0, "25": 82.0, "26": 67.0, "27": 72.0}, "ys": {"0": 139.0, "1": 154.0, "2": 112.0, "3": 128.0, "4": 98.0, "5": 104.0, "6": 92.0, "7": 54.0, "8": 51.0, "9": 53.0, "10": 51.0, "11": 37.0, "12": 0.0, "13": 148.0, "14": 0.0, "15": 151.0, "16": 105.0, "17": 130.0, "18": 129.0, "19": 107.0, "20": 127.0, "21": 126.0, "22": 156.0, "23": 153.0, "24": 151.0, "25": 152.0, "26": 114.0, "27": 113.0}, "zs": {"0": 0.0, "1": 0.0, "2": 0.0, "3": 0.0, "4": 0.0, "5": 0.0, "6": 0.0, "7": 0.0, "8": 0.0, "9": 0.0, "10": 0.0, "11": 0.0, "12": 0.0, "13": 0.0, "14": 0.0, "15": 0.0, "16": 0.0, "17": 0.0, "18": 0.0, "19": 0.0, "20": 0.0, "21": 0.0, "22": 0.0, "23": 0.0, "24": 0.0, "25": 0.0, "26": 0.0, "27": 0.0}, "vizPos": {"0": [0.5, 0.415996], "1": [0.5, 0.769821], "2": [0.04545454545454547, 0.499876], "3": [0.04545454545454547, 0.643436], "4": [0.0, 0.55412], "5": [0.0, 0.599477], "6": [0.022727272727272874, 0.572235], "7": [0.5, 0.203507], "8": [0.6818181818181819, 0.33993], "9": [0.5, 0.180836], "10": [0.7727272727272727, 0.337806], "11": [0.5, 0.0], "12": [0.5, 0.050016], "13": [0.5909090909090909, 0.000237], "14": [0.5, 0.050059], "15": [0.36363636363636365, 0.000711], "16": [0.36363636363636365, 0.033025], "17": [0.40909090909090906, 0.003838], "18": [0.40909090909090906, 0.03352], "19": [0.38636363636363635, 0.004642], "20": [0.3181818181818182, 0.016075], "21": [0.5, 0.062035], "22": [0.22727272727272724, 0.01856], "23": [0.5, 0.15547], "24": [0.13636363636363635, 0.021467], "25": [0.5, 0.189841], "26": [0.8636363636363636, 0.031159], "27": [0.5, 0.072829]}, "vizEdgeSegments": [[[0.5, 0.0], [0.5, 0.0], [0.5, 0.769821]], [[0.5, 0.415996], [0.04545454545454547, 0.415996], [0.04545454545454547, 0.643436]], [[0.04545454545454547, 0.499876], [0.0, 0.499876], [0.0, 0.599477]], [[0.0, 0.55412], [0.022727272727272874, 0.55412], [0.022727272727272874, 0.572235]], [[0.5, 0.203507], [0.6818181818181819, 0.203507], [0.6818181818181819, 0.33993]], [[0.5, 0.189841], [0.13636363636363635, 0.189841], [0.13636363636363635, 0.021467]], [[0.5, 0.180836], [0.7727272727272727, 0.180836], [0.7727272727272727, 0.337806]], [[0.5, 0.15547], [0.22727272727272724, 0.15547], [0.22727272727272724, 0.01856]], [[0.5, 0.072829], [0.8636363636363636, 0.072829], [0.8636363636363636, 0.031159]], [[0.5, 0.062035], [0.3181818181818182, 0.062035], [0.3181818181818182, 0.016075]], [[0.5, 0.050059], [0.5909090909090909, 0.050059], [0.5909090909090909, 0.000237]], [[0.5, 0.050016], [0.40909090909090906, 0.050016], [0.40909090909090906, 0.003838]], [[0.40909090909090906, 0.03352], [0.36363636363636365, 0.03352], [0.36363636363636365, 0.000711]], [[0.36363636363636365, 0.033025], [0.38636363636363635, 0.033025], [0.38636363636363635, 0.004642]]], "vizSegmentNodeIds": [[11, 12, 14, 21, 27, 23, 9, 25, 7, 0, 1], [0, 2, 3], [2, 4, 5], [4, 6], [7, 8], [25, 24], [9, 10], [23, 22], [27, 26], [21, 20], [14, 13], [12, 18, 17], [18, 16, 15], [16, 19]], "branches": [{"nodes": [11, 12, 14, 21, 27, 23, 9, 25, 7, 0, 1], "parentBranch": -1, "mode": "up", "depth": 0}, {"nodes": [0, 2, 3], "parentBranch": 0, "mode": "up", "depth": 1}, {"nodes": [2, 4, 5], "parentBranch": 1, "mode": "up", "depth": 2}, {"nodes": [4, 6], "parentBranch": 2, "mode": "up", "depth": 3}, {"nodes": [7, 8], "parentBranch": 0, "mode": "up", "depth": 1}, {"nodes": [25, 24], "parentBranch": 0, "mode": "down", "depth": 1}, {"nodes": [9, 10], "parentBranch": 0, "mode": "up", "depth": 1}, {"nodes": [23, 22], "parentBranch": 0, "mode": "down", "depth": 1}, {"nodes": [27, 26], "parentBranch": 0, "mode": "down", "depth": 1}, {"nodes": [21, 20], "parentBranch": 0, "mode": "down", "depth": 1}, {"nodes": [14, 13], "parentBranch": 0, "mode": "down", "depth": 1}, {"nodes": [12, 18, 17], "parentBranch": 0, "mode": "down", "depth": 1}, {"nodes": [18, 16, 15], "parentBranch": 11, "mode": "down", "depth": 2}, {"nodes": [16, 19], "parentBranch": 12, "mode": "down", "depth": 3}]}