{"nodes": [0, 1, 2, 3, 4, 5, 6, 7, 8, 9, 10, 11, 12, 13, 14, 15, 16, 17, 18, 19, 20, 21, 22, 23, 24, 25, 26, 27, 28, 29, 30, 31, 32, 33, 34, 35, 36, 37], "edges": [[0, 1], [0, 36], [0, 11], [2, 3], [2, 10], [2, 36], [4, 5], [4, 6], [4, 35], [7, 8], [7, 9], [7, 35], [11, 12], [11, 27], [13, 14], [13, 27], [13, 24], [15, 16], [16, 22], [16, 37], [17, 18], [18, 32], [18, 37], [19, 20], [20, 25], [20, 22], [21, 22], [23, 24], [24, 34], [26, 27], [28, 29], [29, 31], [29, 34], [30, 31], [31, 37], [33, 34], [35, 36]], "heights": {"0": 0.35806, "1": 0.781754, "2": 0.517975, "3": 0.660596, "4": 0.553735, "5": 0.589306, "6": 0.581736, "7": 0.542418, "8": 0.580705, "9": 0.568934, "10": 0.534546, "11": 0.205088, "12": 0.338201, "13": 0.178317, "14": 0.335768, "15": 0.0, "16": 0.05002, "17": 0.00018, "18": 0.042425, "19": 0.000393, "20": 0.029278, "21": 0.002672, "22": 0.031259, "23": 0.006145, "24": 0.163205, "25": 0.007868, "26": 0.012352, "27": 0.189507, "28": 0.012384, "29": 0.056414, "30": 0.012732, "31": 0.053767, "32": 0.023473, "33": 0.086192, "34": 0.107416, "35": 0.528636, "36": 0.508562, "37": 0.050048}, "types": {"0": 1, "1": 2, "2": 1, "3": 2, "4": 1, "5": 2, "6": 2, "7": 1, "8": 2, "9": 2, "10": 2, "11": 1, "12": 2, "13": 1, "14": 2, "15": 0, "16": 1, "17": 0, "18": 1, "19": 0, "20": 1, "21": 0, "22": 1, "23": 0, "24": 1, "25": 0, "26": 0, "27": 1, "28": 0, "29": 1, "30": 0, "31": 1, "32": 0, "33": 0, "34": 1, "35": 1, "36": 1, "37": 1}, "xs": {"0": 66.0, "1": 67.0, "2": 62.0, "3": 63.0, "4": 63.0, "5": 62.0, "6": 63.0, "7": 64.0, "8": 63.0, "9": 64.0, "10": 62.0, "11": 64.0, "12": 67.0, "13": 61.0, "14": 58.0, "15": 63.0, "16": 41.0, "17": 120.0, "18": 74.0, "19": 27.0, "20": 44.0, "21": 55.0, "22": 45.0, "23": 56.0, "24": 52.0, "25": 54.0, "26": 78.0, "27": 81.0, "28": 70.0, "29": 72.0, "30": 74.0, "31": 81.0, "32": 68.0, "33": 66.0, "34": 68.0, "35": 63.0, "36": 61.0, "37": 116.0}, "ys": {"0": 138.0, "1": 154.0, "2": 116.0, "3": 126.0, "4": 107.0, "5": 108.0, "6": 105.0, "7": 96.0, "8": 93.0, "9": 98.0, "10": 115.0, "11": 54.0, "12": 51.0, "13": 53.0, "14": 51.0, "15": 37.0, "16": 0.0, "17": 148.0, "18": 89.0, "19": 153.0, "20": 126.0, "21": 108.0, "22": 109.0, "23": 157.0, "24": 155.0, "25": 127.0, "26": 152.0, "27": 151.0, "28": 126.0, "29": 126.0, "30": 127.0, "31": 125.0, "32": 97.0, "33": 115.0, "34": 114.0, "35": 103.0, "36": 113.0, "37": 0.0}, "zs": {"0": 0.0, "1": 0.0, "2": 0.0, "3": 0.0, "4": 0.0, "5": 0.0, "6": 0.0, "7": 0.0, "8": 0.0, "9": 0.0, "10": 0.0, "11": 0.0, "12": 0.0, "13": 0.0, "14": 0.0, "15": 0.0, "16": 0.0, "17": 0.0, "18": 0.0, "19": 0.0, "20": 0.0, "21": 0.0, "22": 0.0, "23": 0.0, "24": 0.0, "25": 0.0, "26": 0.0, "27": 0.0, "28": 0.0, "29": 0.0, "30": 0.0, "31": 0.0, "32": 0.0, "33": 0.0, "34": 0.0, "35": 0.0, "36": 0.0, "37": 0.0}, "vizPos": {"0": [0.5, 0.35806], "1": [0.5, 0.781754], "2": [0.04545454545454547, 0.517975], "3": [0.04545454545454547, 0.660596], "4": [0.09090909090909094, 0.553735], "5": [0.09090909090909094, 0.589306], "6": [0.1136363636363637, 0.581736], "7": [0.06818181818181818, 0.542418], "8": [0.06818181818181818, 0.580705], "9": [0.05681818181818182, 0.568934], "10": [0.0, 0.534546], "11": [0.5, 0.205088], "12": [0.9545454545454546, 0.338201], "13": [0.5, 0.178317], "14": [0.13636363636363635, 0.335768], "15": [0.5, 0.0], "16": [0.5, 0.05002], "17": [0.40909090909090906, 0.00018], "18": [0.40909090909090906, 0.042425], "19": [0.5454545454545454, 0.000393], "20": [0.5454545454545454, 0.029278], "21": [0.5909090909090909, 0.002672], "22": [0.5909090909090909, 0.031259], "23": [0.7727272727272727, 0.006145], "24": [0.5, 0.163205], "25": [0.5681818181818181, 0.007868], "26": [0.8636363636363636, 0.012352], "27": [0.5, 0.189507], "28": [0.6818181818181819, 0.012384], "29": [0.5, 0.056414], "30": [0.3181818181818182, 0.012732], "31": [0.5, 0.053767], "32": [0.36363636363636365, 0.023473], "33": [0.22727272727272724, 0.086192], "34": [0.5, 0.107416], "35": [0.09090909090909094, 0.528636], "36": [0.04545454545454547, 0.508562], "37": [0.5, 0.050048]}, "vizEdgeSegments": [[[0.5, 0.0], [0.5, 0.0], [0.5, 0.781754]], [[0.5, 0.35806], [0.04545454545454547, 0.35806], [0.04545454545454547, 0.660596]], [[0.04545454545454547, 0.517975], [0.0, 0.517975], [0.0, 0.534546]], [[0.04545454545454547, 0.508562], [0.09090909090909094, 0.508562], [0.09090909090909094, 0.589306]], [[0.09090909090909094, 0.553735], [0.1136363636363637, 0.553735], [0.1136363636363637, 0.581736]], [[0.09090909090909094, 0.528636], [0.06818181818181818, 0.528636], [0.06818181818181818, 0.580705]], [[0.06818181818181818, 0.542418], [0.05681818181818182, 0.542418], [0.05681818181818182, 0.568934]], [[0.5, 0.205088], [0.9545454545454546, 0.205088], [0.9545454545454546, 0.338201]], [[0.5, 0.189507], [0.8636363636363636, 0.189507], [0.8636363636363636, 0.012352]], [[0.5, 0.178317], [0.13636363636363635, 0.178317], [0.13636363636363635, 0.335768]], [[0.5, 0.163205], [0.7727272727272727, 0.163205], [0.7727272727272727, 0.006145]], [[0.5, 0.107416], [0.22727272727272724, 0.107416], [0.22727272727272724, 0.086192]], [[0.5, 0.056414], [0.6818181818181819, 0.056414], [0.6818181818181819, 0.012384]], [[0.5, 0.053767], [0.3181818181818182, 0.053767], [0.3181818181818182, 0.012732]], [[0.5, 0.050048], [0.40909090909090906, 0.050048], [0.40909090909090906, 0.00018]], [[0.40909090909090906, 0.042425], [0.36363636363636365, 0.042425], [0.36363636363636365, 0.023473]], [[0.5, 0.05002], [0.5909090909090909, 0.05002], [0.5909090909090909, 0.002672]], [[0.5909090909090909, 0.031259], [0.5454545454545454, 0.031259], [0.5454545454545454, 0.000393]], [[0.5454545454545454, 0.029278], [0.5681818181818181, 0.029278], [0.5681818181818181, 0.007868]]], "vizSegmentNodeIds": [[15, 16, 37, 31, 29, 34, 24, 13, 27, 11, 0, 1], [0, 36, 2, 3], [2, 10], [36, 35, 4, 5], [4, 6], [35, 7, 8], [7, 9], [11, 12], [27, 26], [13, 14], [24, 23], [34, 33], [29, 28], [31, 30], [37, 18, 17], [18, 32], [16, 22, 21], [22, 20, 19], [20, 25]], "branches": [{"nodes": [15, 16, 37, 31, 29, 34, 24, 13, 27, 11, 0, 1], "parentBranch": -1, "mode": "up", "depth": 0}, {"nodes": [0, 36, 2, 3], "parentBranch": 0, "mode": "up", "depth": 1}, {"nodes": [2, 10], "parentBranch": 1, "mode": "up", "depth": 2}, {"nodes": [36, 35, 4, 5], "parentBranch": 1, "mode": "up", "depth": 2}, {"nodes": [4, 6], "parentBranch": 3, "mode": "up", "depth": 3}, {"nodes": [35, 7, 8], "parentBranch": 3, "mode": "up", "depth": 3}, {"nodes": [7, 9], "parentBranch": 5, "mode": "up", "depth": 4}, {"nodes": [11, 12], "parentBranch": 0, "mode": "up", "depth": 1}, {"nodes": [27, 26], "parentBranch": 0, "mode": "down", "depth": 1}, {"nodes": [13, 14], "parentBranch": 0, "mode": "up", "depth": 1}, {"nodes": [24, 23], "parentBranch": 0, "mode": "down", "depth": 1}, {"nodes": [34, 33], "parentBranch": 0, "mode": "down", "depth": 1}, {"nodes": [29, 28], "parentBranch": 0, "mode": "down", "depth": 1}, {"nodes": [31, 30], "parentBranch": 0, "mode": "down", "depth": 1}, {"nodes": [37, 18, 17], "parentBranch": 0, "mode": "down", "depth": 1}, {"nodes": [18, 32], "parentBranch": 14, "mode": "down", "depth": 2}, {"nodes": [16, 22, 21], "parentBranch": 0, "mode": "down", "depth": 1}, {"nodes": [22, 20, 19], "parentBranch": 16, "mode": "down", "depth": 2}, {"nodes": [20, 25], "parentBranch": 17, "mode": "down", "depth": 3}]}