{"nodes": [0, 1, 2, 3, 4, 5, 6, 7, 8, 9, 10, 11, 12, 13, 14, 15, 16, 17, 18, 19, 20, 21, 22, 23, 24, 25, 26, 27], "edges": [[0, 1], [0, 2], [0, 5], [2, 3], [2, 4], [5, 6], [5, 21], [7, 8], [7, 21], [7, 17], [9, 10], [10, 19], [10, 12], [11, 12], [12, 23], [13, 14], [14, 15], [14, 19], [16, 17], [17, 27], [18, 19], [20, 21], [22, 23], [23, 25], [24, 25], [25, 27], [26, 27]], "heights": {"0": 0.380295, "1": 0.764293, "2": 0.530197, "3": 0.717179, "4": 0.608206, "5": 0.203944, "6": 0.340523, "7": 0.181836, "8": 0.338216, "9": 0.0, "10": 0.050005, "11": 0.0001, "12": 0.050053, "13": 0.00028, "14": 0.025489, "15": 0.005789, "16": 0.00625, "17": 0.158885, "18": 0.008072, "19": 0.034338, "20": 0.01101, "21": 0.194105, "22": 0.014988, "23": 0.073584, "24": 0.034912, "25": 0.084204, "26": 0.068595, "27": 0.091912}, "types": {"0": 1, "1": 2, "2": 1, "3": 2, "4": 2, "5": 1, "6": 2, "7": 1, "8": 2, "9": 0, "10": 1, "11": 0, "12": 1, "13": 0, "14": 1, "15": 0, "16": 0, "17": 1, "18": 0, "19": 1, "20": 0, "21": 1, "22": 0, "23": 1, "24": 0, "25": 1, "26": 0, "27": 1}, "xs": {"0": 65.0, "1": 67.0, "2": 61.0, "3": 63.0, "4": 63.0, "5": 64.0, "6": 67.0, "7": 61.0, "8": 58.0, "9": 63.0, "10": 44.0, "11": 122.0, "12": 113.0, "13": 27.0, "14": 41.0, "15": 51.0, "16": 56.0, "17": 52.0, "18": 56.0, "19": 47.0, "20": 78.0, "21": 82.0, "22": 71.0, "23": 77.0, "24": 57.0, "25": 55.0, "26": 66.0, "27": 69.0}, "ys": {"0": 138.0, "1": 153.0, "2": 113.0, "3": 126.0, "4": 105.0, "5": 54.0, "6": 51.0, "7": 53.0, "8": 51.0, "9": 37.0, "10": 0.0, "11": 147.0, "12": 0.0, "13": 152.0, "14": 127.0, "15": 127.0, "16": 156.0, "17": 154.0, "18": 108.0, "19": 107.0, "20": 151.0, "21": 150.0, "22": 129.0, "23": 126.0, "24": 126.0, "25": 126.0, "26": 116.0, "27": 115.0}, "zs": {"0": 0.0, "1": 0.0, "2": 0.0, "3": 0.0, "4": 0.0, "5": 0.0, "6": 0.0, "7": 0.0, "8": 0.0, "9": 0.0, "10": 0.0, "11": 0.0, "12": 0.0, "13": 0.0, "14": 0.0, "15": 0.0, "16": 0.0, "17": 0.0, "18": 0.0, "19": 0.0, "20": 0.0, "21": 0.0, "22": 0.0, "23": 0.0, "24": 0.0, "25": 0.0, "26": 0.0, "27": 0.0}, "vizPos": {"0": [0.5, 0.380295], "1": [0.5, 0.764293], "2": [0.04545454545454547, 0.530197], "3": [0.04545454545454547, 0.717179], "4": [0.0, 0.608206], "5": [0.5, 0.203944], "6": [0.9545454545454546, 0.340523], "7": [0.5, 0.181836], "8": [0.13636363636363635, 0.338216], "9": [0.5, 0.0], "10": [0.5, 0.050005], "11": [0.40909090909090906, 0.0001], "12": [0.5, 0.050053], "13": [0.5454545454545454, 0.00028], "14": [0.5454545454545454, 0.025489], "15": [0.5681818181818181, 0.005789], "16": [0.7727272727272727, 0.00625], "17": [0.5, 0.158885], "18": [0.5909090909090909, 0.008072], "19": [0.5909090909090909, 0.034338], "20": [0.8636363636363636, 0.01101], "21": [0.5, 0.194105], "22": [0.3181818181818182, 0.014988], "23": [0.5, 0.073584], "24": [0.6818181818181819, 0.034912], "25": [0.5, 0.084204], "26": [0.22727272727272724, 0.068595], "27": [0.5, 0.091912]}, "vizEdgeSegments": [[[0.5, 0.0], [0.5, 0.0], [0.5, 0.764293]], [[0.5, 0.380295], [0.04545454545454547, 0.380295], [0.04545454545454547, 0.717179]], [[0.04545454545454547, 0.530197], [0.0, 0.530197], [0.0, 0.608206]], [[0.5, 0.203944], [0.9545454545454546, 0.203944], [0.9545454545454546, 0.340523]], [[0.5, 0.194105], [0.8636363636363636, 0.194105], [0.8636363636363636, 0.01101]], [[0.5, 0.181836], [0.13636363636363635, 0.181836], [0.13636363636363635, 0.338216]], [[0.5, 0.158885], [0.7727272727272727, 0.158885], [0.7727272727272727, 0.00625]], [[0.5, 0.091912], [0.22727272727272724, 0.091912], [0.22727272727272724, 0.068595]], [[0.5, 0.084204], [0.6818181818181819, 0.084204], [0.6818181818181819, 0.034912]], [[0.5, 0.073584], [0.3181818181818182, 0.073584], [0.3181818181818182, 0.014988]], [[0.5, 0.050053], [0.40909090909090906, 0.050053], [0.40909090909090906, 0.0001]], [[0.5, 0.050005], [0.5909090909090909, 0.050005], [0.5909090909090909, 0.008072]], [[0.5909090909090909, 0.034338], [0.5454545454545454, 0.034338], [0.5454545454545454, 0.00028]], [[0.5454545454545454, 0.025489], [0.5681818181818181, 0.025489], [0.5681818181818181, 0.005789]]], "vizSegmentNodeIds": [[9, 10, 12, 23, 25, 27, 17, 7, 21, 5, 0, 1], [0, 2, 3], [2, 4], [5, 6], [21, 20], [7, 8], [17, 16], [27, 26], [25, 24], [23, 22], [12, 11], [10, 19, 18], [19, 14, 13], [14, 15]], "branches": [{"nodes": [9, 10, 12, 23, 25, 27, 17, 7, 21, 5, 0, 1], "parentBranch": -1, "mode": "up", "depth": 0}, {"nodes": [0, 2, 3], "parentBranch": 0, "mode": "up", "depth": 1}, {"nodes": [2, 4], "parentBranch": 1, "mode": "up", "depth": 2}, {"nodes": [5, 6], "parentBranch": 0, "mode": "up", "depth": 1}, {"nodes": [21, 20], "parentBranch": 0, "mode": "down", "depth": 1}, {"nodes": [7, 8], "parentBranch": 0, "mode": "up", "depth": 1}, {"nodes": [17, 16], "parentBranch": 0, "mode": "down", "depth": 1}, {"nodes": [27, 26], "parentBranch": 0, "mode": "down", "depth": 1}, {"nodes": [25, 24], "parentBranch": 0, "mode": "down", "depth": 1}, {"nodes": [23, 22], "parentBranch": 0, "mode": "down", "depth": 1}, {"nodes": [12, 11], "parentBranch": 0, "mode": "down", "depth": 1}, {"nodes": [10, 19, 18], "parentBranch": 0, "mode": "down", "depth": 1}, {"nodes": [19, 14, 13], "parentBranch": 11, "mode": "down", "depth": 2}, {"nodes": [14, 15], "parentBranch": 12, "mode": "down", "depth": 3}]}