{"nodes": [0, 1, 2, 3, 4, 5, 6, 7, 8, 9, 10, 11, 12, 13, 14, 15, 16, 17, 18, 19, 20, 21, 22, 23, 24, 25, 26, 27, 28, 29, 30, 31, 32, 33, 34, 35], "edges": [[0, 1], [0, 2], [0, 11], [2, 3], [2, 9], [4, 5], [4, 6], [4, 7], [7, 8], [7, 9], [9, 10], [11, 12], [11, 30], [13, 14], [13, 30], [13, 32], [15, 16], [16, 22], [16, 18], [17, 18], [18, 35], [19, 20], [20, 23], [20, 22], [21, 22], [24, 25], [25, 26], [25, 35], [27, 28], [28, 35], [28, 34], [29, 30], [31, 32], [32, 34], [33, 34]], "heights": {"0": 0.327096, "1": 0.753372, "2": 0.494609, "3": 0.702185, "4": 0.543056, "5": 0.586036, "6": 0.578016, "7": 0.53757, "8": 0.561457, "9": 0.497751, "10": 0.517543, "11": 0.204564, "12": 0.34038, "13": 0.181373, "14": 0.338272, "15": 0.0, "16": 0.050042, "17": 0.000168, "18": 0.050062, "19": 0.000696, "20": 0.024953, "21": 0.002213, "22": 0.032564, "23": 0.003288, "24": 0.017053, "25": 0.041407, "26": 0.019351, "27": 0.019906, "28": 0.087476, "29": 0.0288, "30": 0.185764, "31": 0.031421, "32": 0.170217, "33": 0.072676, "34": 0.09644, "35": 0.056956}, "types": {"0": 1, "1": 2, "2": 1, "3": 2, "4": 1, "5": 2, "6": 2, "7": 1, "8": 2, "9": 1, "10": 2, "11": 1, "12": 2, "13": 1, "14": 2, "15": 0, "16": 1, "17": 0, "18": 1, "19": 0, "20": 1, "21": 0, "22": 1, "23": 0, "24": 0, "25": 1, "26": 0, "27": 0, "28": 1, "29": 0, "30": 1, "31": 0, "32": 1, "33": 0, "34": 1, "35": 1}, "xs": {"0": 65.0, "1": 68.0, "2": 63.0, "3": 62.0, "4": 64.0, "5": 63.0, "6": 63.0, "7": 62.0, "8": 61.0, "9": 61.0, "10": 62.0, "11": 64.0, "12": 67.0, "13": 61.0, "14": 58.0, "15": 63.0, "16": 41.0, "17": 118.0, "18": 80.0, "19": 26.0, "20": 39.0, "21": 55.0, "22": 45.0, "23": 50.0, "24": 69.0, "25": 70.0, "26": 72.0, "27": 56.0, "28": 55.0, "29": 78.0, "30": 81.0, "31": 56.0, "32": 51.0, "33": 66.0, "34": 68.0, "35": 80.0}, "ys": {"0": 136.0, "1": 154.0, "2": 115.0, "3": 125.0, "4": 102.0, "5": 104.0, "6": 94.0, "7": 108.0, "8": 108.0, "9": 113.0, "10": 114.0, "11": 54.0, "12": 51.0, "13": 53.0, "14": 51.0, "15": 37.0, "16": 0.0, "17": 148.0, "18": 0.0, "19": 153.0, "20": 125.0, "21": 107.0, "22": 107.0, "23": 126.0, "24": 125.0, "25": 126.0, "26": 126.0, "27": 125.0, "28": 125.0, "29": 152.0, "30": 153.0, "31": 157.0, "32": 154.0, "33": 114.0, "34": 113.0, "35": 124.0}, "zs": {"0": 0.0, "1": 0.0, "2": 0.0, "3": 0.0, "4": 0.0, "5": 0.0, "6": 0.0, "7": 0.0, "8": 0.0, "9": 0.0, "10": 0.0, "11": 0.0, "12": 0.0, "13": 0.0, "14": 0.0, "15": 0.0, "16": 0.0, "17": 0.0, "18": 0.0, "19": 0.0, "20": 0.0, "21": 0.0, "22": 0.0, "23": 0.0, "24": 0.0, "25": 0.0, "26": 0.0, "27": 0.0, "28": 0.0, "29": 0.0, "30": 0.0, "31": 0.0, "32": 0.0, "33": 0.0, "34": 0.0, "35": 0.0}, "vizPos": {"0": [0.5, 0.327096], "1": [0.5, 0.753372], "2": [0.09999999999999998, 0.494609], "3": [0.09999999999999998, 0.702185], "4": [0.0625, 0.543056], "5": [0.0625, 0.586036], "6": [0.06874999999999998, 0.578016], "7": [0.07500000000000001, 0.53757], "8": [0.07500000000000001, 0.561457], "9": [0.04999999999999999, 0.497751], "10": [0.04999999999999999, 0.517543], "11": [0.5, 0.204564], "12": [0.0, 0.34038], "13": [0.5, 0.181373], "14": [1.0, 0.338272], "15": [0.5, 0.0], "16": [0.5, 0.050042], "17": [0.6, 0.000168], "18": [0.5, 0.050062], "19": [0.35, 0.000696], "20": [0.35, 0.024953], "21": [0.4, 0.002213], "22": [0.4, 0.032564], "23": [0.375, 0.003288], "24": [0.3, 0.017053], "25": [0.3, 0.041407], "26": [0.25, 0.019351], "27": [0.7, 0.019906], "28": [0.5, 0.087476], "29": [0.19999999999999996, 0.0288], "30": [0.5, 0.185764], "31": [0.8, 0.031421], "32": [0.5, 0.170217], "33": [0.9, 0.072676], "34": [0.5, 0.09644], "35": [0.5, 0.056956]}, "vizEdgeSegments": [[[0.5, 0.0], [0.5, 0.0], [0.5, 0.753372]], [[0.5, 0.327096], [0.09999999999999998, 0.327096], [0.09999999999999998, 0.702185]], [[0.09999999999999998, 0.494609], [0.04999999999999999, 0.494609], [0.04999999999999999, 0.517543]], [[0.04999999999999999, 0.497751], [0.07500000000000001, 0.497751], [0.07500000000000001, 0.561457]], [[0.07500000000000001, 0.53757], [0.0625, 0.53757], [0.0625, 0.586036]], [[0.0625, 0.543056], [0.06874999999999998, 0.543056], [0.06874999999999998, 0.578016]], [[0.5, 0.204564], [0.0, 0.204564], [0.0, 0.34038]], [[0.5, 0.185764], [0.19999999999999996, 0.185764], [0.19999999999999996, 0.0288]], [[0.5, 0.181373], [1.0, 0.181373], [1.0, 0.338272]], [[0.5, 0.170217], [0.8, 0.170217], [0.8, 0.031421]], [[0.5, 0.09644], [0.9, 0.09644], [0.9, 0.072676]], [[0.5, 0.087476], [0.7, 0.087476], [0.7, 0.019906]], [[0.5, 0.056956], [0.3, 0.056956], [0.3, 0.017053]], [[0.3, 0.041407], [0.25, 0.041407], [0.25, 0.019351]], [[0.5, 0.050062], [0.6, 0.050062], [0.6, 0.000168]], [[0.5, 0.050042], [0.4, 0.050042], [0.4, 0.002213]], [[0.4, 0.032564], [0.35, 0.032564], [0.35, 0.000696]], [[0.35, 0.024953], [0.375, 0.024953], [0.375, 0.003288]]], "vizSegmentNodeIds": [[15, 16, 18, 35, 28, 34, 32, 13, 30, 11, 0, 1], [0, 2, 3], [2, 9, 10], [9, 7, 8], [7, 4, 5], [4, 6], [11, 12], [30, 29], [13, 14], [32, 31], [34, 33], [28, 27], [35, 25, 24], [25, 26], [18, 17], [16, 22, 21], [22, 20, 19], [20, 23]], "branches": [{"nodes": [15, 16, 18, 35, 28, 34, 32, 13, 30, 11, 0, 1], "parentBranch": -1, "mode": "up", "depth": 0}, {"nodes": [0, 2, 3], "parentBranch": 0, "mode": "up", "depth": 1}, {"nodes": [2, 9, 10], "parentBranch": 1, "mode": "up", "depth": 2}, {"nodes": [9, 7, 8], "parentBranch": 2, "mode": "up", "depth": 3}, {"nodes": [7, 4, 5], "parentBranch": 3, "mode": "up", "depth": 4}, {"nodes": [4, 6], "parentBranch": 4, "mode": "up", "depth": 5}, {"nodes": [11, 12], "parentBranch": 0, "mode": "up", "depth": 1}, {"nodes": [30, 29], "parentBranch": 0, "mode": "down", "depth": 1}, {"nodes": [13, 14], "parentBranch": 0, "mode": "up", "depth": 1}, {"nodes": [32, 31], "parentBranch": 0, "mode": "down", "depth": 1}, {"nodes": [34, 33], "parentBranch": 0, "mode": "down", "depth": 1}, {"nodes": [28, 27], "parentBranch": 0, "mode": "down", "depth": 1}, {"nodes": [35, 25, 24], "parentBranch": 0, "mode": "down", "depth": 1}, {"nodes": [25, 26], "parentBranch": 12, "mode": "down", "depth": 2}, {"nodes": [18, 17], "parentBranch": 0, "mode": "down", "depth": 1}, {"nodes": [16, 22, 21], "parentBranch": 0, "mode": "down", "depth": 1}, {"nodes": [22, 20, 19], "parentBranch": 15, "mode": "down", "depth": 2}, {"nodes": [20, 23], "parentBranch": 16, "mode": "down", "depth": 3}]}