{"nodes": [0, 1, 2, 3, 4, 5, 6, 7, 8, 9, 10, 11, 12, 13, 14, 15, 16, 17, 18, 19, 20, 21, 22, 23, 24, 25, 26, 27, 28, 29], "edges": [[0, 1], [0, 2], [0, 9], [2, 3], [2, 7], [4, 5], [4, 6], [4, 7], [7, 8], [9, 10], [9, 23], [11, 12], [11, 23], [11, 27], [13, 14], [14, 21], [14, 16], [15, 16], [16, 25], [17, 18], [18, 19], [18, 21], [20, 21], [22, 23], [24, 25], [25, 29], [26, 27], [27, 29], [28, 29]], "heights": {"0": 0.328954, "1": 0.769954, "2": 0.539564, "3": 0.669488, "4": 0.572135, "5": 0.600253, "6": 0.598072, "7": 0.545292, "8": 0.569157, "9": 0.203555, "10": 0.339982, "11": 0.180893, "12": 0.337787, "13": 0.0, "14": 0.050032, "15": 0.000163, "16": 0.050062, "17": 0.0007, "18": 0.02322, "19": 0.00284, "20": 0.006035, "21": 0.032738, "22": 0.018044, "23": 0.189145, "24": 0.023281, "25": 0.060692, "26": 0.033018, "27": 0.165025, "28": 0.035767, "29": 0.084926}, "types": {"0": 1, "1": 2, "2": 1, "3": 2, "4": 1, "5": 2, "6": 2, "7": 1, "8": 2, "9": 1, "10": 2, "11": 1, "12": 2, "13": 0, "14": 1, "15": 0, "16": 1, "17": 0, "18": 1, "19": 0, "20": 0, "21": 1, "22": 0, "23": 1, "24": 0, "25": 1, "26": 0, "27": 1, "28": 0, "29": 1}, "xs": {"0": 65.0, "1": 68.0, "2": 61.0, "3": 64.0, "4": 62.0, "5": 63.0, "6": 62.0, "7": 64.0, "8": 63.0, "9": 64.0, "10": 67.0, "11": 61.0, "12": 58.0, "13": 63.0, "14": 38.0, "15": 122.0, "16": 96.0, "17": 27.0, "18": 39.0, "19": 50.0, "20": 56.0, "21": 50.0, "22": 78.0, "23": 82.0, "24": 72.0, "25": 80.0, "26": 57.0, "27": 52.0, "28": 56.0, "29": 55.0}, "ys": {"0": 137.0, "1": 154.0, "2": 115.0, "3": 125.0, "4": 108.0, "5": 106.0, "6": 110.0, "7": 102.0, "8": 93.0, "9": 54.0, "10": 51.0, "11": 53.0, "12": 51.0, "13": 37.0, "14": 0.0, "15": 149.0, "16": 0.0, "17": 153.0, "18": 125.0, "19": 125.0, "20": 111.0, "21": 111.0, "22": 151.0, "23": 150.0, "24": 127.0, "25": 125.0, "26": 157.0, "27": 155.0, "28": 125.0, "29": 124.0}, "zs": {"0": 0.0, "1": 0.0, "2": 0.0, "3": 0.0, "4": 0.0, "5": 0.0, "6": 0.0, "7": 0.0, "8": 0.0, "9": 0.0, "10": 0.0, "11": 0.0, "12": 0.0, "13": 0.0, "14": 0.0, "15": 0.0, "16": 0.0, "17": 0.0, "18": 0.0, "19": 0.0, "20": 0.0, "21": 0.0, "22": 0.0, "23": 0.0, "24": 0.0, "25": 0.0, "26": 0.0, "27": 0.0, "28": 0.0, "29": 0.0}, "vizPos": {"0": [0.5, 0.328954], "1": [0.5, 0.769954], "2": [0.04545454545454547, 0.539564], "3": [0.04545454545454547, 0.669488], "4": [0.022727272727272874, 0.572135], "5": [0.022727272727272874, 0.600253], "6": [0.011363636363636409, 0.598072], "7": [0.0, 0.545292], "8": [0.0, 0.569157], "9": [0.5, 0.203555], "10": [0.6818181818181819, 0.339982], "11": [0.5, 0.180893], "12": [0.7727272727272727, 0.337787], "13": [0.5, 0.0], "14": [0.5, 0.050032], "15": [0.40909090909090906, 0.000163], "16": [0.5, 0.050062], "17": [0.5454545454545454, 0.0007], "18": [0.5454545454545454, 0.02322], "19": [0.5681818181818181, 0.00284], "20": [0.5909090909090909, 0.006035], "21": [0.5909090909090909, 0.032738], "22": [0.13636363636363635, 0.018044], "23": [0.5, 0.189145], "24": [0.3181818181818182, 0.023281], "25": [0.5, 0.060692], "26": [0.22727272727272724, 0.033018], "27": [0.5, 0.165025], "28": [0.8636363636363636, 0.035767], "29": [0.5, 0.084926]}, "vizEdgeSegments": [[[0.5, 0.0], [0.5, 0.0], [0.5, 0.769954]], [[0.5, 0.328954], [0.04545454545454547, 0.328954], [0.04545454545454547, 0.669488]], [[0.04545454545454547, 0.539564], [0.0, 0.539564], [0.0, 0.569157]], [[0.0, 0.545292], [0.022727272727272874, 0.545292], [0.022727272727272874, 0.600253]], [[0.022727272727272874, 0.572135], [0.011363636363636409, 0.572135], [0.011363636363636409, 0.598072]], [[0.5, 0.203555], [0.6818181818181819, 0.203555], [0.6818181818181819, 0.339982]], [[0.5, 0.189145], [0.13636363636363635, 0.189145], [0.13636363636363635, 0.018044]], [[0.5, 0.180893], [0.7727272727272727, 0.180893], [0.7727272727272727, 0.337787]], [[0.5, 0.165025], [0.22727272727272724, 0.165025], [0.22727272727272724, 0.033018]], [[0.5, 0.084926], [0.8636363636363636, 0.084926], [0.8636363636363636, 0.035767]], [[0.5, 0.060692], [0.3181818181818182, 0.060692], [0.3181818181818182, 0.023281]], [[0.5, 0.050062], [0.40909090909090906, 0.050062], [0.40909090909090906, 0.000163]], [[0.5, 0.050032], [0.5909090909090909, 0.050032], [0.5909090909090909, 0.006035]], [[0.5909090909090909, 0.032738], [0.5454545454545454, 0.032738], [0.5454545454545454, 0.0007]], [[0.5454545454545454, 0.02322], [0.5681818181818181, 0.02322], [0.5681818181818181, 0.00284]]], "vizSegmentNodeIds": [[13, 14, 16, 25, 29, 27, 11, 23, 9, 0, 1], [0, 2, 3], [2, 7, 8], [7, 4, 5], [4, 6], [9, 10], [23, 22], [11, 12], [27, 26], [29, 28], [25, 24], [16, 15], [14, 21, 20], [21, 18, 17], [18, 19]], "branches": [{"nodes": [13, 14, 16, 25, 29, 27, 11, 23, 9, 0, 1], "parentBranch": -1, "mode": "up", "depth": 0}, {"nodes": [0, 2, 3], "parentBranch": 0, "mode": "up", "depth": 1}, {"nodes": [2, 7, 8], "parentBranch": 1, "mode": "up", "depth": 2}, {"nodes": [7, 4, 5], "parentBranch": 2, "mode": "up", "depth": 3}, {"nodes": [4, 6], "parentBranch": 3, "mode": "up", "depth": 4}, {"nodes": [9, 10], "parentBranch": 0, "mode": "up", "depth": 1}, {"nodes": [23, 22], "parentBranch": 0, "mode": "down", "depth": 1}, {"nodes": [11, 12], "parentBranch": 0, "mode": "up", "depth": 1}, {"nodes": [27, 26], "parentBranch": 0, "mode": "down", "depth": 1}, {"nodes": [29, 28], "parentBranch": 0, "mode": "down", "depth": 1}, {"nodes": [25, 24], "parentBranch": 0, "mode": "down", "depth": 1}, {"nodes": [16, 15], "parentBranch": 0, "mode": "down", "depth": 1}, {"nodes": [14, 21, 20], "parentBranch": 0, "mode": "down", "depth": 1}, {"nodes": [21, 18, 17], "parentBranch": 12, "mode": "down", "depth": 2}, {"nodes": [18, 19], "parentBranch": 13, "mode": "down", "depth": 3}]}