{"nodes": [0, 1, 2, 3, 4, 5, 6, 7, 8, 9, 10, 11, 12, 13, 14, 15, 16, 17, 18, 19, 20, 21, 22, 23, 24, 25, 26, 27, 28, 29, 30, 31, 32, 33], "edges": [[0, 1], [0, 33], [0, 10], [2, 3], [2, 9], [2, 33], [4, 5], [4, 6], [4, 7], [7, 8], [7, 33], [10, 11], [10, 26], [12, 13], [12, 26], [12, 30], [14, 15], [15, 21], [15, 17], [16, 17], [17, 24], [18, 19], [19, 22], [19, 21], [20, 21], [23, 24], [24, 28], [25, 26], [27, 28], [28, 32], [29, 30], [30, 32], [31, 32]], "heights": {"0": 0.360178, "1": 0.774006, "2": 0.501206, "3": 0.687272, "4": 0.569288, "5": 0.596515, "6": 0.591785, "7": 0.542046, "8": 0.573902, "9": 0.529417, "10": 0.205074, "11": 0.338226, "12": 0.178298, "13": 0.335637, "14": 0.0, "15": 0.050015, "16": 8e-05, "17": 0.050042, "18": 0.000572, "19": 0.026369, "20": 0.006482, "21": 0.031983, "22": 0.00807, "23": 0.008525, "24": 0.059996, "25": 0.017522, "26": 0.192371, "27": 0.019271, "28": 0.06678, "29": 0.02332, "30": 0.160664, "31": 0.05932, "32": 0.085384, "33": 0.496357}, "types": {"0": 1, "1": 2, "2": 1, "3": 2, "4": 1, "5": 2, "6": 2, "7": 1, "8": 2, "9": 2, "10": 1, "11": 2, "12": 1, "13": 2, "14": 0, "15": 1, "16": 0, "17": 1, "18": 0, "19": 1, "20": 0, "21": 1, "22": 0, "23": 0, "24": 1, "25": 0, "26": 1, "27": 0, "28": 1, "29": 0, "30": 1, "31": 0, "32": 1, "33": 1}, "xs": {"0": 66.0, "1": 67.0, "2": 63.0, "3": 63.0, "4": 62.0, "5": 63.0, "6": 62.0, "7": 64.0, "8": 63.0, "9": 63.0, "10": 64.0, "11": 67.0, "12": 61.0, "13": 58.0, "14": 63.0, "15": 46.0, "16": 122.0, "17": 119.0, "18": 27.0, "19": 42.0, "20": 55.0, "21": 45.0, "22": 53.0, "23": 73.0, "24": 80.0, "25": 78.0, "26": 82.0, "27": 57.0, "28": 56.0, "29": 56.0, "30": 52.0, "31": 67.0, "32": 70.0, "33": 62.0}, "ys": {"0": 138.0, "1": 154.0, "2": 117.0, "3": 126.0, "4": 106.0, "5": 105.0, "6": 107.0, "7": 102.0, "8": 93.0, "9": 115.0, "10": 54.0, "11": 51.0, "12": 53.0, "13": 51.0, "14": 37.0, "15": 0.0, "16": 148.0, "17": 0.0, "18": 153.0, "19": 126.0, "20": 107.0, "21": 107.0, "22": 126.0, "23": 127.0, "24": 126.0, "25": 152.0, "26": 150.0, "27": 126.0, "28": 126.0, "29": 156.0, "30": 154.0, "31": 114.0, "32": 113.0, "33": 112.0}, "zs": {"0": 0.0, "1": 0.0, "2": 0.0, "3": 0.0, "4": 0.0, "5": 0.0, "6": 0.0, "7": 0.0, "8": 0.0, "9": 0.0, "10": 0.0, "11": 0.0, "12": 0.0, "13": 0.0, "14": 0.0, "15": 0.0, "16": 0.0, "17": 0.0, "18": 0.0, "19": 0.0, "20": 0.0, "21": 0.0, "22": 0.0, "23": 0.0, "24": 0.0, "25": 0.0, "26": 0.0, "27": 0.0, "28": 0.0, "29": 0.0, "30": 0.0, "31": 0.0, "32": 0.0, "33": 0.0}, "vizPos": {"0": [0.5, 0.360178], "1": [0.5, 0.774006], "2": [0.04545454545454547, 0.501206], "3": [0.04545454545454547, 0.687272], "4": [0.022727272727272874, 0.569288], "5": [0.022727272727272874, 0.596515], "6": [0.011363636363636409, 0.591785], "7": [0.0, 0.542046], "8": [0.0, 0.573902], "9": [0.09090909090909094, 0.529417], "10": [0.5, 0.205074], "11": [0.9545454545454546, 0.338226], "12": [0.5, 0.178298], "13": [0.13636363636363635, 0.335637], "14": [0.5, 0.0], "15": [0.5, 0.050015], "16": [0.5909090909090909, 8e-05], "17": [0.5, 0.050042], "18": [0.36363636363636365, 0.000572], "19": [0.36363636363636365, 0.026369], "20": [0.40909090909090906, 0.006482], "21": [0.40909090909090906, 0.031983], "22": [0.38636363636363635, 0.00807], "23": [0.6818181818181819, 0.008525], "24": [0.5, 0.059996], "25": [0.8636363636363636, 0.017522], "26": [0.5, 0.192371], "27": [0.3181818181818182, 0.019271], "28": [0.5, 0.06678], "29": [0.7727272727272727, 0.02332], "30": [0.5, 0.160664], "31": [0.22727272727272724, 0.05932], "32": [0.5, 0.085384], "33": [0.04545454545454547, 0.496357]}, "vizEdgeSegments": [[[0.5, 0.0], [0.5, 0.0], [0.5, 0.774006]], [[0.5, 0.360178], [0.04545454545454547, 0.360178], [0.04545454545454547, 0.687272]], [[0.04545454545454547, 0.501206], [0.09090909090909094, 0.501206], [0.09090909090909094, 0.529417]], [[0.04545454545454547, 0.496357], [0.0, 0.496357], [0.0, 0.573902]], [[0.0, 0.542046], [0.022727272727272874, 0.542046], [0.022727272727272874, 0.596515]], [[0.022727272727272874, 0.569288], [0.011363636363636409, 0.569288], [0.011363636363636409, 0.591785]], [[0.5, 0.205074], [0.9545454545454546, 0.205074], [0.9545454545454546, 0.338226]], [[0.5, 0.192371], [0.8636363636363636, 0.192371], [0.8636363636363636, 0.017522]], [[0.5, 0.178298], [0.13636363636363635, 0.178298], [0.13636363636363635, 0.335637]], [[0.5, 0.160664], [0.7727272727272727, 0.160664], [0.7727272727272727, 0.02332]], [[0.5, 0.085384], [0.22727272727272724, 0.085384], [0.22727272727272724, 0.05932]], [[0.5, 0.06678], [0.3181818181818182, 0.06678], [0.3181818181818182, 0.019271]], [[0.5, 0.059996], [0.6818181818181819, 0.059996], [0.6818181818181819, 0.008525]], [[0.5, 0.050042], [0.5909090909090909, 0.050042], [0.5909090909090909, 8e-05]], [[0.5, 0.050015], [0.40909090909090906, 0.050015], [0.40909090909090906, 0.006482]], [[0.40909090909090906, 0.031983], [0.36363636363636365, 0.031983], [0.36363636363636365, 0.000572]], [[0.36363636363636365, 0.026369], [0.38636363636363635, 0.026369], [0.38636363636363635, 0.00807]]], "vizSegmentNodeIds": [[14, 15, 17, 24, 28, 32, 30, 12, 26, 10, 0, 1], [0, 33, 2, 3], [2, 9], [33, 7, 8], [7, 4, 5], [4, 6], [10, 11], [26, 25], [12, 13], [30, 29], [32, 31], [28, 27], [24, 23], [17, 16], [15, 21, 20], [21, 19, 18], [19, 22]], "branches": [{"nodes": [14, 15, 17, 24, 28, 32, 30, 12, 26, 10, 0, 1], "parentBranch": -1, "mode": "up", "depth": 0}, {"nodes": [0, 33, 2, 3], "parentBranch": 0, "mode": "up", "depth": 1}, {"nodes": [2, 9], "parentBranch": 1, "mode": "up", "depth": 2}, {"nodes": [33, 7, 8], "parentBranch": 1, "mode": "up", "depth": 2}, {"nodes": [7, 4, 5], "parentBranch": 3, "mode": "up", "depth": 3}, {"nodes": [4, 6], "parentBranch": 4, "mode": "up", "depth": 4}, {"nodes": [10, 11], "parentBranch": 0, "mode": "up", "depth": 1}, {"nodes": [26, 25], "parentBranch": 0, "mode": "down", "depth": 1}, {"nodes": [12, 13], "parentBranch": 0, "mode": "up", "depth": 1}, {"nodes": [30, 29], "parentBranch": 0, "mode": "down", "depth": 1}, {"nodes": [32, 31], "parentBranch": 0, "mode": "down", "depth": 1}, {"nodes": [28, 27], "parentBranch": 0, "mode": "down", "depth": 1}, {"nodes": [24, 23], "parentBranch": 0, "mode": "down", "depth": 1}, {"nodes": [17, 16], "parentBranch": 0, "mode": "down", "depth": 1}, {"nodes": [15, 21, 20], "parentBranch": 0, "mode": "down", "depth": 1}, {"nodes": [21, 19, 18], "parentBranch": 14, "mode": "down", "depth": 2}, {"nodes": [19, 22], "parentBranch": 15, "mode": "down", "depth": 3}]}