{"nodes": [0, 1, 2, 3, 4, 5, 6, 7, 8, 9, 10, 11, 12, 13, 14, 15, 16, 17, 18, 19, 20, 21, 22, 23, 24, 25, 26, 27, 28, 29, 30, 31, 32, 33, 34, 35, 36, 37], "edges": [[0, 1], [0, 36], [0, 12], [2, 3], [2, 9], [2, 36], [4, 5], [4, 6], [4, 7], [7, 8], [7, 36], [10, 11], [10, 33], [10, 28], [12, 13], [12, 33], [14, 15], [15, 22], [15, 37], [16, 17], [17, 31], [17, 37], [18, 19], [19, 20], [19, 22], [21, 22], [23, 24], [24, 37], [24, 30], [25, 26], [26, 30], [26, 35], [27, 28], [28, 35], [29, 30], [32, 33], [34, 35]], "heights": {"0": 0.392916, "1": 0.758333, "2": 0.494068, "3": 0.690968, "4": 0.567785, "5": 0.588673, "6": 0.585091, "7": 0.53615, "8": 0.579037, "9": 0.514184, "10": 0.181468, "11": 0.340388, "12": 0.203943, "13": 0.338296, "14": 0.0, "15": 0.049994, "16": 0.000347, "17": 0.041568, "18": 0.000555, "19": 0.032052, "20": 0.005497, "21": 0.005922, "22": 0.032401, "23": 0.006782, "24": 0.055887, "25": 0.011241, "26": 0.062038, "27": 0.019986, "28": 0.162312, "29": 0.022049, "30": 0.056966, "31": 0.025338, "32": 0.028956, "33": 0.189686, "34": 0.051508, "35": 0.088124, "36": 0.472383, "37": 0.050045}, "types": {"0": 1, "1": 2, "2": 1, "3": 2, "4": 1, "5": 2, "6": 2, "7": 1, "8": 2, "9": 2, "10": 1, "11": 2, "12": 1, "13": 2, "14": 0, "15": 1, "16": 0, "17": 1, "18": 0, "19": 1, "20": 0, "21": 0, "22": 1, "23": 0, "24": 1, "25": 0, "26": 1, "27": 0, "28": 1, "29": 0, "30": 1, "31": 0, "32": 0, "33": 1, "34": 0, "35": 1, "36": 1, "37": 1}, "xs": {"0": 59.0, "1": 58.0, "2": 62.0, "3": 62.0, "4": 62.0, "5": 63.0, "6": 62.0, "7": 61.0, "8": 62.0, "9": 62.0, "10": 61.0, "11": 58.0, "12": 64.0, "13": 67.0, "14": 63.0, "15": 81.0, "16": 7.0, "17": 49.0, "18": 100.0, "19": 83.0, "20": 71.0, "21": 71.0, "22": 81.0, "23": 67.0, "24": 68.0, "25": 53.0, "26": 46.0, "27": 70.0, "28": 74.0, "29": 68.0, "30": 69.0, "31": 57.0, "32": 48.0, "33": 44.0, "34": 59.0, "35": 55.0, "36": 64.0, "37": 35.0}, "ys": {"0": 138.0, "1": 154.0, "2": 118.0, "3": 126.0, "4": 106.0, "5": 107.0, "6": 105.0, "7": 103.0, "8": 93.0, "9": 116.0, "10": 53.0, "11": 51.0, "12": 54.0, "13": 51.0, "14": 37.0, "15": 0.0, "16": 147.0, "17": 89.0, "18": 152.0, "19": 108.0, "20": 108.0, "21": 127.0, "22": 127.0, "23": 107.0, "24": 108.0, "25": 127.0, "26": 126.0, "27": 156.0, "28": 153.0, "29": 127.0, "30": 127.0, "31": 97.0, "32": 150.0, "33": 153.0, "34": 115.0, "35": 114.0, "36": 114.0, "37": 0.0}, "zs": {"0": 0.0, "1": 0.0, "2": 0.0, "3": 0.0, "4": 0.0, "5": 0.0, "6": 0.0, "7": 0.0, "8": 0.0, "9": 0.0, "10": 0.0, "11": 0.0, "12": 0.0, "13": 0.0, "14": 0.0, "15": 0.0, "16": 0.0, "17": 0.0, "18": 0.0, "19": 0.0, "20": 0.0, "21": 0.0, "22": 0.0, "23": 0.0, "24": 0.0, "25": 0.0, "26": 0.0, "27": 0.0, "28": 0.0, "29": 0.0, "30": 0.0, "31": 0.0, "32": 0.0, "33": 0.0, "34": 0.0, "35": 0.0, "36": 0.0, "37": 0.0}, "vizPos": {"0": [0.5, 0.392916], "1": [0.5, 0.758333], "2": [0.03846153846153849, 0.494068], "3": [0.03846153846153849, 0.690968], "4": [0.019230769230769218, 0.567785], "5": [0.019230769230769218, 0.588673], "6": [0.009615384615384692, 0.585091], "7": [0.0, 0.53615], "8": [0.0, 0.579037], "9": [0.07692307692307698, 0.514184], "10": [0.5, 0.181468], "11": [0.8076923076923077, 0.340388], "12": [0.5, 0.203943], "13": [0.8846153846153846, 0.338296], "14": [0.5, 0.0], "15": [0.5, 0.049994], "16": [0.4230769230769231, 0.000347], "17": [0.4230769230769231, 0.041568], "18": [0.5384615384615384, 0.000555], "19": [0.5384615384615384, 0.032052], "20": [0.5576923076923077, 0.005497], "21": [0.5769230769230769, 0.005922], "22": [0.5769230769230769, 0.032401], "23": [0.34615384615384615, 0.006782], "24": [0.5, 0.055887], "25": [0.2692307692307693, 0.011241], "26": [0.5, 0.062038], "27": [0.19230769230769235, 0.019986], "28": [0.5, 0.162312], "29": [0.6538461538461539, 0.022049], "30": [0.5, 0.056966], "31": [0.38461538461538464, 0.025338], "32": [0.11538461538461547, 0.028956], "33": [0.5, 0.189686], "34": [0.7307692307692307, 0.051508], "35": [0.5, 0.088124], "36": [0.03846153846153849, 0.472383], "37": [0.5, 0.050045]}, "vizEdgeSegments": [[[0.5, 0.0], [0.5, 0.0], [0.5, 0.758333]], [[0.5, 0.392916], [0.03846153846153849, 0.392916], [0.03846153846153849, 0.690968]], [[0.03846153846153849, 0.494068], [0.07692307692307698, 0.494068], [0.07692307692307698, 0.514184]], [[0.03846153846153849, 0.472383], [0.0, 0.472383], [0.0, 0.579037]], [[0.0, 0.53615], [0.019230769230769218, 0.53615], [0.019230769230769218, 0.588673]], [[0.019230769230769218, 0.567785], [0.009615384615384692, 0.567785], [0.009615384615384692, 0.585091]], [[0.5, 0.203943], [0.8846153846153846, 0.203943], [0.8846153846153846, 0.338296]], [[0.5, 0.189686], [0.11538461538461547, 0.189686], [0.11538461538461547, 0.028956]], [[0.5, 0.181468], [0.8076923076923077, 0.181468], [0.8076923076923077, 0.340388]], [[0.5, 0.162312], [0.19230769230769235, 0.162312], [0.19230769230769235, 0.019986]], [[0.5, 0.088124], [0.7307692307692307, 0.088124], [0.7307692307692307, 0.051508]], [[0.5, 0.062038], [0.2692307692307693, 0.062038], [0.2692307692307693, 0.011241]], [[0.5, 0.056966], [0.6538461538461539, 0.056966], [0.6538461538461539, 0.022049]], [[0.5, 0.055887], [0.34615384615384615, 0.055887], [0.34615384615384615, 0.006782]], [[0.5, 0.050045], [0.4230769230769231, 0.050045], [0.4230769230769231, 0.000347]], [[0.4230769230769231, 0.041568], [0.38461538461538464, 0.041568], [0.38461538461538464, 0.025338]], [[0.5, 0.049994], [0.5769230769230769, 0.049994], [0.5769230769230769, 0.005922]], [[0.5769230769230769, 0.032401], [0.5384615384615384, 0.032401], [0.5384615384615384, 0.000555]], [[0.5384615384615384, 0.032052], [0.5576923076923077, 0.032052], [0.5576923076923077, 0.005497]]], "vizSegmentNodeIds": [[14, 15, 37, 24, 30, 26, 35, 28, 10, 33, 12, 0, 1], [0, 36, 2, 3], [2, 9], [36, 7, 8], [7, 4, 5], [4, 6], [12, 13], [33, 32], [10, 11], [28, 27], [35, 34], [26, 25], [30, 29], [24, 23], [37, 17, 16], [17, 31], [15, 22, 21], [22, 19, 18], [19, 20]], "branches": [{"nodes": [14, 15, 37, 24, 30, 26, 35, 28, 10, 33, 12, 0, 1], "parentBranch": -1, "mode": "up", "depth": 0}, {"nodes": [0, 36, 2, 3], "parentBranch": 0, "mode": "up", "depth": 1}, {"nodes": [2, 9], "parentBranch": 1, "mode": "up", "depth": 2}, {"nodes": [36, 7, 8], "parentBranch": 1, "mode": "up", "depth": 2}, {"nodes": [7, 4, 5], "parentBranch": 3, "mode": "up", "depth": 3}, {"nodes": [4, 6], "parentBranch": 4, "mode": "up", "depth": 4}, {"nodes": [12, 13], "parentBranch": 0, "mode": "up", "depth": 1}, {"nodes": [33, 32], "parentBranch": 0, "mode": "down", "depth": 1}, {"nodes": [10, 11], "parentBranch": 0, "mode": "up", "depth": 1}, {"nodes": [28, 27], "parentBranch": 0, "mode": "down", "depth": 1}, {"nodes": [35, 34], "parentBranch": 0, "mode": "down", "depth": 1}, {"nodes": [26, 25], "parentBranch": 0, "mode": "down", "depth": 1}, {"nodes": [30, 29], "parentBranch": 0, "mode": "down", "depth": 1}, {"nodes": [24, 23], "parentBranch": 0, "mode": "down", "depth": 1}, {"nodes": [37, 17, 16], "parentBranch": 0, "mode": "down", "depth": 1}, {"nodes": [17, 31], "parentBranch": 14, "mode": "down", "depth": 2}, {"nodes": [15, 22, 21], "parentBranch": 0, "mode": "down", "depth": 1}, {"nodes": [22, 19, 18], "parentBranch": 16, "mode": "down", "depth": 2}, {"nodes": [19, 20], "parentBranch": 17, "mode": "down", "depth": 3}]}