{"nodes": [0, 1, 2, 3, 4, 5, 6, 7, 8, 9, 10, 11, 12, 13, 14, 15, 16, 17, 18, 19, 20, 21, 22, 23, 24, 25, 26, 27, 28, 29], "edges": [[0, 1], [0, 5], [0, 9], [2, 3], [2, 4], [2, 7], [5, 6], [5, 7], [7, 8], [9, 10], [9, 21], [11, 12], [11, 21], [11, 25], [13, 14], [14, 23], [14, 16], [15, 16], [16, 27], [17, 18], [18, 19], [18, 23], [20, 21], [22, 23], [24, 25], [25, 29], [26, 27], [27, 29], [28, 29]], "heights": {"0": 0.411059, "1": 0.761835, "2": 0.574765, "3": 0.624635, "4": 0.605447, "5": 0.506651, "6": 0.598782, "7": 0.527474, "8": 0.547136, "9": 0.203882, "10": 0.340201, "11": 0.182041, "12": 0.338347, "13": 0.0, "14": 0.050031, "15": 0.000298, "16": 0.050048, "17": 0.000524, "18": 0.033928, "19": 0.005547, "20": 0.007432, "21": 0.192284, "22": 0.008737, "23": 0.034006, "24": 0.015805, "25": 0.155015, "26": 0.016802, "27": 0.051605, "28": 0.065087, "29": 0.090063}, "types": {"0": 1, "1": 2, "2": 1, "3": 2, "4": 2, "5": 1, "6": 2, "7": 1, "8": 2, "9": 1, "10": 2, "11": 1, "12": 2, "13": 0, "14": 1, "15": 0, "16": 1, "17": 0, "18": 1, "19": 0, "20": 0, "21": 1, "22": 0, "23": 1, "24": 0, "25": 1, "26": 0, "27": 1, "28": 0, "29": 1}, "xs": {"0": 66.0, "1": 66.0, "2": 63.0, "3": 63.0, "4": 63.0, "5": 62.0, "6": 63.0, "7": 63.0, "8": 63.0, "9": 64.0, "10": 67.0, "11": 61.0, "12": 58.0, "13": 63.0, "14": 34.0, "15": 117.0, "16": 112.0, "17": 25.0, "18": 44.0, "19": 56.0, "20": 77.0, "21": 81.0, "22": 55.0, "23": 46.0, "24": 55.0, "25": 51.0, "26": 74.0, "27": 82.0, "28": 67.0, "29": 70.0}, "ys": {"0": 138.0, "1": 154.0, "2": 124.0, "3": 128.0, "4": 121.0, "5": 112.0, "6": 104.0, "7": 117.0, "8": 115.0, "9": 54.0, "10": 51.0, "11": 53.0, "12": 51.0, "13": 37.0, "14": 0.0, "15": 148.0, "16": 0.0, "17": 151.0, "18": 105.0, "19": 107.0, "20": 151.0, "21": 153.0, "22": 129.0, "23": 127.0, "24": 156.0, "25": 152.0, "26": 127.0, "27": 125.0, "28": 114.0, "29": 113.0}, "zs": {"0": 0.0, "1": 0.0, "2": 0.0, "3": 0.0, "4": 0.0, "5": 0.0, "6": 0.0, "7": 0.0, "8": 0.0, "9": 0.0, "10": 0.0, "11": 0.0, "12": 0.0, "13": 0.0, "14": 0.0, "15": 0.0, "16": 0.0, "17": 0.0, "18": 0.0, "19": 0.0, "20": 0.0, "21": 0.0, "22": 0.0, "23": 0.0, "24": 0.0, "25": 0.0, "26": 0.0, "27": 0.0, "28": 0.0, "29": 0.0}, "vizPos": {"0": [0.5, 0.411059], "1": [0.5, 0.761835], "2": [0.022727272727272874, 0.574765], "3": [0.022727272727272874, 0.624635], "4": [0.011363636363636409, 0.605447], "5": [0.04545454545454547, 0.506651], "6": [0.04545454545454547, 0.598782], "7": [0.0, 0.527474], "8": [0.0, 0.547136], "9": [0.5, 0.203882], "10": [0.3181818181818182, 0.340201], "11": [0.5, 0.182041], "12": [0.7727272727272727, 0.338347], "13": [0.5, 0.0], "14": [0.5, 0.050031], "15": [0.40909090909090906, 0.000298], "16": [0.5, 0.050048], "17": [0.5454545454545454, 0.000524], "18": [0.5454545454545454, 0.033928], "19": [0.5681818181818181, 0.005547], "20": [0.13636363636363635, 0.007432], "21": [0.5, 0.192284], "22": [0.5909090909090909, 0.008737], "23": [0.5909090909090909, 0.034006], "24": [0.22727272727272724, 0.015805], "25": [0.5, 0.155015], "26": [0.8636363636363636, 0.016802], "27": [0.5, 0.051605], "28": [0.6818181818181819, 0.065087], "29": [0.5, 0.090063]}, "vizEdgeSegments": [[[0.5, 0.0], [0.5, 0.0], [0.5, 0.761835]], [[0.5, 0.411059], [0.04545454545454547, 0.411059], [0.04545454545454547, 0.598782]], [[0.04545454545454547, 0.506651], [0.0, 0.506651], [0.0, 0.547136]], [[0.0, 0.527474], [0.022727272727272874, 0.527474], [0.022727272727272874, 0.624635]], [[0.022727272727272874, 0.574765], [0.011363636363636409, 0.574765], [0.011363636363636409, 0.605447]], [[0.5, 0.203882], [0.3181818181818182, 0.203882], [0.3181818181818182, 0.340201]], [[0.5, 0.192284], [0.13636363636363635, 0.192284], [0.13636363636363635, 0.007432]], [[0.5, 0.182041], [0.7727272727272727, 0.182041], [0.7727272727272727, 0.338347]], [[0.5, 0.155015], [0.22727272727272724, 0.155015], [0.22727272727272724, 0.015805]], [[0.5, 0.090063], [0.6818181818181819, 0.090063], [0.6818181818181819, 0.065087]], [[0.5, 0.051605], [0.8636363636363636, 0.051605], [0.8636363636363636, 0.016802]], [[0.5, 0.050048], [0.40909090909090906, 0.050048], [0.40909090909090906, 0.000298]], [[0.5, 0.050031], [0.5909090909090909, 0.050031], [0.5909090909090909, 0.008737]], [[0.5909090909090909, 0.034006], [0.5454545454545454, 0.034006], [0.5454545454545454, 0.000524]], [[0.5454545454545454, 0.033928], [0.5681818181818181, 0.033928], [0.5681818181818181, 0.005547]]], "vizSegmentNodeIds": [[13, 14, 16, 27, 29, 25, 11, 21, 9, 0, 1], [0, 5, 6], [5, 7, 8], [7, 2, 3], [2, 4], [9, 10], [21, 20], [11, 12], [25, 24], [29, 28], [27, 26], [16, 15], [14, 23, 22], [23, 18, 17], [18, 19]], "branches": [{"nodes": [13, 14, 16, 27, 29, 25, 11, 21, 9, 0, 1], "parentBranch": -1, "mode": "up", "depth": 0}, {"nodes": [0, 5, 6], "parentBranch": 0, "mode": "up", "depth": 1}, {"nodes": [5, 7, 8], "parentBranch": 1, "mode": "up", "depth": 2}, {"nodes": [7, 2, 3], "parentBranch": 2, "mode": "up", "depth": 3}, {"nodes": [2, 4], "parentBranch": 3, "mode": "up", "depth": 4}, {"nodes": [9, 10], "parentBranch": 0, "mode": "up", "depth": 1}, {"nodes": [21, 20], "parentBranch": 0, "mode": "down", "depth": 1}, {"nodes": [11, 12], "parentBranch": 0, "mode": "up", "depth": 1}, {"nodes": [25, 24], "parentBranch": 0, "mode": "down", "depth": 1}, {"nodes": [29, 28], "parentBranch": 0, "mode": "down", "depth": 1}, {"nodes": [27, 26], "parentBranch": 0, "mode": "down", "depth": 1}, {"nodes": [16, 15], "parentBranch": 0, "mode": "down", "depth": 1}, {"nodes": [14, 23, 22], "parentBranch": 0, "mode": "down", "depth": 1}, {"nodes": [23, 18, 17], "parentBranch": 12, "mode": "down", "depth": 2}, {"nodes": [18, 19], "parentBranch": 13, "mode": "down", "depth": 3}]}