{"nodes": [0, 1, 2, 3, 4, 5, 6, 7, 8, 9, 10, 11, 12, 13, 14, 15, 16, 17, 18, 19, 20, 21, 22, 23, 24, 25, 26, 27, 28, 29, 30, 31], "edges": [[0, 1], [0, 2], [0, 9], [2, 3], [2, 7], [4, 5], [4, 6], [4, 7], [7, 8], [9, 10], [9, 29], [11, 12], [11, 29], [11, 27], [13, 14], [14, 21], [14, 16], [15, 16], [16, 25], [17, 18], [18, 19], [18, 21], [20, 21], [22, 23], [23, 25], [23, 31], [24, 25], [26, 27], [27, 31], [28, 29], [30, 31]], "heights": {"0": 0.411536, "1": 0.759507, "2": 0.479753, "3": 0.685873, "4": 0.568995, "5": 0.605667, "6": 0.595858, "7": 0.545444, "8": 0.572953, "9": 0.203959, "10": 0.34046, "11": 0.181936, "12": 0.338111, "13": 0.0, "14": 0.050036, "15": 2.3e-05, "16": 0.050053, "17": 0.000796, "18": 0.031269, "19": 0.00205, "20": 0.007984, "21": 0.035159, "22": 0.011612, "23": 0.059017, "24": 0.016155, "25": 0.055915, "26": 0.027979, "27": 0.154381, "28": 0.029273, "29": 0.190945, "30": 0.032417, "31": 0.06547}, "types": {"0": 1, "1": 2, "2": 1, "3": 2, "4": 1, "5": 2, "6": 2, "7": 1, "8": 2, "9": 1, "10": 2, "11": 1, "12": 2, "13": 0, "14": 1, "15": 0, "16": 1, "17": 0, "18": 1, "19": 0, "20": 0, "21": 1, "22": 0, "23": 1, "24": 0, "25": 1, "26": 0, "27": 1, "28": 0, "29": 1, "30": 0, "31": 1}, "xs": {"0": 66.0, "1": 66.0, "2": 61.0, "3": 64.0, "4": 62.0, "5": 63.0, "6": 62.0, "7": 64.0, "8": 63.0, "9": 64.0, "10": 67.0, "11": 61.0, "12": 58.0, "13": 63.0, "14": 30.0, "15": 120.0, "16": 105.0, "17": 25.0, "18": 42.0, "19": 54.0, "20": 55.0, "21": 47.0, "22": 73.0, "23": 81.0, "24": 58.0, "25": 57.0, "26": 55.0, "27": 51.0, "28": 78.0, "29": 81.0, "30": 70.0, "31": 71.0}, "ys": {"0": 138.0, "1": 153.0, "2": 117.0, "3": 126.0, "4": 108.0, "5": 107.0, "6": 109.0, "7": 98.0, "8": 93.0, "9": 54.0, "10": 51.0, "11": 53.0, "12": 51.0, "13": 37.0, "14": 0.0, "15": 148.0, "16": 0.0, "17": 151.0, "18": 110.0, "19": 110.0, "20": 129.0, "21": 127.0, "22": 127.0, "23": 126.0, "24": 109.0, "25": 110.0, "26": 155.0, "27": 153.0, "28": 151.0, "29": 151.0, "30": 126.0, "31": 127.0}, "zs": {"0": 0.0, "1": 0.0, "2": 0.0, "3": 0.0, "4": 0.0, "5": 0.0, "6": 0.0, "7": 0.0, "8": 0.0, "9": 0.0, "10": 0.0, "11": 0.0, "12": 0.0, "13": 0.0, "14": 0.0, "15": 0.0, "16": 0.0, "17": 0.0, "18": 0.0, "19": 0.0, "20": 0.0, "21": 0.0, "22": 0.0, "23": 0.0, "24": 0.0, "25": 0.0, "26": 0.0, "27": 0.0, "28": 0.0, "29": 0.0, "30": 0.0, "31": 0.0}, "vizPos": {"0": [0.5, 0.411536], "1": [0.5, 0.759507], "2": [0.04545454545454547, 0.479753], "3": [0.04545454545454547, 0.685873], "4": [0.022727272727272874, 0.568995], "5": [0.022727272727272874, 0.605667], "6": [0.011363636363636409, 0.595858], "7": [0.0, 0.545444], "8": [0.0, 0.572953], "9": [0.5, 0.203959], "10": [0.9545454545454546, 0.34046], "11": [0.5, 0.181936], "12": [0.13636363636363635, 0.338111], "13": [0.5, 0.0], "14": [0.5, 0.050036], "15": [0.40909090909090906, 2.3e-05], "16": [0.5, 0.050053], "17": [0.5454545454545454, 0.000796], "18": [0.5454545454545454, 0.031269], "19": [0.5681818181818181, 0.00205], "20": [0.5909090909090909, 0.007984], "21": [0.5909090909090909, 0.035159], "22": [0.6818181818181819, 0.011612], "23": [0.5, 0.059017], "24": [0.3181818181818182, 0.016155], "25": [0.5, 0.055915], "26": [0.7727272727272727, 0.027979], "27": [0.5, 0.154381], "28": [0.8636363636363636, 0.029273], "29": [0.5, 0.190945], "30": [0.22727272727272724, 0.032417], "31": [0.5, 0.06547]}, "vizEdgeSegments": [[[0.5, 0.0], [0.5, 0.0], [0.5, 0.759507]], [[0.5, 0.411536], [0.04545454545454547, 0.411536], [0.04545454545454547, 0.685873]], [[0.04545454545454547, 0.479753], [0.0, 0.479753], [0.0, 0.572953]], [[0.0, 0.545444], [0.022727272727272874, 0.545444], [0.022727272727272874, 0.605667]], [[0.022727272727272874, 0.568995], [0.011363636363636409, 0.568995], [0.011363636363636409, 0.595858]], [[0.5, 0.203959], [0.9545454545454546, 0.203959], [0.9545454545454546, 0.34046]], [[0.5, 0.190945], [0.8636363636363636, 0.190945], [0.8636363636363636, 0.029273]], [[0.5, 0.181936], [0.13636363636363635, 0.181936], [0.13636363636363635, 0.338111]], [[0.5, 0.154381], [0.7727272727272727, 0.154381], [0.7727272727272727, 0.027979]], [[0.5, 0.06547], [0.22727272727272724, 0.06547], [0.22727272727272724, 0.032417]], [[0.5, 0.059017], [0.6818181818181819, 0.059017], [0.6818181818181819, 0.011612]], [[0.5, 0.055915], [0.3181818181818182, 0.055915], [0.3181818181818182, 0.016155]], [[0.5, 0.050053], [0.40909090909090906, 0.050053], [0.40909090909090906, 2.3e-05]], [[0.5, 0.050036], [0.5909090909090909, 0.050036], [0.5909090909090909, 0.007984]], [[0.5909090909090909, 0.035159], [0.5454545454545454, 0.035159], [0.5454545454545454, 0.000796]], [[0.5454545454545454, 0.031269], [0.5681818181818181, 0.031269], [0.5681818181818181, 0.00205]]], "vizSegmentNodeIds": [[13, 14, 16, 25, 23, 31, 27, 11, 29, 9, 0, 1], [0, 2, 3], [2, 7, 8], [7, 4, 5], [4, 6], [9, 10], [29, 28], [11, 12], [27, 26], [31, 30], [23, 22], [25, 24], [16, 15], [14, 21, 20], [21, 18, 17], [18, 19]], "branches": [{"nodes": [13, 14, 16, 25, 23, 31, 27, 11, 29, 9, 0, 1], "parentBranch": -1, "mode": "up", "depth": 0}, {"nodes": [0, 2, 3], "parentBranch": 0, "mode": "up", "depth": 1}, {"nodes": [2, 7, 8], "parentBranch": 1, "mode": "up", "depth": 2}, {"nodes": [7, 4, 5], "parentBranch": 2, "mode": "up", "depth": 3}, {"nodes": [4, 6], "parentBranch": 3, "mode": "up", "depth": 4}, {"nodes": [9, 10], "parentBranch": 0, "mode": "up", "depth": 1}, {"nodes": [29, 28], "parentBranch": 0, "mode": "down", "depth": 1}, {"nodes": [11, 12], "parentBranch": 0, "mode": "up", "depth": 1}, {"nodes": [27, 26], "parentBranch": 0, "mode": "down", "depth": 1}, {"nodes": [31, 30], "parentBranch": 0, "mode": "down", "depth": 1}, {"nodes": [23, 22], "parentBranch": 0, "mode": "down", "depth": 1}, {"nodes": [25, 24], "parentBranch": 0, "mode": "down", "depth": 1}, {"nodes": [16, 15], "parentBranch": 0, "mode": "down", "depth": 1}, {"nodes": [14, 21, 20], "parentBranch": 0, "mode": "down", "depth": 1}, {"nodes": [21, 18, 17], "parentBranch": 13, "mode": "down", "depth": 2}, {"nodes": [18, 19], "parentBranch": 14, "mode": "down", "depth": 3}]}