{"nodes": [0, 1, 2, 3, 4, 5, 6, 7, 8, 9, 10, 11, 12, 13, 14, 15, 16, 17, 18, 19, 20, 21, 22, 23, 24, 25, 26, 27, 28, 29, 30, 31], "edges": [[0, 1], [0, 2], [0, 9], [2, 3], [2, 7], [4, 5], [4, 6], [4, 7], [7, 8], [9, 10], [9, 24], [11, 12], [11, 24], [11, 26], [13, 14], [14, 20], [14, 31], [15, 16], [16, 22], [16, 31], [17, 18], [18, 21], [18, 20], [19, 20], [23, 24], [25, 26], [26, 30], [27, 28], [28, 31], [28, 30], [29, 30]], "heights": {"0": 0.384844, "1": 0.76215, "2": 0.517418, "3": 0.652975, "4": 0.559185, "5": 0.601292, "6": 0.586741, "7": 0.554048, "8": 0.572989, "9": 0.20398, "10": 0.340527, "11": 0.181639, "12": 0.338028, "13": 0.0, "14": 0.050005, "15": 8.6e-05, "16": 0.049785, "17": 0.000341, "18": 0.029671, "19": 0.004768, "20": 0.033448, "21": 0.006192, "22": 0.017323, "23": 0.0339, "24": 0.189227, "25": 0.034479, "26": 0.152943, "27": 0.03507, "28": 0.06012, "29": 0.087441, "30": 0.110476, "31": 0.050071}, "types": {"0": 1, "1": 2, "2": 1, "3": 2, "4": 1, "5": 2, "6": 2, "7": 1, "8": 2, "9": 1, "10": 2, "11": 1, "12": 2, "13": 0, "14": 1, "15": 0, "16": 1, "17": 0, "18": 1, "19": 0, "20": 1, "21": 0, "22": 0, "23": 0, "24": 1, "25": 0, "26": 1, "27": 0, "28": 1, "29": 0, "30": 1, "31": 1}, "xs": {"0": 66.0, "1": 66.0, "2": 62.0, "3": 63.0, "4": 62.0, "5": 63.0, "6": 62.0, "7": 63.0, "8": 63.0, "9": 64.0, "10": 67.0, "11": 61.0, "12": 58.0, "13": 63.0, "14": 31.0, "15": 119.0, "16": 83.0, "17": 26.0, "18": 44.0, "19": 56.0, "20": 46.0, "21": 54.0, "22": 75.0, "23": 78.0, "24": 81.0, "25": 55.0, "26": 52.0, "27": 71.0, "28": 72.0, "29": 66.0, "30": 68.0, "31": 79.0}, "ys": {"0": 138.0, "1": 153.0, "2": 112.0, "3": 126.0, "4": 106.0, "5": 105.0, "6": 107.0, "7": 99.0, "8": 93.0, "9": 54.0, "10": 51.0, "11": 53.0, "12": 51.0, "13": 37.0, "14": 0.0, "15": 147.0, "16": 125.0, "17": 151.0, "18": 126.0, "19": 107.0, "20": 106.0, "21": 127.0, "22": 126.0, "23": 151.0, "24": 151.0, "25": 155.0, "26": 153.0, "27": 125.0, "28": 126.0, "29": 114.0, "30": 113.0, "31": 0.0}, "zs": {"0": 0.0, "1": 0.0, "2": 0.0, "3": 0.0, "4": 0.0, "5": 0.0, "6": 0.0, "7": 0.0, "8": 0.0, "9": 0.0, "10": 0.0, "11": 0.0, "12": 0.0, "13": 0.0, "14": 0.0, "15": 0.0, "16": 0.0, "17": 0.0, "18": 0.0, "19": 0.0, "20": 0.0, "21": 0.0, "22": 0.0, "23": 0.0, "24": 0.0, "25": 0.0, "26": 0.0, "27": 0.0, "28": 0.0, "29": 0.0, "30": 0.0, "31": 0.0}, "vizPos": {"0": [0.5, 0.384844], "1": [0.5, 0.76215], "2": [0.04545454545454547, 0.517418], "3": [0.04545454545454547, 0.652975], "4": [0.022727272727272874, 0.559185], "5": [0.022727272727272874, 0.601292], "6": [0.011363636363636409, 0.586741], "7": [0.0, 0.554048], "8": [0.0, 0.572989], "9": [0.5, 0.20398], "10": [0.3181818181818182, 0.340527], "11": [0.5, 0.181639], "12": [0.7727272727272727, 0.338028], "13": [0.5, 0.0], "14": [0.5, 0.050005], "15": [0.40909090909090906, 8.6e-05], "16": [0.40909090909090906, 0.049785], "17": [0.5454545454545454, 0.000341], "18": [0.5454545454545454, 0.029671], "19": [0.5909090909090909, 0.004768], "20": [0.5909090909090909, 0.033448], "21": [0.5681818181818181, 0.006192], "22": [0.36363636363636365, 0.017323], "23": [0.13636363636363635, 0.0339], "24": [0.5, 0.189227], "25": [0.22727272727272724, 0.034479], "26": [0.5, 0.152943], "27": [0.8636363636363636, 0.03507], "28": [0.5, 0.06012], "29": [0.6818181818181819, 0.087441], "30": [0.5, 0.110476], "31": [0.5, 0.050071]}, "vizEdgeSegments": [[[0.5, 0.0], [0.5, 0.0], [0.5, 0.76215]], [[0.5, 0.384844], [0.04545454545454547, 0.384844], [0.04545454545454547, 0.652975]], [[0.04545454545454547, 0.517418], [0.0, 0.517418], [0.0, 0.572989]], [[0.0, 0.554048], [0.022727272727272874, 0.554048], [0.022727272727272874, 0.601292]], [[0.022727272727272874, 0.559185], [0.011363636363636409, 0.559185], [0.011363636363636409, 0.586741]], [[0.5, 0.20398], [0.3181818181818182, 0.20398], [0.3181818181818182, 0.340527]], [[0.5, 0.189227], [0.13636363636363635, 0.189227], [0.13636363636363635, 0.0339]], [[0.5, 0.181639], [0.7727272727272727, 0.181639], [0.7727272727272727, 0.338028]], [[0.5, 0.152943], [0.22727272727272724, 0.152943], [0.22727272727272724, 0.034479]], [[0.5, 0.110476], [0.6818181818181819, 0.110476], [0.6818181818181819, 0.087441]], [[0.5, 0.06012], [0.8636363636363636, 0.06012], [0.8636363636363636, 0.03507]], [[0.5, 0.050071], [0.40909090909090906, 0.050071], [0.40909090909090906, 8.6e-05]], [[0.40909090909090906, 0.049785], [0.36363636363636365, 0.049785], [0.36363636363636365, 0.017323]], [[0.5, 0.050005], [0.5909090909090909, 0.050005], [0.5909090909090909, 0.004768]], [[0.5909090909090909, 0.033448], [0.5454545454545454, 0.033448], [0.5454545454545454, 0.000341]], [[0.5454545454545454, 0.029671], [0.5681818181818181, 0.029671], [0.5681818181818181, 0.006192]]], "vizSegmentNodeIds": [[13, 14, 31, 28, 30, 26, 11, 24, 9, 0, 1], [0, 2, 3], [2, 7, 8], [7, 4, 5], [4, 6], [9, 10], [24, 23], [11, 12], [26, 25], [30, 29], [28, 27], [31, 16, 15], [16, 22], [14, 20, 19], [20, 18, 17], [18, 21]], "branches": [{"nodes": [13, 14, 31, 28, 30, 26, 11, 24, 9, 0, 1], "parentBranch": -1, "mode": "up", "depth": 0}, {"nodes": [0, 2, 3], "parentBranch": 0, "mode": "up", "depth": 1}, {"nodes": [2, 7, 8], "parentBranch": 1, "mode": "up", "depth": 2}, {"nodes": [7, 4, 5], "parentBranch": 2, "mode": "up", "depth": 3}, {"nodes": [4, 6], "parentBranch": 3, "mode": "up", "depth": 4}, {"nodes": [9, 10], "parentBranch": 0, "mode": "up", "depth": 1}, {"nodes": [24, 23], "parentBranch": 0, "mode": "down", "depth": 1}, {"nodes": [11, 12], "parentBranch": 0, "mode": "up", "depth": 1}, {"nodes": [26, 25], "parentBranch": 0, "mode": "down", "depth": 1}, {"nodes": [30, 29], "parentBranch": 0, "mode": "down", "depth": 1}, {"nodes": [28, 27], "parentBranch": 0, "mode": "down", "depth": 1}, {"nodes": [31, 16, 15], "parentBranch": 0, "mode": "down", "depth": 1}, {"nodes": [16, 22], "parentBranch": 11, "mode": "down", "depth": 2}, {"nodes": [14, 20, 19], "parentBranch": 0, "mode": "down", "depth": 1}, {"nodes": [20, 18, 17], "parentBranch": 13, "mode": "down", "depth": 2}, {"nodes": [18, 21], "parentBranch": 14, "mode": "down", "depth": 3}]}