{"nodes": [0, 1, 2, 3, 4, 5, 6, 7, 8, 9, 10, 11, 12, 13, 14, 15, 16, 17, 18, 19, 20, 21, 22, 23, 24, 25, 26, 27, 28, 29, 30, 31], "edges": [[0, 1], [0, 2], [0, 11], [2, 3], [2, 6], [4, 5], [4, 8], [4, 6], [6, 7], [9, 10], [9, 27], [9, 25], [11, 12], [11, 27], [13, 14], [14, 20], [14, 16], [15, 16], [16, 31], [17, 18], [18, 23], [18, 20], [19, 20], [21, 22], [22, 31], [22, 29], [24, 25], [25, 29], [26, 27], [28, 29], [30, 31]], "heights": {"0": 0.372442, "1": 0.739677, "2": 0.484296, "3": 0.644854, "4": 0.564792, "5": 0.612361, "6": 0.561307, "7": 0.591052, "8": 0.585076, "9": 0.180772, "10": 0.340029, "11": 0.204152, "12": 0.33852, "13": 0.0, "14": 0.050009, "15": 0.000201, "16": 0.050064, "17": 0.000573, "18": 0.027179, "19": 0.004871, "20": 0.02855, "21": 0.00963, "22": 0.059891, "23": 0.010476, "24": 0.026878, "25": 0.157504, "26": 0.027622, "27": 0.192539, "28": 0.0291, "29": 0.060789, "30": 0.032731, "31": 0.058779}, "types": {"0": 1, "1": 2, "2": 1, "3": 2, "4": 1, "5": 2, "6": 1, "7": 2, "8": 2, "9": 1, "10": 2, "11": 1, "12": 2, "13": 0, "14": 1, "15": 0, "16": 1, "17": 0, "18": 1, "19": 0, "20": 1, "21": 0, "22": 1, "23": 0, "24": 0, "25": 1, "26": 0, "27": 1, "28": 0, "29": 1, "30": 0, "31": 1}, "xs": {"0": 60.0, "1": 58.0, "2": 65.0, "3": 61.0, "4": 62.0, "5": 62.0, "6": 64.0, "7": 64.0, "8": 62.0, "9": 61.0, "10": 58.0, "11": 64.0, "12": 67.0, "13": 63.0, "14": 83.0, "15": 4.0, "16": 48.0, "17": 99.0, "18": 82.0, "19": 71.0, "20": 80.0, "21": 52.0, "22": 45.0, "23": 72.0, "24": 70.0, "25": 73.0, "26": 47.0, "27": 43.0, "28": 55.0, "29": 54.0, "30": 68.0, "31": 69.0}, "ys": {"0": 136.0, "1": 152.0, "2": 117.0, "3": 125.0, "4": 102.0, "5": 109.0, "6": 112.0, "7": 113.0, "8": 95.0, "9": 53.0, "10": 51.0, "11": 54.0, "12": 51.0, "13": 37.0, "14": 0.0, "15": 146.0, "16": 0.0, "17": 150.0, "18": 124.0, "19": 114.0, "20": 116.0, "21": 126.0, "22": 125.0, "23": 127.0, "24": 155.0, "25": 151.0, "26": 149.0, "27": 149.0, "28": 125.0, "29": 126.0, "30": 113.0, "31": 113.0}, "zs": {"0": 0.0, "1": 0.0, "2": 0.0, "3": 0.0, "4": 0.0, "5": 0.0, "6": 0.0, "7": 0.0, "8": 0.0, "9": 0.0, "10": 0.0, "11": 0.0, "12": 0.0, "13": 0.0, "14": 0.0, "15": 0.0, "16": 0.0, "17": 0.0, "18": 0.0, "19": 0.0, "20": 0.0, "21": 0.0, "22": 0.0, "23": 0.0, "24": 0.0, "25": 0.0, "26": 0.0, "27": 0.0, "28": 0.0, "29": 0.0, "30": 0.0, "31": 0.0}, "vizPos": {"0": [0.5, 0.372442], "1": [0.5, 0.739677], "2": [0.04545454545454547, 0.484296], "3": [0.04545454545454547, 0.644854], "4": [0.022727272727272874, 0.564792], "5": [0.022727272727272874, 0.612361], "6": [0.0, 0.561307], "7": [0.0, 0.591052], "8": [0.011363636363636409, 0.585076], "9": [0.5, 0.180772], "10": [0.13636363636363635, 0.340029], "11": [0.5, 0.204152], "12": [0.9545454545454546, 0.33852], "13": [0.5, 0.0], "14": [0.5, 0.050009], "15": [0.5909090909090909, 0.000201], "16": [0.5, 0.050064], "17": [0.36363636363636365, 0.000573], "18": [0.36363636363636365, 0.027179], "19": [0.40909090909090906, 0.004871], "20": [0.40909090909090906, 0.02855], "21": [0.6818181818181819, 0.00963], "22": [0.5, 0.059891], "23": [0.38636363636363635, 0.010476], "24": [0.7727272727272727, 0.026878], "25": [0.5, 0.157504], "26": [0.8636363636363636, 0.027622], "27": [0.5, 0.192539], "28": [0.22727272727272724, 0.0291], "29": [0.5, 0.060789], "30": [0.3181818181818182, 0.032731], "31": [0.5, 0.058779]}, "vizEdgeSegments": [[[0.5, 0.0], [0.5, 0.0], [0.5, 0.739677]], [[0.5, 0.372442], [0.04545454545454547, 0.372442], [0.04545454545454547, 0.644854]], [[0.04545454545454547, 0.484296], [0.0, 0.484296], [0.0, 0.591052]], [[0.0, 0.561307], [0.022727272727272874, 0.561307], [0.022727272727272874, 0.612361]], [[0.022727272727272874, 0.564792], [0.011363636363636409, 0.564792], [0.011363636363636409, 0.585076]], [[0.5, 0.204152], [0.9545454545454546, 0.204152], [0.9545454545454546, 0.33852]], [[0.5, 0.192539], [0.8636363636363636, 0.192539], [0.8636363636363636, 0.027622]], [[0.5, 0.180772], [0.13636363636363635, 0.180772], [0.13636363636363635, 0.340029]], [[0.5, 0.157504], [0.7727272727272727, 0.157504], [0.7727272727272727, 0.026878]], [[0.5, 0.060789], [0.22727272727272724, 0.060789], [0.22727272727272724, 0.0291]], [[0.5, 0.059891], [0.6818181818181819, 0.059891], [0.6818181818181819, 0.00963]], [[0.5, 0.058779], [0.3181818181818182, 0.058779], [0.3181818181818182, 0.032731]], [[0.5, 0.050064], [0.5909090909090909, 0.050064], [0.5909090909090909, 0.000201]], [[0.5, 0.050009], [0.40909090909090906, 0.050009], [0.40909090909090906, 0.004871]], [[0.40909090909090906, 0.02855], [0.36363636363636365, 0.02855], [0.36363636363636365, 0.000573]], [[0.36363636363636365, 0.027179], [0.38636363636363635, 0.027179], [0.38636363636363635, 0.010476]]], "vizSegmentNodeIds": [[13, 14, 16, 31, 22, 29, 25, 9, 27, 11, 0, 1], [0, 2, 3], [2, 6, 7], [6, 4, 5], [4, 8], [11, 12], [27, 26], [9, 10], [25, 24], [29, 28], [22, 21], [31, 30], [16, 15], [14, 20, 19], [20, 18, 17], [18, 23]], "branches": [{"nodes": [13, 14, 16, 31, 22, 29, 25, 9, 27, 11, 0, 1], "parentBranch": -1, "mode": "up", "depth": 0}, {"nodes": [0, 2, 3], "parentBranch": 0, "mode": "up", "depth": 1}, {"nodes": [2, 6, 7], "parentBranch": 1, "mode": "up", "depth": 2}, {"nodes": [6, 4, 5], "parentBranch": 2, "mode": "up", "depth": 3}, {"nodes": [4, 8], "parentBranch": 3, "mode": "up", "depth": 4}, {"nodes": [11, 12], "parentBranch": 0, "mode": "up", "depth": 1}, {"nodes": [27, 26], "parentBranch": 0, "mode": "down", "depth": 1}, {"nodes": [9, 10], "parentBranch": 0, "mode": "up", "depth": 1}, {"nodes": [25, 24], "parentBranch": 0, "mode": "down", "depth": 1}, {"nodes": [29, 28], "parentBranch": 0, "mode": "down", "depth": 1}, {"nodes": [22, 21], "parentBranch": 0, "mode": "down", "depth": 1}, {"nodes": [31, 30], "parentBranch": 0, "mode": "down", "depth": 1}, {"nodes": [16, 15], "parentBranch": 0, "mode": "down", "depth": 1}, {"nodes": [14, 20, 19], "parentBranch": 0, "mode": "down", "depth": 1}, {"nodes": [20, 18, 17], "parentBranch": 13, "mode": "down", "depth": 2}, {"nodes": [18, 23], "parentBranch": 14, "mode": "down", "depth": 3}]}