{"nodes": [0, 1, 2, 3, 4, 5, 6, 7, 8, 9, 10, 11, 12, 13, 14, 15, 16, 17, 18, 19, 20, 21, 22, 23, 24, 25, 26, 27, 28, 29, 30, 31, 32, 33], "edges": [[0, 1], [0, 33], [0, 10], [2, 3], [2, 7], [2, 33], [4, 5], [4, 6], [4, 33], [8, 9], [8, 22], [8, 24], [10, 11], [10, 22], [12, 13], [13, 19], [13, 15], [14, 15], [15, 28], [16, 17], [17, 20], [17, 19], [18, 19], [21, 22], [23, 24], [24, 30], [25, 26], [26, 28], [26, 32], [27, 28], [29, 30], [30, 32], [31, 32]], "heights": {"0": 0.368006, "1": 0.762679, "2": 0.494061, "3": 0.700926, "4": 0.562904, "5": 0.606624, "6": 0.594839, "7": 0.528055, "8": 0.181534, "9": 0.340501, "10": 0.203918, "11": 0.338303, "12": 0.0, "13": 0.049994, "14": 9.9e-05, "15": 0.050079, "16": 0.000506, "17": 0.024908, "18": 0.005472, "19": 0.031239, "20": 0.008474, "21": 0.01317, "22": 0.193016, "23": 0.014089, "24": 0.161158, "25": 0.020931, "26": 0.077335, "27": 0.033953, "28": 0.051733, "29": 0.036767, "30": 0.090082, "31": 0.066441, "32": 0.08617, "33": 0.480405}, "types": {"0": 1, "1": 2, "2": 1, "3": 2, "4": 1, "5": 2, "6": 2, "7": 2, "8": 1, "9": 2, "10": 1, "11": 2, "12": 0, "13": 1, "14": 0, "15": 1, "16": 0, "17": 1, "18": 0, "19": 1, "20": 0, "21": 0, "22": 1, "23": 0, "24": 1, "25": 0, "26": 1, "27": 0, "28": 1, "29": 0, "30": 1, "31": 0, "32": 1, "33": 1}, "xs": {"0": 60.0, "1": 57.0, "2": 62.0, "3": 61.0, "4": 63.0, "5": 62.0, "6": 63.0, "7": 62.0, "8": 61.0, "9": 58.0, "10": 64.0, "11": 67.0, "12": 63.0, "13": 75.0, "14": 0.0, "15": 41.0, "16": 98.0, "17": 84.0, "18": 71.0, "19": 80.0, "20": 75.0, "21": 47.0, "22": 43.0, "23": 69.0, "24": 73.0, "25": 56.0, "26": 50.0, "27": 67.0, "28": 67.0, "29": 68.0, "30": 70.0, "31": 59.0, "32": 55.0, "33": 64.0}, "ys": {"0": 138.0, "1": 154.0, "2": 120.0, "3": 128.0, "4": 107.0, "5": 106.0, "6": 108.0, "7": 118.0, "8": 53.0, "9": 51.0, "10": 54.0, "11": 51.0, "12": 37.0, "13": 0.0, "14": 147.0, "15": 0.0, "16": 152.0, "17": 126.0, "18": 109.0, "19": 110.0, "20": 127.0, "21": 150.0, "22": 149.0, "23": 156.0, "24": 154.0, "25": 127.0, "26": 126.0, "27": 108.0, "28": 109.0, "29": 126.0, "30": 126.0, "31": 117.0, "32": 117.0, "33": 114.0}, "zs": {"0": 0.0, "1": 0.0, "2": 0.0, "3": 0.0, "4": 0.0, "5": 0.0, "6": 0.0, "7": 0.0, "8": 0.0, "9": 0.0, "10": 0.0, "11": 0.0, "12": 0.0, "13": 0.0, "14": 0.0, "15": 0.0, "16": 0.0, "17": 0.0, "18": 0.0, "19": 0.0, "20": 0.0, "21": 0.0, "22": 0.0, "23": 0.0, "24": 0.0, "25": 0.0, "26": 0.0, "27": 0.0, "28": 0.0, "29": 0.0, "30": 0.0, "31": 0.0, "32": 0.0, "33": 0.0}, "vizPos": {"0": [0.5, 0.368006], "1": [0.5, 0.762679], "2": [0.07692307692307698, 0.494061], "3": [0.07692307692307698, 0.700926], "4": [0.03846153846153849, 0.562904], "5": [0.03846153846153849, 0.606624], "6": [0.0, 0.594839], "7": [0.09615384615384615, 0.528055], "8": [0.5, 0.181534], "9": [0.8076923076923077, 0.340501], "10": [0.5, 0.203918], "11": [0.2692307692307693, 0.338303], "12": [0.5, 0.0], "13": [0.5, 0.049994], "14": [0.5769230769230769, 9.9e-05], "15": [0.5, 0.050079], "16": [0.38461538461538464, 0.000506], "17": [0.38461538461538464, 0.024908], "18": [0.4230769230769231, 0.005472], "19": [0.4230769230769231, 0.031239], "20": [0.40384615384615385, 0.008474], "21": [0.11538461538461547, 0.01317], "22": [0.5, 0.193016], "23": [0.19230769230769235, 0.014089], "24": [0.5, 0.161158], "25": [0.6538461538461539, 0.020931], "26": [0.5, 0.077335], "27": [0.34615384615384615, 0.033953], "28": [0.5, 0.051733], "29": [0.7307692307692307, 0.036767], "30": [0.5, 0.090082], "31": [0.8846153846153846, 0.066441], "32": [0.5, 0.08617], "33": [0.03846153846153849, 0.480405]}, "vizEdgeSegments": [[[0.5, 0.0], [0.5, 0.0], [0.5, 0.762679]], [[0.5, 0.368006], [0.03846153846153849, 0.368006], [0.03846153846153849, 0.606624]], [[0.03846153846153849, 0.562904], [0.0, 0.562904], [0.0, 0.594839]], [[0.03846153846153849, 0.480405], [0.07692307692307698, 0.480405], [0.07692307692307698, 0.700926]], [[0.07692307692307698, 0.494061], [0.09615384615384615, 0.494061], [0.09615384615384615, 0.528055]], [[0.5, 0.203918], [0.2692307692307693, 0.203918], [0.2692307692307693, 0.338303]], [[0.5, 0.193016], [0.11538461538461547, 0.193016], [0.11538461538461547, 0.01317]], [[0.5, 0.181534], [0.8076923076923077, 0.181534], [0.8076923076923077, 0.340501]], [[0.5, 0.161158], [0.19230769230769235, 0.161158], [0.19230769230769235, 0.014089]], [[0.5, 0.090082], [0.7307692307692307, 0.090082], [0.7307692307692307, 0.036767]], [[0.5, 0.08617], [0.8846153846153846, 0.08617], [0.8846153846153846, 0.066441]], [[0.5, 0.077335], [0.6538461538461539, 0.077335], [0.6538461538461539, 0.020931]], [[0.5, 0.051733], [0.34615384615384615, 0.051733], [0.34615384615384615, 0.033953]], [[0.5, 0.050079], [0.5769230769230769, 0.050079], [0.5769230769230769, 9.9e-05]], [[0.5, 0.049994], [0.4230769230769231, 0.049994], [0.4230769230769231, 0.005472]], [[0.4230769230769231, 0.031239], [0.38461538461538464, 0.031239], [0.38461538461538464, 0.000506]], [[0.38461538461538464, 0.024908], [0.40384615384615385, 0.024908], [0.40384615384615385, 0.008474]]], "vizSegmentNodeIds": [[12, 13, 15, 28, 26, 32, 30, 24, 8, 22, 10, 0, 1], [0, 33, 4, 5], [4, 6], [33, 2, 3], [2, 7], [10, 11], [22, 21], [8, 9], [24, 23], [30, 29], [32, 31], [26, 25], [28, 27], [15, 14], [13, 19, 18], [19, 17, 16], [17, 20]], "branches": [{"nodes": [12, 13, 15, 28, 26, 32, 30, 24, 8, 22, 10, 0, 1], "parentBranch": -1, "mode": "up", "depth": 0}, {"nodes": [0, 33, 4, 5], "parentBranch": 0, "mode": "up", "depth": 1}, {"nodes": [4, 6], "parentBranch": 1, "mode": "up", "depth": 2}, {"nodes": [33, 2, 3], "parentBranch": 1, "mode": "up", "depth": 2}, {"nodes": [2, 7], "parentBranch": 3, "mode": "up", "depth": 3}, {"nodes": [10, 11], "parentBranch": 0, "mode": "up", "depth": 1}, {"nodes": [22, 21], "parentBranch": 0, "mode": "down", "depth": 1}, {"nodes": [8, 9], "parentBranch": 0, "mode": "up", "depth": 1}, {"nodes": [24, 23], "parentBranch": 0, "mode": "down", "depth": 1}, {"nodes": [30, 29], "parentBranch": 0, "mode": "down", "depth": 1}, {"nodes": [32, 31], "parentBranch": 0, "mode": "down", "depth": 1}, {"nodes": [26, 25], "parentBranch": 0, "mode": "down", "depth": 1}, {"nodes": [28, 27], "parentBranch": 0, "mode": "down", "depth": 1}, {"nodes": [15, 14], "parentBranch": 0, "mode": "down", "depth": 1}, {"nodes": [13, 19, 18], "parentBranch": 0, "mode": "down", "depth": 1}, {"nodes": [19, 17, 16], "parentBranch": 14, "mode": "down", "depth": 2}, {"nodes": [17, 20], "parentBranch": 15, "mode": "down", "depth": 3}]}