{"nodes": [0, 1, 2, 3, 4, 5, 6, 7, 8, 9, 10, 11, 12, 13, 14, 15, 16, 17, 18, 19, 20, 21, 22, 23, 24, 25, 26, 27, 28, 29, 30, 31, 32, 33, 34, 35, 36, 37], "edges": [[0, 1], [0, 2], [0, 13], [2, 3], [2, 9], [4, 5], [4, 6], [4, 7], [7, 8], [7, 9], [9, 10], [11, 12], [11, 25], [11, 23], [13, 14], [13, 25], [15, 16], [16, 31], [16, 18], [17, 18], [18, 29], [19, 20], [20, 21], [20, 27], [22, 23], [23, 37], [24, 25], [26, 27], [27, 31], [28, 29], [29, 33], [30, 31], [32, 33], [33, 35], [34, 35], [35, 37], [36, 37]], "heights": {"0": 0.377346, "1": 0.761723, "2": 0.421334, "3": 0.650139, "4": 0.560864, "5": 0.597309, "6": 0.584733, "7": 0.548402, "8": 0.574054, "9": 0.433533, "10": 0.450032, "11": 0.181433, "12": 0.34053, "13": 0.203928, "14": 0.338168, "15": 0.0, "16": 0.050018, "17": 0.000196, "18": 0.050037, "19": 0.000463, "20": 0.027201, "21": 0.001705, "22": 0.003274, "23": 0.15882, "24": 0.005434, "25": 0.190772, "26": 0.007484, "27": 0.03257, "28": 0.01481, "29": 0.055938, "30": 0.0224, "31": 0.040083, "32": 0.036264, "33": 0.067271, "34": 0.041267, "35": 0.08323, "36": 0.069132, "37": 0.094721}, "types": {"0": 1, "1": 2, "2": 1, "3": 2, "4": 1, "5": 2, "6": 2, "7": 1, "8": 2, "9": 1, "10": 2, "11": 1, "12": 2, "13": 1, "14": 2, "15": 0, "16": 1, "17": 0, "18": 1, "19": 0, "20": 1, "21": 0, "22": 0, "23": 1, "24": 0, "25": 1, "26": 0, "27": 1, "28": 0, "29": 1, "30": 0, "31": 1, "32": 0, "33": 1, "34": 0, "35": 1, "36": 0, "37": 1}, "xs": {"0": 58.0, "1": 58.0, "2": 65.0, "3": 60.0, "4": 61.0, "5": 62.0, "6": 61.0, "7": 62.0, "8": 62.0, "9": 66.0, "10": 65.0, "11": 61.0, "12": 58.0, "13": 64.0, "14": 67.0, "15": 63.0, "16": 83.0, "17": 5.0, "18": 12.0, "19": 98.0, "20": 86.0, "21": 73.0, "22": 69.0, "23": 73.0, "24": 47.0, "25": 43.0, "26": 70.0, "27": 77.0, "28": 51.0, "29": 44.0, "30": 67.0, "31": 69.0, "32": 54.0, "33": 53.0, "34": 68.0, "35": 69.0, "36": 67.0, "37": 68.0}, "ys": {"0": 138.0, "1": 154.0, "2": 119.0, "3": 126.0, "4": 107.0, "5": 109.0, "6": 103.0, "7": 98.0, "8": 92.0, "9": 116.0, "10": 118.0, "11": 53.0, "12": 51.0, "13": 54.0, "14": 51.0, "15": 37.0, "16": 0.0, "17": 147.0, "18": 0.0, "19": 152.0, "20": 114.0, "21": 112.0, "22": 156.0, "23": 153.0, "24": 151.0, "25": 149.0, "26": 129.0, "27": 126.0, "28": 127.0, "29": 125.0, "30": 127.0, "31": 127.0, "32": 126.0, "33": 127.0, "34": 111.0, "35": 112.0, "36": 110.0, "37": 110.0}, "zs": {"0": 0.0, "1": 0.0, "2": 0.0, "3": 0.0, "4": 0.0, "5": 0.0, "6": 0.0, "7": 0.0, "8": 0.0, "9": 0.0, "10": 0.0, "11": 0.0, "12": 0.0, "13": 0.0, "14": 0.0, "15": 0.0, "16": 0.0, "17": 0.0, "18": 0.0, "19": 0.0, "20": 0.0, "21": 0.0, "22": 0.0, "23": 0.0, "24": 0.0, "25": 0.0, "26": 0.0, "27": 0.0, "28": 0.0, "29": 0.0, "30": 0.0, "31": 0.0, "32": 0.0, "33": 0.0, "34": 0.0, "35": 0.0, "36": 0.0, "37": 0.0}, "vizPos": {"0": [0.5, 0.377346], "1": [0.5, 0.761723], "2": [0.03846153846153849, 0.421334], "3": [0.03846153846153849, 0.650139], "4": [0.009615384615384692, 0.560864], "5": [0.009615384615384692, 0.597309], "6": [0.014423076923076927, 0.584733], "7": [0.019230769230769218, 0.548402], "8": [0.019230769230769218, 0.574054], "9": [0.0, 0.433533], "10": [0.0, 0.450032], "11": [0.5, 0.181433], "12": [0.8076923076923077, 0.34053], "13": [0.5, 0.203928], "14": [0.2692307692307693, 0.338168], "15": [0.5, 0.0], "16": [0.5, 0.050018], "17": [0.4230769230769231, 0.000196], "18": [0.5, 0.050037], "19": [0.5576923076923077, 0.000463], "20": [0.5576923076923077, 0.027201], "21": [0.548076923076923, 0.001705], "22": [0.19230769230769235, 0.003274], "23": [0.5, 0.15882], "24": [0.11538461538461547, 0.005434], "25": [0.5, 0.190772], "26": [0.5384615384615384, 0.007484], "27": [0.5384615384615384, 0.03257], "28": [0.34615384615384615, 0.01481], "29": [0.5, 0.055938], "30": [0.5769230769230769, 0.0224], "31": [0.5769230769230769, 0.040083], "32": [0.6538461538461539, 0.036264], "33": [0.5, 0.067271], "34": [0.7307692307692307, 0.041267], "35": [0.5, 0.08323], "36": [0.8846153846153846, 0.069132], "37": [0.5, 0.094721]}, "vizEdgeSegments": [[[0.5, 0.0], [0.5, 0.0], [0.5, 0.761723]], [[0.5, 0.377346], [0.03846153846153849, 0.377346], [0.03846153846153849, 0.650139]], [[0.03846153846153849, 0.421334], [0.0, 0.421334], [0.0, 0.450032]], [[0.0, 0.433533], [0.019230769230769218, 0.433533], [0.019230769230769218, 0.574054]], [[0.019230769230769218, 0.548402], [0.009615384615384692, 0.548402], [0.009615384615384692, 0.597309]], [[0.009615384615384692, 0.560864], [0.014423076923076927, 0.560864], [0.014423076923076927, 0.584733]], [[0.5, 0.203928], [0.2692307692307693, 0.203928], [0.2692307692307693, 0.338168]], [[0.5, 0.190772], [0.11538461538461547, 0.190772], [0.11538461538461547, 0.005434]], [[0.5, 0.181433], [0.8076923076923077, 0.181433], [0.8076923076923077, 0.34053]], [[0.5, 0.15882], [0.19230769230769235, 0.15882], [0.19230769230769235, 0.003274]], [[0.5, 0.094721], [0.8846153846153846, 0.094721], [0.8846153846153846, 0.069132]], [[0.5, 0.08323], [0.7307692307692307, 0.08323], [0.7307692307692307, 0.041267]], [[0.5, 0.067271], [0.6538461538461539, 0.067271], [0.6538461538461539, 0.036264]], [[0.5, 0.055938], [0.34615384615384615, 0.055938], [0.34615384615384615, 0.01481]], [[0.5, 0.050037], [0.4230769230769231, 0.050037], [0.4230769230769231, 0.000196]], [[0.5, 0.050018], [0.5769230769230769, 0.050018], [0.5769230769230769, 0.0224]], [[0.5769230769230769, 0.040083], [0.5384615384615384, 0.040083], [0.5384615384615384, 0.007484]], [[0.5384615384615384, 0.03257], [0.5576923076923077, 0.03257], [0.5576923076923077, 0.000463]], [[0.5576923076923077, 0.027201], [0.548076923076923, 0.027201], [0.548076923076923, 0.001705]]], "vizSegmentNodeIds": [[15, 16, 18, 29, 33, 35, 37, 23, 11, 25, 13, 0, 1], [0, 2, 3], [2, 9, 10], [9, 7, 8], [7, 4, 5], [4, 6], [13, 14], [25, 24], [11, 12], [23, 22], [37, 36], [35, 34], [33, 32], [29, 28], [18, 17], [16, 31, 30], [31, 27, 26], [27, 20, 19], [20, 21]], "branches": [{"nodes": [15, 16, 18, 29, 33, 35, 37, 23, 11, 25, 13, 0, 1], "parentBranch": -1, "mode": "up", "depth": 0}, {"nodes": [0, 2, 3], "parentBranch": 0, "mode": "up", "depth": 1}, {"nodes": [2, 9, 10], "parentBranch": 1, "mode": "up", "depth": 2}, {"nodes": [9, 7, 8], "parentBranch": 2, "mode": "up", "depth": 3}, {"nodes": [7, 4, 5], "parentBranch": 3, "mode": "up", "depth": 4}, {"nodes": [4, 6], "parentBranch": 4, "mode": "up", "depth": 5}, {"nodes": [13, 14], "parentBranch": 0, "mode": "up", "depth": 1}, {"nodes": [25, 24], "parentBranch": 0, "mode": "down", "depth": 1}, {"nodes": [11, 12], "parentBranch": 0, "mode": "up", "depth": 1}, {"nodes": [23, 22], "parentBranch": 0, "mode": "down", "depth": 1}, {"nodes": [37, 36], "parentBranch": 0, "mode": "down", "depth": 1}, {"nodes": [35, 34], "parentBranch": 0, "mode": "down", "depth": 1}, {"nodes": [33, 32], "parentBranch": 0, "mode": "down", "depth": 1}, {"nodes": [29, 28], "parentBranch": 0, "mode": "down", "depth": 1}, {"nodes": [18, 17], "parentBranch": 0, "mode": "down", "depth": 1}, {"nodes": [16, 31, 30], "parentBranch": 0, "mode": "down", "depth": 1}, {"nodes": [31, 27, 26], "parentBranch": 15, "mode": "down", "depth": 2}, {"nodes": [27, 20, 19], "parentBranch": 16, "mode": "down", "depth": 3}, {"nodes": [20, 21], "parentBranch": 17, "mode": "down", "depth": 4}]}