{
  "0": [
    0.5,
    0.0
  ],
  "3": [
    0.5,
    0.04506980634572491
  ],
  "4": [
    0.5,
    0.08761780787068024
  ],
  "6": [
    0.5,
    0.13859886701908036
  ],
  "7": [
    0.5,
    0.1791075510803404
  ],
  "20": [
    0.5,
    0.46741602551906275
  ],
  "35": [
    0.5,
    0.8689028297465424
  ],
  "36": [
    0.5,
    0.8736701559309091
  ],
  "55": [
    0.5,
    1.3306577618114235
  ],
  "59": [
    0.5,
    1.3943948000000004
  ],
  "1": [
    0.8525234999999999,
    0.0179507021757475
  ],
  "2": [
    0.9308411666666666,
    0.03366996814493756
  ],
  "12": [
    0.264953,
    0.34466088756062563
  ],
  "5": [
    0.6175705,
    0.09581620059772347
  ],
  "8": [
    0.5392528333333333,
    0.18602365617820937
  ],
  "9": [
    0.45291539999999997,
    0.3021365126114019
  ],
  "43": [
    0.3589342,
    1.1208823490529913
  ],
  "56": [
    0.3589342,
    1.3707238595096611
  ],
  "31": [
    0.6958881666666666,
    0.852904483572306
  ],
  "30": [
    0.6958881666666666,
    0.8130163482102233
  ],
  "13": [
    0.6958881666666666,
    0.3521423893787592
  ],
  "54": [
    0.07699059999999998,
    1.313982800134747
  ],
  "32": [
    0.17097180000000003,
    0.8559117305871847
  ],
  "57": [
    0.7742058333333334,
    1.3722783463053478
  ],
  "29": [
    0.6697822777777778,
    0.757686538664963
  ],
  "10": [
    0.6697822777777778,
    0.3425565925897446
  ],
  "34": [
    0.7219940555555555,
    0.8611260860523067
  ],
  "37": [
    0.7219940555555555,
    0.8782488389353624
  ],
  "39": [
    0.7219940555555555,
    0.8841043607851682
  ],
  "41": [
    0.7219940555555555,
    0.8870773040328491
  ],
  "46": [
    0.7219940555555555,
    1.1375269557116008
  ],
  "33": [
    0.6958886666666666,
    0.8606097548969821
  ],
  "38": [
    0.6958886666666666,
    0.8784550654904
  ],
  "40": [
    0.6958886666666666,
    0.8846089056251366
  ],
  "42": [
    0.6958886666666666,
    0.887427182522412
  ],
  "45": [
    0.6958886666666666,
    1.12518771692421
  ],
  "58": [
    0.3354389,
    1.3913257537961823
  ],
  "28": [
    0.6763087499999999,
    0.7257067751306905
  ],
  "11": [
    0.6763087499999999,
    0.3428987222750785
  ],
  "53": [
    0.6860989583333332,
    1.257154396891267
  ],
  "44": [
    0.7122043472222221,
    1.1213970135959341
  ],
  "51": [
    0.7187308194444445,
    1.227081385133385
  ],
  "52": [
    0.6926254305555555,
    1.229163511358252
  ],
  "49": [
    0.7252572916666666,
    1.1886008410099298
  ],
  "50": [
    0.705678375,
    1.1903166579014226
  ],
  "47": [
    0.7317837638888889,
    1.1639654783483178
  ],
  "48": [
    0.6991519027777777,
    1.1661417189020509
  ],
  "27": [
    0.6795719861111111,
    0.7117757734832535
  ],
  "14": [
    0.6795719861111111,
    0.3637870215415609
  ],
  "26": [
    0.6812036041666666,
    0.6982607169570508
  ],
  "15": [
    0.6812036041666666,
    0.39349518965075847
  ],
  "25": [
    0.6820194131944445,
    0.6813592398088982
  ],
  "16": [
    0.6820194131944445,
    0.41854515298020295
  ],
  "24": [
    0.6824273177083333,
    0.6638180705246256
  ],
  "17": [
    0.6824273177083333,
    0.43576801223692685
  ],
  "23": [
    0.6826312699652778,
    0.6442980642271107
  ],
  "18": [
    0.6826312699652778,
    0.44595677501609704
  ],
  "22": [
    0.68273324609375,
    0.6244706948635774
  ],
  "19": [
    0.68273324609375,
    0.4524892342845422
  ],
  "21": [
    0.6827842341579861,
    0.47331581799754524
  ]
}