{"nodes": [0, 1, 2, 3, 4, 5, 6, 7, 8, 9, 10, 11, 12, 13, 14, 15, 16, 17, 18, 19, 20, 21, 22, 23, 24, 25], "edges": [[0, 1], [0, 2], [0, 5], [2, 3], [2, 4], [5, 6], [5, 17], [7, 8], [7, 17], [7, 23], [9, 10], [10, 14], [10, 12], [11, 12], [12, 21], [13, 14], [14, 15], [16, 17], [18, 19], [19, 21], [19, 25], [20, 21], [22, 23], [23, 25], [24, 25]], "heights": {"0": 0.350473, "1": 0.78006, "2": 0.525482, "3": 0.642358, "4": 0.602344, "5": 0.205095, "6": 0.338285, "7": 0.178229, "8": 0.335479, "9": 0.0, "10": 0.05001, "11": 0.000152, "12": 0.05004, "13": 0.00047, "14": 0.032633, "15": 0.007825, "16": 0.008288, "17": 0.192911, "18": 0.017524, "19": 0.05303, "20": 0.02276, "21": 0.051841, "22": 0.026093, "23": 0.158462, "24": 0.060173, "25": 0.086414}, "types": {"0": 1, "1": 2, "2": 1, "3": 2, "4": 2, "5": 1, "6": 2, "7": 1, "8": 2, "9": 0, "10": 1, "11": 0, "12": 1, "13": 0, "14": 1, "15": 0, "16": 0, "17": 1, "18": 0, "19": 1, "20": 0, "21": 1, "22": 0, "23": 1, "24": 0, "25": 1}, "xs": {"0": 66.0, "1": 67.0, "2": 63.0, "3": 63.0, "4": 63.0, "5": 64.0, "6": 67.0, "7": 61.0, "8": 58.0, "9": 63.0, "10": 40.0, "11": 122.0, "12": 86.0, "13": 28.0, "14": 46.0, "15": 56.0, "16": 78.0, "17": 82.0, "18": 74.0, "19": 82.0, "20": 57.0, "21": 56.0, "22": 56.0, "23": 52.0, "24": 67.0, "25": 70.0}, "ys": {"0": 138.0, "1": 154.0, "2": 113.0, "3": 126.0, "4": 104.0, "5": 54.0, "6": 51.0, "7": 53.0, "8": 51.0, "9": 37.0, "10": 0.0, "11": 148.0, "12": 0.0, "13": 153.0, "14": 105.0, "15": 106.0, "16": 152.0, "17": 154.0, "18": 127.0, "19": 125.0, "20": 126.0, "21": 125.0, "22": 157.0, "23": 154.0, "24": 114.0, "25": 112.0}, "zs": {"0": 0.0, "1": 0.0, "2": 0.0, "3": 0.0, "4": 0.0, "5": 0.0, "6": 0.0, "7": 0.0, "8": 0.0, "9": 0.0, "10": 0.0, "11": 0.0, "12": 0.0, "13": 0.0, "14": 0.0, "15": 0.0, "16": 0.0, "17": 0.0, "18": 0.0, "19": 0.0, "20": 0.0, "21": 0.0, "22": 0.0, "23": 0.0, "24": 0.0, "25": 0.0}, "vizPos": {"0": [0.5, 0.567167072436949], "1": [0.5, 0.78006], "2": [0.3589342, 0.6738530564165535], "3": [0.3354389, 0.7301328709629332], "4": [0.3589342, 0.7115909369306271], "5": [0.5, 0.4089791891389537], "6": [0.264953, 0.5570648999029933], "7": [0.5, 0.3678611538227265], "8": [0.5470845999999999, 0.5546722237335793], "9": [0.5, 0.0], "10": [0.5, 0.11031424722489258], "11": [0.6410658, 0.0003182839631593386], "12": [0.5, 0.11038211183462406], "13": [0.45291539999999997, 0.0009846614839800912], "14": [0.45291539999999997, 0.07112096030944257], "15": [0.42942009999999997, 0.016574958658902485], "16": [0.07699059999999998, 0.017567171363505173], "17": [0.5, 0.39090735198027887], "18": [0.735047, 0.03759496835922778], "19": [0.5, 0.11714532351765147], "20": [0.8290282, 0.04912296008662619], "21": [0.5, 0.1144561065322904], "22": [0.9230094, 0.05651535612259669], "23": [0.5, 0.3345614271483078], "24": [0.17097180000000003, 0.13328157903956092], "25": [0.5, 0.1916751425256335]}, "vizEdgeSegments": [[[0.5, 0.0], [0.5, 0.0], [0.5, 0.78006]], [[0.5, 0.11031424722489258], [0.45291539999999997, 0.11031424722489258], [0.45291539999999997, 0.0009846614839800912]], [[0.5, 0.11038211183462406], [0.6410658, 0.11038211183462406], [0.6410658, 0.0003182839631593386]], [[0.5, 0.1144561065322904], [0.8290282, 0.1144561065322904], [0.8290282, 0.04912296008662619]], [[0.5, 0.11714532351765147], [0.735047, 0.11714532351765147], [0.735047, 0.03759496835922778]], [[0.5, 0.1916751425256335], [0.17097180000000003, 0.1916751425256335], [0.17097180000000003, 0.13328157903956092]], [[0.5, 0.3345614271483078], [0.9230094, 0.3345614271483078], [0.9230094, 0.05651535612259669]], [[0.5, 0.3678611538227265], [0.5470845999999999, 0.3678611538227265], [0.5470845999999999, 0.5546722237335793]], [[0.5, 0.39090735198027887], [0.07699059999999998, 0.39090735198027887], [0.07699059999999998, 0.017567171363505173]], [[0.5, 0.4089791891389537], [0.264953, 0.4089791891389537], [0.264953, 0.5570648999029933]], [[0.5, 0.567167072436949], [0.3589342, 0.567167072436949], [0.3589342, 0.7115909369306271]], [[0.45291539999999997, 0.07112096030944257], [0.42942009999999997, 0.07112096030944257], [0.42942009999999997, 0.016574958658902485]], [[0.3589342, 0.6738530564165535], [0.3354389, 0.6738530564165535], [0.3354389, 0.7301328709629332]]], "vizSegmentNodeIds": [[9, 10, 12, 21, 19, 25, 23, 7, 17, 5, 0, 1], [10, 14, 13], [12, 11], [21, 20], [19, 18], [25, 24], [23, 22], [7, 8], [17, 16], [5, 6], [0, 2, 4], [14, 15], [2, 3]], "branches": [{"nodes": [9, 10, 12, 21, 19, 25, 23, 7, 17, 5, 0, 1], "parentBranch": -1, "mode": "up", "depth": 0}, {"nodes": [10, 14, 13], "parentBranch": 0, "mode": "down", "depth": 1}, {"nodes": [12, 11], "parentBranch": 0, "mode": "down", "depth": 1}, {"nodes": [21, 20], "parentBranch": 0, "mode": "down", "depth": 1}, {"nodes": [19, 18], "parentBranch": 0, "mode": "down", "depth": 1}, {"nodes": [25, 24], "parentBranch": 0, "mode": "down", "depth": 1}, {"nodes": [23, 22], "parentBranch": 0, "mode": "down", "depth": 1}, {"nodes": [7, 8], "parentBranch": 0, "mode": "up", "depth": 1}, {"nodes": [17, 16], "parentBranch": 0, "mode": "down", "depth": 1}, {"nodes": [5, 6], "parentBranch": 0, "mode": "up", "depth": 1}, {"nodes": [0, 2, 4], "parentBranch": 0, "mode": "up", "depth": 1}, {"nodes": [14, 15], "parentBranch": 1, "mode": "down", "depth": 2}, {"nodes": [2, 3], "parentBranch": 10, "mode": "up", "depth": 2}]}