{"nodes": [0, 1, 2, 3, 4, 5, 6, 7, 8, 9, 10, 11, 12, 13, 14, 15, 16, 17, 18, 19, 20, 21, 22, 23, 24, 25, 26, 27, 28, 29, 30, 31], "edges": [[0, 1], [0, 2], [0, 9], [2, 3], [2, 4], [4, 5], [4, 6], [7, 8], [7, 29], [7, 25], [9, 10], [9, 29], [11, 12], [12, 19], [12, 14], [13, 14], [14, 21], [15, 16], [16, 17], [16, 19], [18, 19], [20, 21], [21, 27], [22, 23], [23, 27], [23, 31], [24, 25], [25, 31], [26, 27], [28, 29], [30, 31]], "heights": {"0": 0.392916, "1": 0.758333, "2": 0.472383, "3": 0.690968, "4": 0.53615, "5": 0.588673, "6": 0.579037, "7": 0.181468, "8": 0.340388, "9": 0.203943, "10": 0.338296, "11": 0.0, "12": 0.049994, "13": 0.000347, "14": 0.050045, "15": 0.000555, "16": 0.032052, "17": 0.005497, "18": 0.005922, "19": 0.032401, "20": 0.006782, "21": 0.055887, "22": 0.011241, "23": 0.062038, "24": 0.019986, "25": 0.162312, "26": 0.022049, "27": 0.056966, "28": 0.028956, "29": 0.189686, "30": 0.051508, "31": 0.088124}, "types": {"0": 1, "1": 2, "2": 1, "3": 2, "4": 1, "5": 2, "6": 2, "7": 1, "8": 2, "9": 1, "10": 2, "11": 0, "12": 1, "13": 0, "14": 1, "15": 0, "16": 1, "17": 0, "18": 0, "19": 1, "20": 0, "21": 1, "22": 0, "23": 1, "24": 0, "25": 1, "26": 0, "27": 1, "28": 0, "29": 1, "30": 0, "31": 1}, "xs": {"0": 59.0, "1": 58.0, "2": 64.0, "3": 62.0, "4": 61.0, "5": 63.0, "6": 62.0, "7": 61.0, "8": 58.0, "9": 64.0, "10": 67.0, "11": 63.0, "12": 81.0, "13": 7.0, "14": 35.0, "15": 100.0, "16": 83.0, "17": 71.0, "18": 71.0, "19": 81.0, "20": 67.0, "21": 68.0, "22": 53.0, "23": 46.0, "24": 70.0, "25": 74.0, "26": 68.0, "27": 69.0, "28": 48.0, "29": 44.0, "30": 59.0, "31": 55.0}, "ys": {"0": 138.0, "1": 154.0, "2": 114.0, "3": 126.0, "4": 103.0, "5": 107.0, "6": 93.0, "7": 53.0, "8": 51.0, "9": 54.0, "10": 51.0, "11": 37.0, "12": 0.0, "13": 147.0, "14": 0.0, "15": 152.0, "16": 108.0, "17": 108.0, "18": 127.0, "19": 127.0, "20": 107.0, "21": 108.0, "22": 127.0, "23": 126.0, "24": 156.0, "25": 153.0, "26": 127.0, "27": 127.0, "28": 150.0, "29": 153.0, "30": 115.0, "31": 114.0}, "zs": {"0": 0.0, "1": 0.0, "2": 0.0, "3": 0.0, "4": 0.0, "5": 0.0, "6": 0.0, "7": 0.0, "8": 0.0, "9": 0.0, "10": 0.0, "11": 0.0, "12": 0.0, "13": 0.0, "14": 0.0, "15": 0.0, "16": 0.0, "17": 0.0, "18": 0.0, "19": 0.0, "20": 0.0, "21": 0.0, "22": 0.0, "23": 0.0, "24": 0.0, "25": 0.0, "26": 0.0, "27": 0.0, "28": 0.0, "29": 0.0, "30": 0.0, "31": 0.0}, "vizPos": {"0": [0.5, 0.5646914244768155], "1": [0.5, 0.758333], "2": [0.07699059999999998, 0.6138011136532638], "3": [0.05349529999999999, 0.733715269125019], "4": [0.07699059999999998, 0.652068447956503], "5": [0.10048589999999996, 0.6827706820006605], "6": [0.07699059999999998, 0.6772780517320945], "7": [0.5, 0.3764925214074807], "8": [0.17097180000000003, 0.5293883094943578], "9": [0.5, 0.4061373030842126], "10": [0.9308411666666666, 0.5279110011347915], "11": [0.5, 0.0], "12": [0.5, 0.11839049516493143], "13": [0.5392528333333333, 0.0007807022215205006], "14": [0.5, 0.11851314966697338], "15": [0.42942009999999997, 0.001249129093272538], "16": [0.42942009999999997, 0.07513303053541946], "17": [0.41767245, 0.01247512929776894], "18": [0.45291539999999997, 0.013448797563096271], "19": [0.45291539999999997, 0.07597292417030779], "20": [0.6175705, 0.015422838425653413], "21": [0.5, 0.1325255692119139], "22": [0.6958881666666666, 0.025735239144687783], "23": [0.5, 0.14717217384541809], "24": [0.7742058333333334, 0.04628429335730903], "25": [0.5, 0.3480648631094898], "26": [0.3589342, 0.05118346402689678], "27": [0.5, 0.13510390365228364], "28": [0.8525234999999999, 0.06769248698116394], "29": [0.5, 0.3877752095234376], "30": [0.264953, 0.1220295329885846], "31": [0.5, 0.20722079660469703]}, "vizEdgeSegments": [[[0.5, 0.0], [0.5, 0.0], [0.5, 0.758333]], [[0.5, 0.11839049516493143], [0.45291539999999997, 0.11839049516493143], [0.45291539999999997, 0.013448797563096271]], [[0.5, 0.11851314966697338], [0.5392528333333333, 0.11851314966697338], [0.5392528333333333, 0.0007807022215205006]], [[0.5, 0.1325255692119139], [0.6175705, 0.1325255692119139], [0.6175705, 0.015422838425653413]], [[0.5, 0.13510390365228364], [0.3589342, 0.13510390365228364], [0.3589342, 0.05118346402689678]], [[0.5, 0.14717217384541809], [0.6958881666666666, 0.14717217384541809], [0.6958881666666666, 0.025735239144687783]], [[0.5, 0.20722079660469703], [0.264953, 0.20722079660469703], [0.264953, 0.1220295329885846]], [[0.5, 0.3480648631094898], [0.7742058333333334, 0.3480648631094898], [0.7742058333333334, 0.04628429335730903]], [[0.5, 0.3764925214074807], [0.17097180000000003, 0.3764925214074807], [0.17097180000000003, 0.5293883094943578]], [[0.5, 0.3877752095234376], [0.8525234999999999, 0.3877752095234376], [0.8525234999999999, 0.06769248698116394]], [[0.5, 0.4061373030842126], [0.9308411666666666, 0.4061373030842126], [0.9308411666666666, 0.5279110011347915]], [[0.5, 0.5646914244768155], [0.07699059999999998, 0.5646914244768155], [0.07699059999999998, 0.6772780517320945]], [[0.45291539999999997, 0.07597292417030779], [0.42942009999999997, 0.07597292417030779], [0.42942009999999997, 0.001249129093272538]], [[0.07699059999999998, 0.6138011136532638], [0.05349529999999999, 0.6138011136532638], [0.05349529999999999, 0.733715269125019]], [[0.07699059999999998, 0.652068447956503], [0.10048589999999996, 0.652068447956503], [0.10048589999999996, 0.6827706820006605]], [[0.42942009999999997, 0.07513303053541946], [0.41767245, 0.07513303053541946], [0.41767245, 0.01247512929776894]]], "vizSegmentNodeIds": [[11, 12, 14, 21, 27, 23, 31, 25, 7, 29, 9, 0, 1], [12, 19, 18], [14, 13], [21, 20], [27, 26], [23, 22], [31, 30], [25, 24], [7, 8], [29, 28], [9, 10], [0, 2, 4, 6], [19, 16, 15], [2, 3], [4, 5], [16, 17]], "branches": [{"nodes": [11, 12, 14, 21, 27, 23, 31, 25, 7, 29, 9, 0, 1], "parentBranch": -1, "mode": "up", "depth": 0}, {"nodes": [12, 19, 18], "parentBranch": 0, "mode": "down", "depth": 1}, {"nodes": [14, 13], "parentBranch": 0, "mode": "down", "depth": 1}, {"nodes": [21, 20], "parentBranch": 0, "mode": "down", "depth": 1}, {"nodes": [27, 26], "parentBranch": 0, "mode": "down", "depth": 1}, {"nodes": [23, 22], "parentBranch": 0, "mode": "down", "depth": 1}, {"nodes": [31, 30], "parentBranch": 0, "mode": "down", "depth": 1}, {"nodes": [25, 24], "parentBranch": 0, "mode": "down", "depth": 1}, {"nodes": [7, 8], "parentBranch": 0, "mode": "up", "depth": 1}, {"nodes": [29, 28], "parentBranch": 0, "mode": "down", "depth": 1}, {"nodes": [9, 10], "parentBranch": 0, "mode": "up", "depth": 1}, {"nodes": [0, 2, 4, 6], "parentBranch": 0, "mode": "up", "depth": 1}, {"nodes": [19, 16, 15], "parentBranch": 1, "mode": "down", "depth": 2}, {"nodes": [2, 3], "parentBranch": 11, "mode": "up", "depth": 2}, {"nodes": [4, 5], "parentBranch": 11, "mode": "up", "depth": 2}, {"nodes": [16, 17], "parentBranch": 12, "mode": "down", "depth": 3}]}