{"nodes": [0, 1, 2, 3, 4, 5, 6, 7, 8, 9, 10, 11, 12, 13, 14, 15, 16, 17, 18, 19, 20, 21, 22, 23, 24, 25, 26, 27], "edges": [[0, 1], [0, 5], [0, 7], [2, 3], [2, 4], [2, 5], [5, 6], [7, 8], [7, 25], [9, 10], [9, 25], [9, 27], [11, 12], [12, 20], [12, 14], [13, 14], [14, 18], [15, 16], [16, 21], [16, 20], [17, 18], [18, 23], [19, 20], [22, 23], [23, 27], [24, 25], [26, 27]], "heights": {"0": 0.417345, "1": 0.767455, "2": 0.645534, "3": 0.677058, "4": 0.674142, "5": 0.536817, "6": 0.607702, "7": 0.203597, "8": 0.340191, "9": 0.181218, "10": 0.337922, "11": 0.0, "12": 0.050024, "13": 6.5e-05, "14": 0.050058, "15": 0.000478, "16": 0.03334, "17": 0.003804, "18": 0.051921, "19": 0.004997, "20": 0.035041, "21": 0.008946, "22": 0.025149, "23": 0.070504, "24": 0.02979, "25": 0.189934, "26": 0.030616, "27": 0.151999}, "types": {"0": 1, "1": 2, "2": 1, "3": 2, "4": 2, "5": 1, "6": 2, "7": 1, "8": 2, "9": 1, "10": 2, "11": 0, "12": 1, "13": 0, "14": 1, "15": 0, "16": 1, "17": 0, "18": 1, "19": 0, "20": 1, "21": 0, "22": 0, "23": 1, "24": 0, "25": 1, "26": 0, "27": 1}, "xs": {"0": 67.0, "1": 66.0, "2": 64.0, "3": 64.0, "4": 63.0, "5": 62.0, "6": 63.0, "7": 64.0, "8": 67.0, "9": 61.0, "10": 58.0, "11": 63.0, "12": 46.0, "13": 120.0, "14": 93.0, "15": 26.0, "16": 46.0, "17": 75.0, "18": 82.0, "19": 56.0, "20": 47.0, "21": 56.0, "22": 71.0, "23": 72.0, "24": 77.0, "25": 81.0, "26": 55.0, "27": 52.0}, "ys": {"0": 139.0, "1": 154.0, "2": 126.0, "3": 128.0, "4": 125.0, "5": 114.0, "6": 107.0, "7": 54.0, "8": 51.0, "9": 53.0, "10": 51.0, "11": 37.0, "12": 0.0, "13": 148.0, "14": 0.0, "15": 151.0, "16": 109.0, "17": 127.0, "18": 126.0, "19": 130.0, "20": 127.0, "21": 110.0, "22": 126.0, "23": 126.0, "24": 151.0, "25": 151.0, "26": 156.0, "27": 153.0}, "zs": {"0": 0.0, "1": 0.0, "2": 0.0, "3": 0.0, "4": 0.0, "5": 0.0, "6": 0.0, "7": 0.0, "8": 0.0, "9": 0.0, "10": 0.0, "11": 0.0, "12": 0.0, "13": 0.0, "14": 0.0, "15": 0.0, "16": 0.0, "17": 0.0, "18": 0.0, "19": 0.0, "20": 0.0, "21": 0.0, "22": 0.0, "23": 0.0, "24": 0.0, "25": 0.0, "26": 0.0, "27": 0.0}, "vizPos": {"0": [0.5, 0.5532165187118887], "1": [0.5, 0.767455], "2": [0.411798625, 0.6941951710329294], "3": [0.39711406250000003, 0.7156881062293454], "4": [0.411798625, 0.7137390727833163], "5": [0.44116774999999997, 0.6223754278178397], "6": [0.44116774999999997, 0.6680935867212785], "7": [0.5, 0.37450687556859347], "8": [0.5470845999999999, 0.5027086797032599], "9": [0.5, 0.3449617329225971], "10": [0.32369125, 0.5010661093972961], "11": [0.5, 0.0], "12": [0.5, 0.10583965967901617], "13": [0.6410658, 0.0001314387700157426], "14": [0.5, 0.10591267495768221], "15": [0.17684562499999995, 0.000967186444685991], "16": [0.17684562499999995, 0.06995678577854135], "17": [0.735047, 0.007734791483301941], "18": [0.5, 0.1099112481699867], "19": [0.20621474999999997, 0.010177736437302453], "20": [0.20621474999999997, 0.07361082250297409], "21": [0.16216106249999995, 0.018318534597096085], "22": [0.8290282, 0.052425217406389064], "23": [0.5, 0.14938609190183655], "24": [0.9230094, 0.06234334135990825], "25": [0.5, 0.35684540954724514], "26": [0.08873825000000002, 0.06411304065022672], "27": [0.5, 0.3014108544334344]}, "vizEdgeSegments": [[[0.5, 0.0], [0.5, 0.0], [0.5, 0.767455]], [[0.5, 0.10583965967901617], [0.20621474999999997, 0.10583965967901617], [0.20621474999999997, 0.010177736437302453]], [[0.5, 0.10591267495768221], [0.6410658, 0.10591267495768221], [0.6410658, 0.0001314387700157426]], [[0.5, 0.1099112481699867], [0.735047, 0.1099112481699867], [0.735047, 0.007734791483301941]], [[0.5, 0.14938609190183655], [0.8290282, 0.14938609190183655], [0.8290282, 0.052425217406389064]], [[0.5, 0.3014108544334344], [0.08873825000000002, 0.3014108544334344], [0.08873825000000002, 0.06411304065022672]], [[0.5, 0.3449617329225971], [0.32369125, 0.3449617329225971], [0.32369125, 0.5010661093972961]], [[0.5, 0.35684540954724514], [0.9230094, 0.35684540954724514], [0.9230094, 0.06234334135990825]], [[0.5, 0.37450687556859347], [0.5470845999999999, 0.37450687556859347], [0.5470845999999999, 0.5027086797032599]], [[0.5, 0.5532165187118887], [0.44116774999999997, 0.5532165187118887], [0.44116774999999997, 0.6680935867212785]], [[0.20621474999999997, 0.07361082250297409], [0.17684562499999995, 0.07361082250297409], [0.17684562499999995, 0.000967186444685991]], [[0.44116774999999997, 0.6223754278178397], [0.411798625, 0.6223754278178397], [0.411798625, 0.7137390727833163]], [[0.17684562499999995, 0.06995678577854135], [0.16216106249999995, 0.06995678577854135], [0.16216106249999995, 0.018318534597096085]], [[0.411798625, 0.6941951710329294], [0.39711406250000003, 0.6941951710329294], [0.39711406250000003, 0.7156881062293454]]], "vizSegmentNodeIds": [[11, 12, 14, 18, 23, 27, 9, 25, 7, 0, 1], [12, 20, 19], [14, 13], [18, 17], [23, 22], [27, 26], [9, 10], [25, 24], [7, 8], [0, 5, 6], [20, 16, 15], [5, 2, 4], [16, 21], [2, 3]], "branches": [{"nodes": [11, 12, 14, 18, 23, 27, 9, 25, 7, 0, 1], "parentBranch": -1, "mode": "up", "depth": 0}, {"nodes": [12, 20, 19], "parentBranch": 0, "mode": "down", "depth": 1}, {"nodes": [14, 13], "parentBranch": 0, "mode": "down", "depth": 1}, {"nodes": [18, 17], "parentBranch": 0, "mode": "down", "depth": 1}, {"nodes": [23, 22], "parentBranch": 0, "mode": "down", "depth": 1}, {"nodes": [27, 26], "parentBranch": 0, "mode": "down", "depth": 1}, {"nodes": [9, 10], "parentBranch": 0, "mode": "up", "depth": 1}, {"nodes": [25, 24], "parentBranch": 0, "mode": "down", "depth": 1}, {"nodes": [7, 8], "parentBranch": 0, "mode": "up", "depth": 1}, {"nodes": [0, 5, 6], "parentBranch": 0, "mode": "up", "depth": 1}, {"nodes": [20, 16, 15], "parentBranch": 1, "mode": "down", "depth": 2}, {"nodes": [5, 2, 4], "parentBranch": 9, "mode": "up", "depth": 2}, {"nodes": [16, 21], "parentBranch": 10, "mode": "down", "depth": 3}, {"nodes": [2, 3], "parentBranch": 11, "mode": "up", "depth": 3}]}