{"nodes": [0, 1, 2, 3, 4, 5, 6, 7, 8, 9, 10, 11, 12, 13, 14, 15, 16, 17, 18, 19, 20, 21, 22, 23, 24, 25], "edges": [[0, 1], [0, 2], [0, 7], [2, 3], [2, 4], [4, 5], [4, 6], [7, 8], [7, 20], [9, 10], [9, 20], [9, 22], [11, 12], [12, 16], [12, 25], [13, 14], [14, 18], [14, 25], [15, 16], [16, 17], [19, 20], [21, 22], [22, 24], [23, 24], [24, 25]], "heights": {"0": 0.384844, "1": 0.76215, "2": 0.517418, "3": 0.652975, "4": 0.559185, "5": 0.601292, "6": 0.586741, "7": 0.20398, "8": 0.340527, "9": 0.181639, "10": 0.338028, "11": 0.0, "12": 0.050005, "13": 8.6e-05, "14": 0.049785, "15": 0.000341, "16": 0.033448, "17": 0.004768, "18": 0.017323, "19": 0.0339, "20": 0.189227, "21": 0.034479, "22": 0.152943, "23": 0.03507, "24": 0.06012, "25": 0.050071}, "types": {"0": 1, "1": 2, "2": 1, "3": 2, "4": 1, "5": 2, "6": 2, "7": 1, "8": 2, "9": 1, "10": 2, "11": 0, "12": 1, "13": 0, "14": 1, "15": 0, "16": 1, "17": 0, "18": 0, "19": 0, "20": 1, "21": 0, "22": 1, "23": 0, "24": 1, "25": 1}, "xs": {"0": 66.0, "1": 66.0, "2": 62.0, "3": 63.0, "4": 62.0, "5": 63.0, "6": 62.0, "7": 64.0, "8": 67.0, "9": 61.0, "10": 58.0, "11": 63.0, "12": 31.0, "13": 119.0, "14": 83.0, "15": 26.0, "16": 46.0, "17": 56.0, "18": 75.0, "19": 78.0, "20": 81.0, "21": 55.0, "22": 52.0, "23": 71.0, "24": 72.0, "25": 79.0}, "ys": {"0": 138.0, "1": 153.0, "2": 112.0, "3": 126.0, "4": 106.0, "5": 105.0, "6": 107.0, "7": 54.0, "8": 51.0, "9": 53.0, "10": 51.0, "11": 37.0, "12": 0.0, "13": 147.0, "14": 125.0, "15": 151.0, "16": 106.0, "17": 107.0, "18": 126.0, "19": 151.0, "20": 151.0, "21": 155.0, "22": 153.0, "23": 125.0, "24": 126.0, "25": 0.0}, "zs": {"0": 0.0, "1": 0.0, "2": 0.0, "3": 0.0, "4": 0.0, "5": 0.0, "6": 0.0, "7": 0.0, "8": 0.0, "9": 0.0, "10": 0.0, "11": 0.0, "12": 0.0, "13": 0.0, "14": 0.0, "15": 0.0, "16": 0.0, "17": 0.0, "18": 0.0, "19": 0.0, "20": 0.0, "21": 0.0, "22": 0.0, "23": 0.0, "24": 0.0, "25": 0.0}, "vizPos": {"0": [0.5, 0.5180445099992815], "1": [0.5, 0.76215], "2": [0.32369125, 0.6118324609653459], "3": [0.294322125, 0.7080820427114419], "4": [0.32369125, 0.6423754859063141], "5": [0.353060375, 0.6731179514616767], "6": [0.32369125, 0.6626078039429418], "7": [0.5, 0.349144286063751], "8": [0.55883225, 0.4839419137435778], "9": [0.5, 0.319897307193662], "10": [0.20621474999999997, 0.48192751966994957], "11": [0.5, 0.0], "12": [0.5, 0.09480453832021742], "13": [0.6763087499999999, 0.0001546964707505795], "14": [0.6763087499999999, 0.0943771357233711], "15": [0.44116774999999997, 0.0006136423292996307], "16": [0.44116774999999997, 0.06270851338332051], "17": [0.411798625, 0.008639796261855693], "18": [0.705677875, 0.03193508162741583], "19": [0.91126175, 0.06358050537908298], "20": [0.5, 0.330127018449422], "21": [0.08873825000000002, 0.06469803956701278], "22": [0.5, 0.27833013031056053], "23": [0.79378525, 0.06583933231291289], "24": [0.5, 0.11442787198252828], "25": [0.5, 0.09493275775088598]}, "vizEdgeSegments": [[[0.5, 0.0], [0.5, 0.0], [0.5, 0.76215]], [[0.5, 0.09480453832021742], [0.44116774999999997, 0.09480453832021742], [0.44116774999999997, 0.0006136423292996307]], [[0.5, 0.09493275775088598], [0.6763087499999999, 0.09493275775088598], [0.6763087499999999, 0.0001546964707505795]], [[0.5, 0.11442787198252828], [0.79378525, 0.11442787198252828], [0.79378525, 0.06583933231291289]], [[0.5, 0.27833013031056053], [0.08873825000000002, 0.27833013031056053], [0.08873825000000002, 0.06469803956701278]], [[0.5, 0.319897307193662], [0.20621474999999997, 0.319897307193662], [0.20621474999999997, 0.48192751966994957]], [[0.5, 0.330127018449422], [0.91126175, 0.330127018449422], [0.91126175, 0.06358050537908298]], [[0.5, 0.349144286063751], [0.55883225, 0.349144286063751], [0.55883225, 0.4839419137435778]], [[0.5, 0.5180445099992815], [0.32369125, 0.5180445099992815], [0.32369125, 0.6626078039429418]], [[0.44116774999999997, 0.06270851338332051], [0.411798625, 0.06270851338332051], [0.411798625, 0.008639796261855693]], [[0.6763087499999999, 0.0943771357233711], [0.705677875, 0.0943771357233711], [0.705677875, 0.03193508162741583]], [[0.32369125, 0.6118324609653459], [0.294322125, 0.6118324609653459], [0.294322125, 0.7080820427114419]], [[0.32369125, 0.6423754859063141], [0.353060375, 0.6423754859063141], [0.353060375, 0.6731179514616767]]], "vizSegmentNodeIds": [[11, 12, 25, 24, 22, 9, 20, 7, 0, 1], [12, 16, 15], [25, 14, 13], [24, 23], [22, 21], [9, 10], [20, 19], [7, 8], [0, 2, 4, 6], [16, 17], [14, 18], [2, 3], [4, 5]], "branches": [{"nodes": [11, 12, 25, 24, 22, 9, 20, 7, 0, 1], "parentBranch": -1, "mode": "up", "depth": 0}, {"nodes": [12, 16, 15], "parentBranch": 0, "mode": "down", "depth": 1}, {"nodes": [25, 14, 13], "parentBranch": 0, "mode": "down", "depth": 1}, {"nodes": [24, 23], "parentBranch": 0, "mode": "down", "depth": 1}, {"nodes": [22, 21], "parentBranch": 0, "mode": "down", "depth": 1}, {"nodes": [9, 10], "parentBranch": 0, "mode": "up", "depth": 1}, {"nodes": [20, 19], "parentBranch": 0, "mode": "down", "depth": 1}, {"nodes": [7, 8], "parentBranch": 0, "mode": "up", "depth": 1}, {"nodes": [0, 2, 4, 6], "parentBranch": 0, "mode": "up", "depth": 1}, {"nodes": [16, 17], "parentBranch": 1, "mode": "down", "depth": 2}, {"nodes": [14, 18], "parentBranch": 2, "mode": "down", "depth": 2}, {"nodes": [2, 3], "parentBranch": 8, "mode": "up", "depth": 2}, {"nodes": [4, 5], "parentBranch": 8, "mode": "up", "depth": 2}]}