{"nodes": [0, 1, 2, 3, 4, 5, 6, 7, 8, 9, 10, 11, 12, 13, 14, 15, 16, 17, 18, 19, 20, 21, 22, 23, 24, 25, 26, 27, 28, 29, 30, 31], "edges": [[0, 1], [0, 2], [0, 11], [2, 3], [2, 7], [4, 5], [4, 6], [4, 7], [7, 8], [9, 10], [9, 23], [9, 29], [11, 12], [11, 23], [13, 14], [14, 21], [14, 16], [15, 16], [16, 31], [17, 18], [18, 19], [18, 21], [20, 21], [22, 23], [24, 25], [25, 27], [25, 29], [26, 27], [27, 31], [28, 29], [30, 31]], "heights": {"0": 0.408883, "1": 0.751567, "2": 0.51997, "3": 0.663173, "4": 0.561372, "5": 0.596247, "6": 0.593846, "7": 0.522468, "8": 0.548001, "9": 0.18171, "10": 0.34005, "11": 0.203599, "12": 0.338464, "13": 0.0, "14": 0.050023, "15": 0.000213, "16": 0.050075, "17": 0.00051, "18": 0.030694, "19": 0.003786, "20": 0.009503, "21": 0.035703, "22": 0.013179, "23": 0.192857, "24": 0.017798, "25": 0.077439, "26": 0.018585, "27": 0.063573, "28": 0.02671, "29": 0.159523, "30": 0.032091, "31": 0.057694}, "types": {"0": 1, "1": 2, "2": 1, "3": 2, "4": 1, "5": 2, "6": 2, "7": 1, "8": 2, "9": 1, "10": 2, "11": 1, "12": 2, "13": 0, "14": 1, "15": 0, "16": 1, "17": 0, "18": 1, "19": 0, "20": 0, "21": 1, "22": 0, "23": 1, "24": 0, "25": 1, "26": 0, "27": 1, "28": 0, "29": 1, "30": 0, "31": 1}, "xs": {"0": 60.0, "1": 59.0, "2": 61.0, "3": 62.0, "4": 62.0, "5": 62.0, "6": 63.0, "7": 63.0, "8": 62.0, "9": 61.0, "10": 58.0, "11": 64.0, "12": 67.0, "13": 63.0, "14": 78.0, "15": 7.0, "16": 52.0, "17": 101.0, "18": 82.0, "19": 73.0, "20": 69.0, "21": 80.0, "22": 48.0, "23": 44.0, "24": 56.0, "25": 50.0, "26": 58.0, "27": 52.0, "28": 70.0, "29": 74.0, "30": 69.0, "31": 70.0}, "ys": {"0": 138.0, "1": 153.0, "2": 117.0, "3": 128.0, "4": 104.0, "5": 101.0, "6": 105.0, "7": 113.0, "8": 114.0, "9": 53.0, "10": 51.0, "11": 54.0, "12": 51.0, "13": 37.0, "14": 0.0, "15": 148.0, "16": 0.0, "17": 151.0, "18": 127.0, "19": 129.0, "20": 106.0, "21": 102.0, "22": 150.0, "23": 148.0, "24": 127.0, "25": 126.0, "26": 113.0, "27": 112.0, "28": 156.0, "29": 153.0, "30": 127.0, "31": 127.0}, "zs": {"0": 0.0, "1": 0.0, "2": 0.0, "3": 0.0, "4": 0.0, "5": 0.0, "6": 0.0, "7": 0.0, "8": 0.0, "9": 0.0, "10": 0.0, "11": 0.0, "12": 0.0, "13": 0.0, "14": 0.0, "15": 0.0, "16": 0.0, "17": 0.0, "18": 0.0, "19": 0.0, "20": 0.0, "21": 0.0, "22": 0.0, "23": 0.0, "24": 0.0, "25": 0.0, "26": 0.0, "27": 0.0, "28": 0.0, "29": 0.0, "30": 0.0, "31": 0.0}, "vizPos": {"0": [0.5, 0.5158908377882417], "1": [0.5, 0.751567], "2": [0.17097180000000003, 0.5974538364453184], "3": [0.14747650000000007, 0.7093035432293462], "4": [0.19446710000000003, 0.6322589605644878], "5": [0.18271945000000003, 0.661203629446412], "6": [0.19446710000000003, 0.659265264652914], "7": [0.17097180000000003, 0.5995158344444733], "8": [0.17097180000000003, 0.6209355315788669], "9": [0.5, 0.331555494627244], "10": [0.8290282, 0.47052793673796367], "11": [0.5, 0.3573366736188249], "12": [0.264953, 0.469461814829055], "13": [0.5, 0.0], "14": [0.5, 0.10436205482231746], "15": [0.5470845999999999, 0.00042279605460131514], "16": [0.5, 0.10447199697898674], "17": [0.42942009999999997, 0.0010128506007660357], "18": [0.42942009999999997, 0.06336340566950505], "19": [0.41767245, 0.007560507785694699], "20": [0.45291539999999997, 0.01914614125609128], "21": [0.45291539999999997, 0.0739833105787246], "22": [0.3589342, 0.026690414365779052], "23": [0.5, 0.3450633355701997], "24": [0.6410658, 0.036259747190088745], "25": [0.5, 0.16113448579074427], "26": [0.735047, 0.037899028955638646], "27": [0.5, 0.13278073668776078], "28": [0.9230094, 0.05494391266027075], "29": [0.5, 0.3021505046802685], "30": [0.07699059999999998, 0.06632226060876512], "31": [0.5, 0.12051607225604286]}, "vizEdgeSegments": [[[0.5, 0.0], [0.5, 0.0], [0.5, 0.751567]], [[0.5, 0.10436205482231746], [0.45291539999999997, 0.10436205482231746], [0.45291539999999997, 0.01914614125609128]], [[0.5, 0.10447199697898674], [0.5470845999999999, 0.10447199697898674], [0.5470845999999999, 0.00042279605460131514]], [[0.5, 0.12051607225604286], [0.07699059999999998, 0.12051607225604286], [0.07699059999999998, 0.06632226060876512]], [[0.5, 0.13278073668776078], [0.735047, 0.13278073668776078], [0.735047, 0.037899028955638646]], [[0.5, 0.16113448579074427], [0.6410658, 0.16113448579074427], [0.6410658, 0.036259747190088745]], [[0.5, 0.3021505046802685], [0.9230094, 0.3021505046802685], [0.9230094, 0.05494391266027075]], [[0.5, 0.331555494627244], [0.8290282, 0.331555494627244], [0.8290282, 0.47052793673796367]], [[0.5, 0.3450633355701997], [0.3589342, 0.3450633355701997], [0.3589342, 0.026690414365779052]], [[0.5, 0.3573366736188249], [0.264953, 0.3573366736188249], [0.264953, 0.469461814829055]], [[0.5, 0.5158908377882417], [0.17097180000000003, 0.5158908377882417], [0.17097180000000003, 0.6209355315788669]], [[0.45291539999999997, 0.0739833105787246], [0.42942009999999997, 0.0739833105787246], [0.42942009999999997, 0.0010128506007660357]], [[0.17097180000000003, 0.5974538364453184], [0.14747650000000007, 0.5974538364453184], [0.14747650000000007, 0.7093035432293462]], [[0.17097180000000003, 0.5995158344444733], [0.19446710000000003, 0.5995158344444733], [0.19446710000000003, 0.659265264652914]], [[0.42942009999999997, 0.06336340566950505], [0.41767245, 0.06336340566950505], [0.41767245, 0.007560507785694699]], [[0.19446710000000003, 0.6322589605644878], [0.18271945000000003, 0.6322589605644878], [0.18271945000000003, 0.661203629446412]]], "vizSegmentNodeIds": [[13, 14, 16, 31, 27, 25, 29, 9, 23, 11, 0, 1], [14, 21, 20], [16, 15], [31, 30], [27, 26], [25, 24], [29, 28], [9, 10], [23, 22], [11, 12], [0, 2, 7, 8], [21, 18, 17], [2, 3], [7, 4, 6], [18, 19], [4, 5]], "branches": [{"nodes": [13, 14, 16, 31, 27, 25, 29, 9, 23, 11, 0, 1], "parentBranch": -1, "mode": "up", "depth": 0}, {"nodes": [14, 21, 20], "parentBranch": 0, "mode": "down", "depth": 1}, {"nodes": [16, 15], "parentBranch": 0, "mode": "down", "depth": 1}, {"nodes": [31, 30], "parentBranch": 0, "mode": "down", "depth": 1}, {"nodes": [27, 26], "parentBranch": 0, "mode": "down", "depth": 1}, {"nodes": [25, 24], "parentBranch": 0, "mode": "down", "depth": 1}, {"nodes": [29, 28], "parentBranch": 0, "mode": "down", "depth": 1}, {"nodes": [9, 10], "parentBranch": 0, "mode": "up", "depth": 1}, {"nodes": [23, 22], "parentBranch": 0, "mode": "down", "depth": 1}, {"nodes": [11, 12], "parentBranch": 0, "mode": "up", "depth": 1}, {"nodes": [0, 2, 7, 8], "parentBranch": 0, "mode": "up", "depth": 1}, {"nodes": [21, 18, 17], "parentBranch": 1, "mode": "down", "depth": 2}, {"nodes": [2, 3], "parentBranch": 10, "mode": "up", "depth": 2}, {"nodes": [7, 4, 6], "parentBranch": 10, "mode": "up", "depth": 2}, {"nodes": [18, 19], "parentBranch": 11, "mode": "down", "depth": 3}, {"nodes": [4, 5], "parentBranch": 13, "mode": "up", "depth": 3}]}