{"nodes": [0, 1, 2, 3, 4, 5, 6, 7, 8, 9, 10, 11, 12, 13, 14, 15, 16, 17, 18, 19, 20, 21, 22, 23, 24, 25, 26, 27, 28, 29, 30, 31], "edges": [[0, 1], [0, 2], [0, 13], [2, 3], [2, 9], [4, 5], [4, 6], [4, 7], [7, 8], [7, 9], [9, 10], [11, 12], [11, 29], [11, 25], [13, 14], [13, 29], [15, 16], [16, 23], [16, 18], [17, 18], [18, 31], [19, 20], [20, 21], [20, 23], [22, 23], [24, 25], [25, 27], [26, 27], [27, 31], [28, 29], [30, 31]], "heights": {"0": 0.380128, "1": 0.765476, "2": 0.516321, "3": 0.688818, "4": 0.5682, "5": 0.602596, "6": 0.597475, "7": 0.551163, "8": 0.576442, "9": 0.535588, "10": 0.57281, "11": 0.181442, "12": 0.340608, "13": 0.203615, "14": 0.338207, "15": 0.0, "16": 0.050032, "17": 7.4e-05, "18": 0.050051, "19": 0.000352, "20": 0.027726, "21": 0.003248, "22": 0.003995, "23": 0.031986, "24": 0.00768, "25": 0.160569, "26": 0.010327, "27": 0.071704, "28": 0.01401, "29": 0.192159, "30": 0.042631, "31": 0.070383}, "types": {"0": 1, "1": 2, "2": 1, "3": 2, "4": 1, "5": 2, "6": 2, "7": 1, "8": 2, "9": 1, "10": 2, "11": 1, "12": 2, "13": 1, "14": 2, "15": 0, "16": 1, "17": 0, "18": 1, "19": 0, "20": 1, "21": 0, "22": 0, "23": 1, "24": 0, "25": 1, "26": 0, "27": 1, "28": 0, "29": 1, "30": 0, "31": 1}, "xs": {"0": 60.0, "1": 57.0, "2": 64.0, "3": 61.0, "4": 62.0, "5": 63.0, "6": 62.0, "7": 64.0, "8": 64.0, "9": 62.0, "10": 62.0, "11": 61.0, "12": 58.0, "13": 64.0, "14": 67.0, "15": 63.0, "16": 91.0, "17": 3.0, "18": 19.0, "19": 98.0, "20": 82.0, "21": 73.0, "22": 70.0, "23": 80.0, "24": 69.0, "25": 73.0, "26": 55.0, "27": 48.0, "28": 47.0, "29": 43.0, "30": 68.0, "31": 69.0}, "ys": {"0": 138.0, "1": 154.0, "2": 115.0, "3": 126.0, "4": 108.0, "5": 109.0, "6": 106.0, "7": 110.0, "8": 111.0, "9": 100.0, "10": 91.0, "11": 53.0, "12": 51.0, "13": 54.0, "14": 51.0, "15": 37.0, "16": 0.0, "17": 148.0, "18": 0.0, "19": 152.0, "20": 127.0, "21": 127.0, "22": 110.0, "23": 110.0, "24": 156.0, "25": 154.0, "26": 127.0, "27": 126.0, "28": 151.0, "29": 149.0, "30": 127.0, "31": 126.0}, "zs": {"0": 0.0, "1": 0.0, "2": 0.0, "3": 0.0, "4": 0.0, "5": 0.0, "6": 0.0, "7": 0.0, "8": 0.0, "9": 0.0, "10": 0.0, "11": 0.0, "12": 0.0, "13": 0.0, "14": 0.0, "15": 0.0, "16": 0.0, "17": 0.0, "18": 0.0, "19": 0.0, "20": 0.0, "21": 0.0, "22": 0.0, "23": 0.0, "24": 0.0, "25": 0.0, "26": 0.0, "27": 0.0, "28": 0.0, "29": 0.0, "30": 0.0, "31": 0.0}, "vizPos": {"0": [0.5, 0.4581860479212613], "1": [0.5, 0.765476], "2": [0.5470845999999999, 0.5659599423150992], "3": [0.51184165, 0.7255980681747837], "4": [0.5470845999999999, 0.6183783171787303], "5": [0.53533695, 0.6533655308448437], "6": [0.5470845999999999, 0.6482773785542781], "7": [0.5470845999999999, 0.6007910632483721], "8": [0.55883225, 0.6268866729628968], "9": [0.5470845999999999, 0.5849399751036246], "10": [0.58232755, 0.6231414068304305], "11": [0.5, 0.2935404281212193], "12": [0.6410658, 0.43080083297833094], "13": [0.5, 0.31801827015663664], "14": [0.08873825000000002, 0.4291195890115858], "15": [0.5, 0.0], "16": [0.5, 0.09146439734832697], "17": [0.735047, 0.00012942697757631642], "18": [0.5, 0.09149949643963963], "19": [0.411798625, 0.0006159223880224336], "20": [0.411798625, 0.050119631627795196], "21": [0.39711406250000003, 0.005708549063176001], "22": [0.44116774999999997, 0.007029217279673152], "23": [0.44116774999999997, 0.058004783403873945], "24": [0.32369125, 0.01358384111214082], "25": [0.5, 0.2681030390130748], "26": [0.9230094, 0.018330111738688967], "27": [0.5, 0.13093098020531996], "28": [0.20621474999999997, 0.024981310252579065], "29": [0.5, 0.30568291971193257], "30": [0.8290282, 0.07775845183458412], "31": [0.5, 0.12856804416512344]}, "vizEdgeSegments": [[[0.5, 0.0], [0.5, 0.0], [0.5, 0.765476]], [[0.5, 0.09146439734832697], [0.44116774999999997, 0.09146439734832697], [0.44116774999999997, 0.007029217279673152]], [[0.5, 0.09149949643963963], [0.735047, 0.09149949643963963], [0.735047, 0.00012942697757631642]], [[0.5, 0.12856804416512344], [0.8290282, 0.12856804416512344], [0.8290282, 0.07775845183458412]], [[0.5, 0.13093098020531996], [0.9230094, 0.13093098020531996], [0.9230094, 0.018330111738688967]], [[0.5, 0.2681030390130748], [0.32369125, 0.2681030390130748], [0.32369125, 0.01358384111214082]], [[0.5, 0.2935404281212193], [0.6410658, 0.2935404281212193], [0.6410658, 0.43080083297833094]], [[0.5, 0.30568291971193257], [0.20621474999999997, 0.30568291971193257], [0.20621474999999997, 0.024981310252579065]], [[0.5, 0.31801827015663664], [0.08873825000000002, 0.31801827015663664], [0.08873825000000002, 0.4291195890115858]], [[0.5, 0.4581860479212613], [0.5470845999999999, 0.4581860479212613], [0.5470845999999999, 0.6482773785542781]], [[0.44116774999999997, 0.058004783403873945], [0.411798625, 0.058004783403873945], [0.411798625, 0.0006159223880224336]], [[0.5470845999999999, 0.5659599423150992], [0.51184165, 0.5659599423150992], [0.51184165, 0.7255980681747837]], [[0.5470845999999999, 0.5849399751036246], [0.58232755, 0.5849399751036246], [0.58232755, 0.6231414068304305]], [[0.5470845999999999, 0.6007910632483721], [0.55883225, 0.6007910632483721], [0.55883225, 0.6268866729628968]], [[0.5470845999999999, 0.6183783171787303], [0.53533695, 0.6183783171787303], [0.53533695, 0.6533655308448437]], [[0.411798625, 0.050119631627795196], [0.39711406250000003, 0.050119631627795196], [0.39711406250000003, 0.005708549063176001]]], "vizSegmentNodeIds": [[15, 16, 18, 31, 27, 25, 11, 29, 13, 0, 1], [16, 23, 22], [18, 17], [31, 30], [27, 26], [25, 24], [11, 12], [29, 28], [13, 14], [0, 2, 9, 7, 4, 6], [23, 20, 19], [2, 3], [9, 10], [7, 8], [4, 5], [20, 21]], "branches": [{"nodes": [15, 16, 18, 31, 27, 25, 11, 29, 13, 0, 1], "parentBranch": -1, "mode": "up", "depth": 0}, {"nodes": [16, 23, 22], "parentBranch": 0, "mode": "down", "depth": 1}, {"nodes": [18, 17], "parentBranch": 0, "mode": "down", "depth": 1}, {"nodes": [31, 30], "parentBranch": 0, "mode": "down", "depth": 1}, {"nodes": [27, 26], "parentBranch": 0, "mode": "down", "depth": 1}, {"nodes": [25, 24], "parentBranch": 0, "mode": "down", "depth": 1}, {"nodes": [11, 12], "parentBranch": 0, "mode": "up", "depth": 1}, {"nodes": [29, 28], "parentBranch": 0, "mode": "down", "depth": 1}, {"nodes": [13, 14], "parentBranch": 0, "mode": "up", "depth": 1}, {"nodes": [0, 2, 9, 7, 4, 6], "parentBranch": 0, "mode": "up", "depth": 1}, {"nodes": [23, 20, 19], "parentBranch": 1, "mode": "down", "depth": 2}, {"nodes": [2, 3], "parentBranch": 9, "mode": "up", "depth": 2}, {"nodes": [9, 10], "parentBranch": 9, "mode": "up", "depth": 2}, {"nodes": [7, 8], "parentBranch": 9, "mode": "up", "depth": 2}, {"nodes": [4, 5], "parentBranch": 9, "mode": "up", "depth": 2}, {"nodes": [20, 21], "parentBranch": 10, "mode": "down", "depth": 3}]}