{"nodes": [0, 1, 2, 3, 4, 5, 6, 7, 8, 9, 10, 11, 12, 13, 14, 15, 16, 17, 18, 19, 20, 21, 22, 23, 24, 25, 26, 27], "edges": [[0, 1], [0, 27], [0, 10], [2, 3], [2, 7], [2, 27], [4, 5], [4, 6], [4, 27], [8, 9], [8, 20], [8, 22], [10, 11], [10, 20], [12, 13], [13, 17], [13, 15], [14, 15], [15, 24], [16, 17], [17, 18], [19, 20], [21, 22], [22, 26], [23, 24], [24, 26], [25, 26]], "heights": {"0": 0.368006, "1": 0.762679, "2": 0.494061, "3": 0.700926, "4": 0.562904, "5": 0.606624, "6": 0.594839, "7": 0.528055, "8": 0.181534, "9": 0.340501, "10": 0.203918, "11": 0.338303, "12": 0.0, "13": 0.049994, "14": 9.9e-05, "15": 0.050079, "16": 0.000506, "17": 0.031239, "18": 0.005472, "19": 0.01317, "20": 0.193016, "21": 0.014089, "22": 0.161158, "23": 0.020931, "24": 0.077335, "25": 0.036767, "26": 0.090082, "27": 0.480405}, "types": {"0": 1, "1": 2, "2": 1, "3": 2, "4": 1, "5": 2, "6": 2, "7": 2, "8": 1, "9": 2, "10": 1, "11": 2, "12": 0, "13": 1, "14": 0, "15": 1, "16": 0, "17": 1, "18": 0, "19": 0, "20": 1, "21": 0, "22": 1, "23": 0, "24": 1, "25": 0, "26": 1, "27": 1}, "xs": {"0": 60.0, "1": 57.0, "2": 62.0, "3": 61.0, "4": 63.0, "5": 62.0, "6": 63.0, "7": 62.0, "8": 61.0, "9": 58.0, "10": 64.0, "11": 67.0, "12": 63.0, "13": 75.0, "14": 0.0, "15": 41.0, "16": 98.0, "17": 80.0, "18": 71.0, "19": 47.0, "20": 43.0, "21": 69.0, "22": 73.0, "23": 56.0, "24": 50.0, "25": 68.0, "26": 70.0, "27": 64.0}, "ys": {"0": 138.0, "1": 154.0, "2": 120.0, "3": 128.0, "4": 107.0, "5": 106.0, "6": 108.0, "7": 118.0, "8": 53.0, "9": 51.0, "10": 54.0, "11": 51.0, "12": 37.0, "13": 0.0, "14": 147.0, "15": 0.0, "16": 152.0, "17": 110.0, "18": 109.0, "19": 150.0, "20": 149.0, "21": 156.0, "22": 154.0, "23": 127.0, "24": 126.0, "25": 126.0, "26": 126.0, "27": 114.0}, "zs": {"0": 0.0, "1": 0.0, "2": 0.0, "3": 0.0, "4": 0.0, "5": 0.0, "6": 0.0, "7": 0.0, "8": 0.0, "9": 0.0, "10": 0.0, "11": 0.0, "12": 0.0, "13": 0.0, "14": 0.0, "15": 0.0, "16": 0.0, "17": 0.0, "18": 0.0, "19": 0.0, "20": 0.0, "21": 0.0, "22": 0.0, "23": 0.0, "24": 0.0, "25": 0.0, "26": 0.0, "27": 0.0}, "vizPos": {"0": [0.5, 0.475826234988253], "1": [0.5, 0.762679], "2": [0.08873825000000002, 0.5788682550465841], "3": [0.11810737500000003, 0.7341073056075899], "4": [0.05936912500000001, 0.6371533893282886], "5": [0.044684562500000004, 0.6722116576965682], "6": [0.05936912500000001, 0.6630621410943711], "7": [0.08873825000000002, 0.6077494082237861], "8": [0.5, 0.2946176864019538], "9": [0.8290282, 0.4532638366385243], "10": [0.5, 0.32211577886550125], "11": [0.20621474999999997, 0.4514376988043955], "12": [0.5, 0.0], "13": [0.5, 0.08690148378880812], "14": [0.5470845999999999, 0.00016305646743085145], "15": [0.5, 0.08705301710748538], "16": [0.44116774999999997, 0.0008339615441364682], "17": [0.44116774999999997, 0.0535719691493537], "18": [0.411798625, 0.009090299930380928], "19": [0.32369125, 0.022123352241466224], "20": [0.5, 0.3090108678546652], "21": [0.6410658, 0.023696379040630277], "22": [0.5, 0.26751900590681166], "23": [0.735047, 0.03550721219528949], "24": [0.5, 0.13527512100296143], "25": [0.9230094, 0.06335586053652956], "26": [0.5, 0.15727438798650048], "27": [0.08873825000000002, 0.5673775975324209]}, "vizEdgeSegments": [[[0.5, 0.0], [0.5, 0.0], [0.5, 0.762679]], [[0.5, 0.08690148378880812], [0.44116774999999997, 0.08690148378880812], [0.44116774999999997, 0.0008339615441364682]], [[0.5, 0.08705301710748538], [0.5470845999999999, 0.08705301710748538], [0.5470845999999999, 0.00016305646743085145]], [[0.5, 0.13527512100296143], [0.735047, 0.13527512100296143], [0.735047, 0.03550721219528949]], [[0.5, 0.15727438798650048], [0.9230094, 0.15727438798650048], [0.9230094, 0.06335586053652956]], [[0.5, 0.26751900590681166], [0.6410658, 0.26751900590681166], [0.6410658, 0.023696379040630277]], [[0.5, 0.2946176864019538], [0.8290282, 0.2946176864019538], [0.8290282, 0.4532638366385243]], [[0.5, 0.3090108678546652], [0.32369125, 0.3090108678546652], [0.32369125, 0.022123352241466224]], [[0.5, 0.32211577886550125], [0.20621474999999997, 0.32211577886550125], [0.20621474999999997, 0.4514376988043955]], [[0.5, 0.475826234988253], [0.08873825000000002, 0.475826234988253], [0.08873825000000002, 0.6077494082237861]], [[0.44116774999999997, 0.0535719691493537], [0.411798625, 0.0535719691493537], [0.411798625, 0.009090299930380928]], [[0.08873825000000002, 0.5673775975324209], [0.05936912500000001, 0.5673775975324209], [0.05936912500000001, 0.6630621410943711]], [[0.08873825000000002, 0.5788682550465841], [0.11810737500000003, 0.5788682550465841], [0.11810737500000003, 0.7341073056075899]], [[0.05936912500000001, 0.6371533893282886], [0.044684562500000004, 0.6371533893282886], [0.044684562500000004, 0.6722116576965682]]], "vizSegmentNodeIds": [[12, 13, 15, 24, 26, 22, 8, 20, 10, 0, 1], [13, 17, 16], [15, 14], [24, 23], [26, 25], [22, 21], [8, 9], [20, 19], [10, 11], [0, 27, 2, 7], [17, 18], [27, 4, 6], [2, 3], [4, 5]], "branches": [{"nodes": [12, 13, 15, 24, 26, 22, 8, 20, 10, 0, 1], "parentBranch": -1, "mode": "up", "depth": 0}, {"nodes": [13, 17, 16], "parentBranch": 0, "mode": "down", "depth": 1}, {"nodes": [15, 14], "parentBranch": 0, "mode": "down", "depth": 1}, {"nodes": [24, 23], "parentBranch": 0, "mode": "down", "depth": 1}, {"nodes": [26, 25], "parentBranch": 0, "mode": "down", "depth": 1}, {"nodes": [22, 21], "parentBranch": 0, "mode": "down", "depth": 1}, {"nodes": [8, 9], "parentBranch": 0, "mode": "up", "depth": 1}, {"nodes": [20, 19], "parentBranch": 0, "mode": "down", "depth": 1}, {"nodes": [10, 11], "parentBranch": 0, "mode": "up", "depth": 1}, {"nodes": [0, 27, 2, 7], "parentBranch": 0, "mode": "up", "depth": 1}, {"nodes": [17, 18], "parentBranch": 1, "mode": "down", "depth": 2}, {"nodes": [27, 4, 6], "parentBranch": 9, "mode": "up", "depth": 2}, {"nodes": [2, 3], "parentBranch": 9, "mode": "up", "depth": 2}, {"nodes": [4, 5], "parentBranch": 11, "mode": "up", "depth": 3}]}