{"nodes": [0, 1, 2, 3, 4, 5, 6, 7, 8, 9, 10, 11, 12, 13, 14, 15, 16, 17, 18, 19, 20, 21, 22, 23], "edges": [[0, 1], [0, 2], [0, 5], [2, 3], [2, 4], [5, 6], [5, 19], [7, 8], [7, 19], [7, 16], [9, 10], [10, 14], [10, 12], [11, 12], [12, 21], [13, 14], [14, 17], [15, 16], [16, 23], [18, 19], [20, 21], [21, 23], [22, 23]], "heights": {"0": 0.380295, "1": 0.764293, "2": 0.530197, "3": 0.717179, "4": 0.608206, "5": 0.203944, "6": 0.340523, "7": 0.181836, "8": 0.338216, "9": 0.0, "10": 0.050005, "11": 0.0001, "12": 0.050053, "13": 0.00028, "14": 0.034338, "15": 0.00625, "16": 0.158885, "17": 0.008072, "18": 0.01101, "19": 0.194105, "20": 0.014988, "21": 0.073584, "22": 0.034912, "23": 0.084204}, "types": {"0": 1, "1": 2, "2": 1, "3": 2, "4": 2, "5": 1, "6": 2, "7": 1, "8": 2, "9": 0, "10": 1, "11": 0, "12": 1, "13": 0, "14": 1, "15": 0, "16": 1, "17": 0, "18": 0, "19": 1, "20": 0, "21": 1, "22": 0, "23": 1}, "xs": {"0": 65.0, "1": 67.0, "2": 61.0, "3": 63.0, "4": 63.0, "5": 64.0, "6": 67.0, "7": 61.0, "8": 58.0, "9": 63.0, "10": 44.0, "11": 122.0, "12": 113.0, "13": 27.0, "14": 47.0, "15": 56.0, "16": 52.0, "17": 56.0, "18": 78.0, "19": 82.0, "20": 71.0, "21": 77.0, "22": 57.0, "23": 55.0}, "ys": {"0": 138.0, "1": 153.0, "2": 113.0, "3": 126.0, "4": 105.0, "5": 54.0, "6": 51.0, "7": 53.0, "8": 51.0, "9": 37.0, "10": 0.0, "11": 147.0, "12": 0.0, "13": 152.0, "14": 107.0, "15": 156.0, "16": 154.0, "17": 108.0, "18": 151.0, "19": 150.0, "20": 129.0, "21": 126.0, "22": 126.0, "23": 126.0}, "zs": {"0": 0.0, "1": 0.0, "2": 0.0, "3": 0.0, "4": 0.0, "5": 0.0, "6": 0.0, "7": 0.0, "8": 0.0, "9": 0.0, "10": 0.0, "11": 0.0, "12": 0.0, "13": 0.0, "14": 0.0, "15": 0.0, "16": 0.0, "17": 0.0, "18": 0.0, "19": 0.0, "20": 0.0, "21": 0.0, "22": 0.0, "23": 0.0}, "vizPos": {"0": [0.5, 0.5660264574465163], "1": [0.5, 0.764293], "2": [0.6410658, 0.6568341350678164], "3": [0.6645611, 0.7454433198115439], "4": [0.6410658, 0.6953723886979352], "5": [0.5, 0.3822462773812833], "6": [0.735047, 0.5338202723933876], "7": [0.5, 0.349549704587235], "8": [0.08873825000000002, 0.5318172298370893], "9": [0.5, 0.0], "10": [0.5, 0.10213832175404362], "11": [0.5470845999999999, 0.00019459645800496523], "12": [0.5, 0.10223872537862434], "13": [0.44116774999999997, 0.0005450140442064484], "14": [0.44116774999999997, 0.0694470875353935], "15": [0.8290282, 0.012268057394913984], "16": [0.5, 0.3126799823068768], "17": [0.411798625, 0.015882832709069625], "18": [0.9230094, 0.02174542456251509], "19": [0.5, 0.3680308047483696], "20": [0.32369125, 0.029745145039616817], "21": [0.5, 0.15125113210323518], "22": [0.20621474999999997, 0.07063952009712941], "23": [0.5, 0.17303571226706405]}, "vizEdgeSegments": [[[0.5, 0.0], [0.5, 0.0], [0.5, 0.764293]], [[0.5, 0.10213832175404362], [0.44116774999999997, 0.10213832175404362], [0.44116774999999997, 0.0005450140442064484]], [[0.5, 0.10223872537862434], [0.5470845999999999, 0.10223872537862434], [0.5470845999999999, 0.00019459645800496523]], [[0.5, 0.15125113210323518], [0.32369125, 0.15125113210323518], [0.32369125, 0.029745145039616817]], [[0.5, 0.17303571226706405], [0.20621474999999997, 0.17303571226706405], [0.20621474999999997, 0.07063952009712941]], [[0.5, 0.3126799823068768], [0.8290282, 0.3126799823068768], [0.8290282, 0.012268057394913984]], [[0.5, 0.349549704587235], [0.08873825000000002, 0.349549704587235], [0.08873825000000002, 0.5318172298370893]], [[0.5, 0.3680308047483696], [0.9230094, 0.3680308047483696], [0.9230094, 0.02174542456251509]], [[0.5, 0.3822462773812833], [0.735047, 0.3822462773812833], [0.735047, 0.5338202723933876]], [[0.5, 0.5660264574465163], [0.6410658, 0.5660264574465163], [0.6410658, 0.6953723886979352]], [[0.44116774999999997, 0.0694470875353935], [0.411798625, 0.0694470875353935], [0.411798625, 0.015882832709069625]], [[0.6410658, 0.6568341350678164], [0.6645611, 0.6568341350678164], [0.6645611, 0.7454433198115439]]], "vizSegmentNodeIds": [[9, 10, 12, 21, 23, 16, 7, 19, 5, 0, 1], [10, 14, 13], [12, 11], [21, 20], [23, 22], [16, 15], [7, 8], [19, 18], [5, 6], [0, 2, 4], [14, 17], [2, 3]], "branches": [{"nodes": [9, 10, 12, 21, 23, 16, 7, 19, 5, 0, 1], "parentBranch": -1, "mode": "up", "depth": 0}, {"nodes": [10, 14, 13], "parentBranch": 0, "mode": "down", "depth": 1}, {"nodes": [12, 11], "parentBranch": 0, "mode": "down", "depth": 1}, {"nodes": [21, 20], "parentBranch": 0, "mode": "down", "depth": 1}, {"nodes": [23, 22], "parentBranch": 0, "mode": "down", "depth": 1}, {"nodes": [16, 15], "parentBranch": 0, "mode": "down", "depth": 1}, {"nodes": [7, 8], "parentBranch": 0, "mode": "up", "depth": 1}, {"nodes": [19, 18], "parentBranch": 0, "mode": "down", "depth": 1}, {"nodes": [5, 6], "parentBranch": 0, "mode": "up", "depth": 1}, {"nodes": [0, 2, 4], "parentBranch": 0, "mode": "up", "depth": 1}, {"nodes": [14, 17], "parentBranch": 1, "mode": "down", "depth": 2}, {"nodes": [2, 3], "parentBranch": 9, "mode": "up", "depth": 2}]}