{"nodes": [0, 1, 2, 3, 4, 5, 6, 7, 8, 9, 10, 11, 12, 13, 14, 15, 16, 17, 18, 19, 20, 21, 22, 23, 24, 25], "edges": [[0, 1], [0, 2], [0, 7], [2, 3], [2, 4], [4, 5], [4, 6], [7, 8], [7, 19], [9, 10], [9, 19], [9, 23], [11, 12], [12, 16], [12, 14], [13, 14], [14, 21], [15, 16], [16, 17], [18, 19], [20, 21], [21, 25], [22, 23], [23, 25], [24, 25]], "heights": {"0": 0.328954, "1": 0.769954, "2": 0.539564, "3": 0.669488, "4": 0.572135, "5": 0.600253, "6": 0.598072, "7": 0.203555, "8": 0.339982, "9": 0.180893, "10": 0.337787, "11": 0.0, "12": 0.050032, "13": 0.000163, "14": 0.050062, "15": 0.0007, "16": 0.032738, "17": 0.006035, "18": 0.018044, "19": 0.189145, "20": 0.023281, "21": 0.060692, "22": 0.033018, "23": 0.165025, "24": 0.035767, "25": 0.084926}, "types": {"0": 1, "1": 2, "2": 1, "3": 2, "4": 1, "5": 2, "6": 2, "7": 1, "8": 2, "9": 1, "10": 2, "11": 0, "12": 1, "13": 0, "14": 1, "15": 0, "16": 1, "17": 0, "18": 0, "19": 1, "20": 0, "21": 1, "22": 0, "23": 1, "24": 0, "25": 1}, "xs": {"0": 65.0, "1": 68.0, "2": 61.0, "3": 64.0, "4": 62.0, "5": 63.0, "6": 62.0, "7": 64.0, "8": 67.0, "9": 61.0, "10": 58.0, "11": 63.0, "12": 38.0, "13": 122.0, "14": 96.0, "15": 27.0, "16": 50.0, "17": 56.0, "18": 78.0, "19": 82.0, "20": 72.0, "21": 80.0, "22": 57.0, "23": 52.0, "24": 56.0, "25": 55.0}, "ys": {"0": 137.0, "1": 154.0, "2": 115.0, "3": 125.0, "4": 108.0, "5": 106.0, "6": 110.0, "7": 54.0, "8": 51.0, "9": 53.0, "10": 51.0, "11": 37.0, "12": 0.0, "13": 149.0, "14": 0.0, "15": 153.0, "16": 111.0, "17": 111.0, "18": 151.0, "19": 150.0, "20": 127.0, "21": 125.0, "22": 157.0, "23": 155.0, "24": 125.0, "25": 124.0}, "zs": {"0": 0.0, "1": 0.0, "2": 0.0, "3": 0.0, "4": 0.0, "5": 0.0, "6": 0.0, "7": 0.0, "8": 0.0, "9": 0.0, "10": 0.0, "11": 0.0, "12": 0.0, "13": 0.0, "14": 0.0, "15": 0.0, "16": 0.0, "17": 0.0, "18": 0.0, "19": 0.0, "20": 0.0, "21": 0.0, "22": 0.0, "23": 0.0, "24": 0.0, "25": 0.0}, "vizPos": {"0": [0.5, 0.485454553451576], "1": [0.5, 0.769954], "2": [0.44116774999999997, 0.6306960153279032], "3": [0.411798625, 0.7204152664539397], "4": [0.44116774999999997, 0.6537262005433176], "5": [0.47053687499999997, 0.6738692232895384], "6": [0.44116774999999997, 0.6723131627628295], "7": [0.5, 0.3527998085544503], "8": [0.20621474999999997, 0.4946350035205163], "9": [0.5, 0.32170250417051366], "10": [0.9230094, 0.49283372939376957], "11": [0.5, 0.0], "12": [0.5, 0.09417978778276104], "13": [0.5470845999999999, 0.00029047313205006405], "14": [0.5, 0.09423786531020184], "15": [0.32369125, 0.001248523105540029], "16": [0.32369125, 0.06083309661137062], "17": [0.294322125, 0.010854439395424468], "18": [0.08873825000000002, 0.032996017910576075], "19": [0.5, 0.3333265436073472], "20": [0.6410658, 0.042839433308018475], "21": [0.5, 0.11480885124737635], "22": [0.8290282, 0.06136934388341404], "23": [0.5, 0.29835852099164173], "24": [0.735047, 0.06664280890911635], "25": [0.5, 0.16115897731341103]}, "vizEdgeSegments": [[[0.5, 0.0], [0.5, 0.0], [0.5, 0.769954]], [[0.5, 0.09417978778276104], [0.32369125, 0.09417978778276104], [0.32369125, 0.001248523105540029]], [[0.5, 0.09423786531020184], [0.5470845999999999, 0.09423786531020184], [0.5470845999999999, 0.00029047313205006405]], [[0.5, 0.11480885124737635], [0.6410658, 0.11480885124737635], [0.6410658, 0.042839433308018475]], [[0.5, 0.16115897731341103], [0.735047, 0.16115897731341103], [0.735047, 0.06664280890911635]], [[0.5, 0.29835852099164173], [0.8290282, 0.29835852099164173], [0.8290282, 0.06136934388341404]], [[0.5, 0.32170250417051366], [0.9230094, 0.32170250417051366], [0.9230094, 0.49283372939376957]], [[0.5, 0.3333265436073472], [0.08873825000000002, 0.3333265436073472], [0.08873825000000002, 0.032996017910576075]], [[0.5, 0.3527998085544503], [0.20621474999999997, 0.3527998085544503], [0.20621474999999997, 0.4946350035205163]], [[0.5, 0.485454553451576], [0.44116774999999997, 0.485454553451576], [0.44116774999999997, 0.6723131627628295]], [[0.32369125, 0.06083309661137062], [0.294322125, 0.06083309661137062], [0.294322125, 0.010854439395424468]], [[0.44116774999999997, 0.6306960153279032], [0.411798625, 0.6306960153279032], [0.411798625, 0.7204152664539397]], [[0.44116774999999997, 0.6537262005433176], [0.47053687499999997, 0.6537262005433176], [0.47053687499999997, 0.6738692232895384]]], "vizSegmentNodeIds": [[11, 12, 14, 21, 25, 23, 9, 19, 7, 0, 1], [12, 16, 15], [14, 13], [21, 20], [25, 24], [23, 22], [9, 10], [19, 18], [7, 8], [0, 2, 4, 6], [16, 17], [2, 3], [4, 5]], "branches": [{"nodes": [11, 12, 14, 21, 25, 23, 9, 19, 7, 0, 1], "parentBranch": -1, "mode": "up", "depth": 0}, {"nodes": [12, 16, 15], "parentBranch": 0, "mode": "down", "depth": 1}, {"nodes": [14, 13], "parentBranch": 0, "mode": "down", "depth": 1}, {"nodes": [21, 20], "parentBranch": 0, "mode": "down", "depth": 1}, {"nodes": [25, 24], "parentBranch": 0, "mode": "down", "depth": 1}, {"nodes": [23, 22], "parentBranch": 0, "mode": "down", "depth": 1}, {"nodes": [9, 10], "parentBranch": 0, "mode": "up", "depth": 1}, {"nodes": [19, 18], "parentBranch": 0, "mode": "down", "depth": 1}, {"nodes": [7, 8], "parentBranch": 0, "mode": "up", "depth": 1}, {"nodes": [0, 2, 4, 6], "parentBranch": 0, "mode": "up", "depth": 1}, {"nodes": [16, 17], "parentBranch": 1, "mode": "down", "depth": 2}, {"nodes": [2, 3], "parentBranch": 9, "mode": "up", "depth": 2}, {"nodes": [4, 5], "parentBranch": 9, "mode": "up", "depth": 2}]}