{"nodes": [0, 1, 2, 3, 4, 5, 6, 7, 8, 9, 10, 11, 12, 13, 14, 15, 16, 17, 18, 19, 20, 21, 22, 23, 24, 25, 26, 27], "edges": [[0, 1], [0, 4], [0, 9], [2, 3], [2, 6], [2, 7], [4, 5], [4, 7], [7, 8], [9, 10], [9, 21], [11, 12], [11, 23], [11, 21], [13, 14], [14, 17], [14, 16], [15, 16], [16, 27], [18, 19], [19, 26], [19, 27], [20, 21], [22, 23], [23, 25], [24, 25], [25, 27]], "heights": {"0": 0.327258, "1": 0.756442, "2": 0.574476, "3": 0.622845, "4": 0.509883, "5": 0.622078, "6": 0.600327, "7": 0.553177, "8": 0.578213, "9": 0.203746, "10": 0.340075, "11": 0.182486, "12": 0.338552, "13": 0.0, "14": 0.05003, "15": 7.2e-05, "16": 0.050048, "17": 0.000332, "18": 0.006487, "19": 0.058388, "20": 0.012389, "21": 0.193134, "22": 0.01264, "23": 0.158218, "24": 0.020724, "25": 0.071824, "26": 0.032038, "27": 0.058402}, "types": {"0": 1, "1": 2, "2": 1, "3": 2, "4": 1, "5": 2, "6": 2, "7": 1, "8": 2, "9": 1, "10": 2, "11": 1, "12": 2, "13": 0, "14": 1, "15": 0, "16": 1, "17": 0, "18": 0, "19": 1, "20": 0, "21": 1, "22": 0, "23": 1, "24": 0, "25": 1, "26": 0, "27": 1}, "xs": {"0": 65.0, "1": 67.0, "2": 61.0, "3": 63.0, "4": 60.0, "5": 63.0, "6": 61.0, "7": 63.0, "8": 63.0, "9": 64.0, "10": 67.0, "11": 61.0, "12": 58.0, "13": 63.0, "14": 44.0, "15": 121.0, "16": 110.0, "17": 27.0, "18": 73.0, "19": 71.0, "20": 78.0, "21": 82.0, "22": 56.0, "23": 52.0, "24": 56.0, "25": 55.0, "26": 70.0, "27": 80.0}, "ys": {"0": 135.0, "1": 153.0, "2": 113.0, "3": 109.0, "4": 118.0, "5": 124.0, "6": 114.0, "7": 100.0, "8": 94.0, "9": 54.0, "10": 51.0, "11": 53.0, "12": 51.0, "13": 37.0, "14": 0.0, "15": 147.0, "16": 0.0, "17": 151.0, "18": 125.0, "19": 125.0, "20": 150.0, "21": 150.0, "22": 156.0, "23": 153.0, "24": 126.0, "25": 125.0, "26": 124.0, "27": 124.0}, "zs": {"0": 0.0, "1": 0.0, "2": 0.0, "3": 0.0, "4": 0.0, "5": 0.0, "6": 0.0, "7": 0.0, "8": 0.0, "9": 0.0, "10": 0.0, "11": 0.0, "12": 0.0, "13": 0.0, "14": 0.0, "15": 0.0, "16": 0.0, "17": 0.0, "18": 0.0, "19": 0.0, "20": 0.0, "21": 0.0, "22": 0.0, "23": 0.0, "24": 0.0, "25": 0.0, "26": 0.0, "27": 0.0}, "vizPos": {"0": [0.5, 0.43928030144861485], "1": [0.5, 0.756442], "2": [0.32369125, 0.6293456046078306], "3": [0.36285008333333335, 0.6723856997272011], "4": [0.32369125, 0.5728330129840069], "5": [0.2845324166666666, 0.6717320359436193], "6": [0.32369125, 0.6527016340713387], "7": [0.32369125, 0.6101034602334257], "8": [0.32369175, 0.6327396403309903], "9": [0.5, 0.3216825757554493], "10": [0.6410658, 0.44927139164508295], "11": [0.5, 0.2958645569715587], "12": [0.8290282, 0.44809966722205175], "13": [0.5, 0.0], "14": [0.5, 0.08753307484342836], "15": [0.44116774999999997, 0.0001193541708575942], "16": [0.5, 0.08756534083494179], "17": [0.5470845999999999, 0.000550595441624525], "18": [0.20621474999999997, 0.010864699539024468], "19": [0.20621474999999997, 0.10249654402187443], "20": [0.08873825000000002, 0.02092866470535247], "21": [0.5, 0.3090534981182368], "22": [0.9230094, 0.021360082123980106], "23": [0.5, 0.2637716663717463], "24": [0.735047, 0.03538540512852177], "25": [0.5, 0.12636294561565192], "26": [0.17684562499999995, 0.05535453304017635], "27": [0.5, 0.10252155956180685]}, "vizEdgeSegments": [[[0.5, 0.0], [0.5, 0.0], [0.5, 0.756442]], [[0.5, 0.08753307484342836], [0.5470845999999999, 0.08753307484342836], [0.5470845999999999, 0.000550595441624525]], [[0.5, 0.08756534083494179], [0.44116774999999997, 0.08756534083494179], [0.44116774999999997, 0.0001193541708575942]], [[0.5, 0.10252155956180685], [0.20621474999999997, 0.10252155956180685], [0.20621474999999997, 0.010864699539024468]], [[0.5, 0.12636294561565192], [0.735047, 0.12636294561565192], [0.735047, 0.03538540512852177]], [[0.5, 0.2637716663717463], [0.9230094, 0.2637716663717463], [0.9230094, 0.021360082123980106]], [[0.5, 0.2958645569715587], [0.8290282, 0.2958645569715587], [0.8290282, 0.44809966722205175]], [[0.5, 0.3090534981182368], [0.08873825000000002, 0.3090534981182368], [0.08873825000000002, 0.02092866470535247]], [[0.5, 0.3216825757554493], [0.6410658, 0.3216825757554493], [0.6410658, 0.44927139164508295]], [[0.5, 0.43928030144861485], [0.32369125, 0.43928030144861485], [0.32369125, 0.6527016340713387]], [[0.20621474999999997, 0.10249654402187443], [0.17684562499999995, 0.10249654402187443], [0.17684562499999995, 0.05535453304017635]], [[0.32369125, 0.5728330129840069], [0.2845324166666666, 0.5728330129840069], [0.2845324166666666, 0.6717320359436193]], [[0.32369125, 0.6101034602334257], [0.32369175, 0.6101034602334257], [0.32369175, 0.6327396403309903]], [[0.32369125, 0.6293456046078306], [0.36285008333333335, 0.6293456046078306], [0.36285008333333335, 0.6723856997272011]]], "vizSegmentNodeIds": [[13, 14, 16, 27, 25, 23, 11, 21, 9, 0, 1], [14, 17], [16, 15], [27, 19, 18], [25, 24], [23, 22], [11, 12], [21, 20], [9, 10], [0, 4, 7, 2, 6], [19, 26], [4, 5], [7, 8], [2, 3]], "branches": [{"nodes": [13, 14, 16, 27, 25, 23, 11, 21, 9, 0, 1], "parentBranch": -1, "mode": "up", "depth": 0}, {"nodes": [14, 17], "parentBranch": 0, "mode": "down", "depth": 1}, {"nodes": [16, 15], "parentBranch": 0, "mode": "down", "depth": 1}, {"nodes": [27, 19, 18], "parentBranch": 0, "mode": "down", "depth": 1}, {"nodes": [25, 24], "parentBranch": 0, "mode": "down", "depth": 1}, {"nodes": [23, 22], "parentBranch": 0, "mode": "down", "depth": 1}, {"nodes": [11, 12], "parentBranch": 0, "mode": "up", "depth": 1}, {"nodes": [21, 20], "parentBranch": 0, "mode": "down", "depth": 1}, {"nodes": [9, 10], "parentBranch": 0, "mode": "up", "depth": 1}, {"nodes": [0, 4, 7, 2, 6], "parentBranch": 0, "mode": "up", "depth": 1}, {"nodes": [19, 26], "parentBranch": 3, "mode": "down", "depth": 2}, {"nodes": [4, 5], "parentBranch": 9, "mode": "up", "depth": 2}, {"nodes": [7, 8], "parentBranch": 9, "mode": "up", "depth": 2}, {"nodes": [2, 3], "parentBranch": 9, "mode": "up", "depth": 2}]}