{"nodes": [0, 1, 2, 3, 4, 5, 6, 7, 8, 9, 10, 11, 12, 13, 14, 15, 16, 17, 18, 19, 20, 21, 22, 23, 24, 25], "edges": [[0, 1], [0, 2], [0, 9], [2, 3], [2, 4], [4, 5], [4, 6], [7, 8], [7, 21], [7, 19], [9, 10], [9, 21], [11, 12], [12, 15], [12, 14], [13, 14], [14, 25], [16, 17], [17, 25], [17, 23], [18, 19], [19, 23], [20, 21], [22, 23], [24, 25]], "heights": {"0": 0.372442, "1": 0.739677, "2": 0.484296, "3": 0.644854, "4": 0.561307, "5": 0.612361, "6": 0.591052, "7": 0.180772, "8": 0.340029, "9": 0.204152, "10": 0.33852, "11": 0.0, "12": 0.050009, "13": 0.000201, "14": 0.050064, "15": 0.000573, "16": 0.00963, "17": 0.059891, "18": 0.026878, "19": 0.157504, "20": 0.027622, "21": 0.192539, "22": 0.0291, "23": 0.060789, "24": 0.032731, "25": 0.058779}, "types": {"0": 1, "1": 2, "2": 1, "3": 2, "4": 1, "5": 2, "6": 2, "7": 1, "8": 2, "9": 1, "10": 2, "11": 0, "12": 1, "13": 0, "14": 1, "15": 0, "16": 0, "17": 1, "18": 0, "19": 1, "20": 0, "21": 1, "22": 0, "23": 1, "24": 0, "25": 1}, "xs": {"0": 60.0, "1": 58.0, "2": 65.0, "3": 61.0, "4": 64.0, "5": 62.0, "6": 64.0, "7": 61.0, "8": 58.0, "9": 64.0, "10": 67.0, "11": 63.0, "12": 83.0, "13": 4.0, "14": 48.0, "15": 99.0, "16": 52.0, "17": 45.0, "18": 70.0, "19": 73.0, "20": 47.0, "21": 43.0, "22": 55.0, "23": 54.0, "24": 68.0, "25": 69.0}, "ys": {"0": 136.0, "1": 152.0, "2": 117.0, "3": 125.0, "4": 112.0, "5": 109.0, "6": 113.0, "7": 53.0, "8": 51.0, "9": 54.0, "10": 51.0, "11": 37.0, "12": 0.0, "13": 146.0, "14": 0.0, "15": 150.0, "16": 126.0, "17": 125.0, "18": 155.0, "19": 151.0, "20": 149.0, "21": 149.0, "22": 125.0, "23": 126.0, "24": 113.0, "25": 113.0}, "zs": {"0": 0.0, "1": 0.0, "2": 0.0, "3": 0.0, "4": 0.0, "5": 0.0, "6": 0.0, "7": 0.0, "8": 0.0, "9": 0.0, "10": 0.0, "11": 0.0, "12": 0.0, "13": 0.0, "14": 0.0, "15": 0.0, "16": 0.0, "17": 0.0, "18": 0.0, "19": 0.0, "20": 0.0, "21": 0.0, "22": 0.0, "23": 0.0, "24": 0.0, "25": 0.0}, "vizPos": {"0": [0.5, 0.5026287212990518], "1": [0.5, 0.739677], "2": [0.45291539999999997, 0.5801324803227269], "3": [0.42942009999999997, 0.6901184040043867], "4": [0.45291539999999997, 0.6330727734385565], "5": [0.47641069999999996, 0.6686811420899328], "6": [0.45291539999999997, 0.653956653285639], "7": [0.5, 0.31464788659236537], "8": [0.264953, 0.4775945843749354], "9": [0.5, 0.3449167625351867], "10": [0.6410658, 0.4763873611764466], "11": [0.5, 0.0], "12": [0.5, 0.09315747163406346], "13": [0.3589342, 0.0003530157580886397], "14": [0.5, 0.09326296535832201], "15": [0.5470845999999999, 0.0010070213599824155], "16": [0.735047, 0.01718061235775403], "17": [0.5, 0.11209803981468403], "18": [0.8290282, 0.04907848997142431], "19": [0.5, 0.2815812029701734], "20": [0.9230094, 0.05047942261243715], "21": [0.5, 0.3302401163684614], "22": [0.07699059999999998, 0.05326724596712782], "23": [0.5, 0.11381581084484568], "24": [0.17097180000000003, 0.06014081130995401], "25": [0.5, 0.10996974968022676]}, "vizEdgeSegments": [[[0.5, 0.0], [0.5, 0.0], [0.5, 0.739677]], [[0.5, 0.09315747163406346], [0.5470845999999999, 0.09315747163406346], [0.5470845999999999, 0.0010070213599824155]], [[0.5, 0.09326296535832201], [0.3589342, 0.09326296535832201], [0.3589342, 0.0003530157580886397]], [[0.5, 0.10996974968022676], [0.17097180000000003, 0.10996974968022676], [0.17097180000000003, 0.06014081130995401]], [[0.5, 0.11209803981468403], [0.735047, 0.11209803981468403], [0.735047, 0.01718061235775403]], [[0.5, 0.11381581084484568], [0.07699059999999998, 0.11381581084484568], [0.07699059999999998, 0.05326724596712782]], [[0.5, 0.2815812029701734], [0.8290282, 0.2815812029701734], [0.8290282, 0.04907848997142431]], [[0.5, 0.31464788659236537], [0.264953, 0.31464788659236537], [0.264953, 0.4775945843749354]], [[0.5, 0.3302401163684614], [0.9230094, 0.3302401163684614], [0.9230094, 0.05047942261243715]], [[0.5, 0.3449167625351867], [0.6410658, 0.3449167625351867], [0.6410658, 0.4763873611764466]], [[0.5, 0.5026287212990518], [0.45291539999999997, 0.5026287212990518], [0.45291539999999997, 0.653956653285639]], [[0.45291539999999997, 0.5801324803227269], [0.42942009999999997, 0.5801324803227269], [0.42942009999999997, 0.6901184040043867]], [[0.45291539999999997, 0.6330727734385565], [0.47641069999999996, 0.6330727734385565], [0.47641069999999996, 0.6686811420899328]]], "vizSegmentNodeIds": [[11, 12, 14, 25, 17, 23, 19, 7, 21, 9, 0, 1], [12, 15], [14, 13], [25, 24], [17, 16], [23, 22], [19, 18], [7, 8], [21, 20], [9, 10], [0, 2, 4, 6], [2, 3], [4, 5]], "branches": [{"nodes": [11, 12, 14, 25, 17, 23, 19, 7, 21, 9, 0, 1], "parentBranch": -1, "mode": "up", "depth": 0}, {"nodes": [12, 15], "parentBranch": 0, "mode": "down", "depth": 1}, {"nodes": [14, 13], "parentBranch": 0, "mode": "down", "depth": 1}, {"nodes": [25, 24], "parentBranch": 0, "mode": "down", "depth": 1}, {"nodes": [17, 16], "parentBranch": 0, "mode": "down", "depth": 1}, {"nodes": [23, 22], "parentBranch": 0, "mode": "down", "depth": 1}, {"nodes": [19, 18], "parentBranch": 0, "mode": "down", "depth": 1}, {"nodes": [7, 8], "parentBranch": 0, "mode": "up", "depth": 1}, {"nodes": [21, 20], "parentBranch": 0, "mode": "down", "depth": 1}, {"nodes": [9, 10], "parentBranch": 0, "mode": "up", "depth": 1}, {"nodes": [0, 2, 4, 6], "parentBranch": 0, "mode": "up", "depth": 1}, {"nodes": [2, 3], "parentBranch": 10, "mode": "up", "depth": 2}, {"nodes": [4, 5], "parentBranch": 10, "mode": "up", "depth": 2}]}