{"nodes": [0, 1, 2, 3, 4, 5, 6, 7, 8, 9, 10, 11, 12, 13, 14, 15, 16, 17, 18, 19, 20, 21, 22, 23, 24, 25, 26, 27, 28, 29, 30, 31, 32, 33, 34, 35, 36, 37, 38, 39, 40, 41, 42, 43, 44, 45, 46, 47, 48, 49, 50, 51, 52, 53], "edges": [[0, 1], [0, 7], [0, 9], [2, 3], [2, 9], [2, 11], [4, 5], [4, 6], [4, 7], [7, 8], [9, 10], [11, 12], [11, 13], [13, 14], [13, 19], [15, 16], [15, 19], [15, 21], [17, 18], [17, 23], [17, 52], [19, 20], [21, 22], [21, 52], [24, 25], [24, 30], [24, 53], [26, 27], [26, 53], [26, 51], [28, 29], [28, 49], [28, 53], [31, 32], [32, 43], [32, 47], [33, 34], [34, 35], [34, 39], [36, 37], [37, 39], [37, 41], [38, 39], [40, 41], [41, 43], [42, 43], [44, 45], [45, 47], [45, 49], [46, 47], [48, 49], [50, 51], [51, 52]], "heights": {"0": 0.573328, "1": 0.674223, "2": 0.562492, "3": 0.660076, "4": 0.612022, "5": 0.653462, "6": 0.637781, "7": 0.59141, "8": 0.618328, "9": 0.570353, "10": 0.594481, "11": 0.55613, "12": 0.58123, "13": 0.532504, "14": 0.557102, "15": 0.490223, "16": 0.548324, "17": 0.435483, "18": 0.535799, "19": 0.498139, "20": 0.527213, "21": 0.438936, "22": 0.467606, "23": 0.467263, "24": 0.189259, "25": 0.27353, "26": 0.189911, "27": 0.271407, "28": 0.184843, "29": 0.236391, "30": 0.233026, "31": 0.0, "32": 0.049882, "33": 0.000362, "34": 0.0247, "35": 0.001017, "36": 0.006079, "37": 0.030843, "38": 0.009007, "39": 0.030587, "40": 0.009154, "41": 0.041023, "42": 0.017351, "43": 0.044467, "44": 0.033455, "45": 0.073759, "46": 0.04026, "47": 0.067024, "48": 0.050648, "49": 0.079057, "50": 0.205734, "51": 0.230444, "52": 0.399057, "53": 0.188541}, "types": {"0": 1, "1": 2, "2": 1, "3": 2, "4": 1, "5": 2, "6": 2, "7": 1, "8": 2, "9": 1, "10": 2, "11": 1, "12": 2, "13": 1, "14": 2, "15": 1, "16": 2, "17": 1, "18": 2, "19": 1, "20": 2, "21": 1, "22": 2, "23": 2, "24": 1, "25": 2, "26": 1, "27": 2, "28": 1, "29": 2, "30": 2, "31": 0, "32": 1, "33": 0, "34": 1, "35": 0, "36": 0, "37": 1, "38": 0, "39": 1, "40": 0, "41": 1, "42": 0, "43": 1, "44": 0, "45": 1, "46": 0, "47": 1, "48": 0, "49": 1, "50": 0, "51": 1, "52": 1, "53": 1}, "xs": {"0": 0.5, "1": 0.484375, "2": 0.453125, "3": 0.484375, "4": 0.484375, "5": 0.46875, "6": 0.46875, "7": 0.46875, "8": 0.484375, "9": 0.46875, "10": 0.453125, "11": 0.484375, "12": 0.484375, "13": 0.484375, "14": 0.46875, "15": 0.5, "16": 0.46875, "17": 0.484375, "18": 0.484375, "19": 0.484375, "20": 0.484375, "21": 0.484375, "22": 0.46875, "23": 0.484375, "24": 0.421875, "25": 0.421875, "26": 0.484375, "27": 0.53125, "28": 0.53125, "29": 0.53125, "30": 0.421875, "31": 0.46875, "32": 0.34375, "33": 0.265625, "34": 0.421875, "35": 0.71875, "36": 0.359375, "37": 0.328125, "38": 0.59375, "39": 0.640625, "40": 0.328125, "41": 0.3125, "42": 0.59375, "43": 0.609375, "44": 0.5625, "45": 0.578125, "46": 0.59375, "47": 0.59375, "48": 0.390625, "49": 0.375, "50": 0.4375, "51": 0.4375, "52": 0.484375, "53": 0.46875}, "ys": {"0": 1.23438, "1": 1.23438, "2": 1.25, "3": 1.20312, "4": 1.14062, "5": 1.25, "6": 1.17188, "7": 1.25, "8": 1.125, "9": 1.28125, "10": 1.26562, "11": 1.01562, "12": 0.96875, "13": 0.953125, "14": 0.96875, "15": 1.35938, "16": 1.40625, "17": 0.96875, "18": 1.07812, "19": 1.0625, "20": 1.0, "21": 0.96875, "22": 0.96875, "23": 0.96875, "24": 0.53125, "25": 0.53125, "26": 0.578125, "27": 0.53125, "28": 0.53125, "29": 0.53125, "30": 0.53125, "31": 0.453125, "32": 0.015625, "33": 1.15625, "34": 1.20312, "35": 1.14062, "36": 1.125, "37": 1.15625, "38": 1.125, "39": 1.15625, "40": 1.04688, "41": 1.07812, "42": 1.20312, "43": 1.21875, "44": 0.90625, "45": 0.90625, "46": 1.125, "47": 1.14062, "48": 0.90625, "49": 0.90625, "50": 1.1875, "51": 1.17188, "52": 0.90625, "53": 0.578125}, "zs": {"0": 0.71875, "1": 0.765625, "2": 0.796875, "3": 0.828125, "4": 0.6875, "5": 0.703125, "6": 0.640625, "7": 0.59375, "8": 0.546875, "9": 0.78125, "10": 0.78125, "11": 0.75, "12": 0.734375, "13": 0.78125, "14": 0.796875, "15": 0.734375, "16": 0.734375, "17": 0.078125, "18": 0.0, "19": 0.890625, "20": 0.890625, "21": 0.390625, "22": 0.390625, "23": 0.109375, "24": 0.265625, "25": 0.75, "26": 0.75, "27": 0.75, "28": 0.203125, "29": 0.015625, "30": 0.0, "31": 0.0, "32": 0.234375, "33": 0.9375, "34": 0.0, "35": 0.59375, "36": 0.640625, "37": 0.640625, "38": 0.84375, "39": 0.828125, "40": 0.734375, "41": 0.734375, "42": 0.609375, "43": 0.578125, "44": 0.25, "45": 0.265625, "46": 0.5625, "47": 0.578125, "48": 0.234375, "49": 0.234375, "50": 0.890625, "51": 0.890625, "52": 0.234375, "53": 0.765625}, "vizPos": {"0": [0.5, 0.5592661716557185], "1": [0.5, 0.674223], "2": [0.5, 0.5439287031358806], "3": [0.6052631578947368, 0.6626905583386352], "4": [0.026315789473684237, 0.6112469271655515], "5": [0.052631578947368474, 0.6567132746832448], "6": [0.026315789473684237, 0.6410776109891717], "7": [0.026315789473684237, 0.5843327982203718], "8": [0.0, 0.6189862143892086], "9": [0.5, 0.555067425436869], "10": [0.5526315789473684, 0.5884777820800136], "11": [0.5, 0.5349037259076599], "12": [0.868421052631579, 0.5703362441225529], "13": [0.5, 0.5019093604620646], "14": [0.3421052631578947, 0.5362815566765003], "15": [0.5, 0.4484011003790155], "16": [0.2894736842105263, 0.5238740072614062], "17": [0.2368421052631579, 0.3949021486376462], "18": [0.21052631578947367, 0.5064245395072026], "19": [0.5, 0.45768561936439234], "20": [0.8157894736842106, 0.4947417429042343], "21": [0.5, 0.39771871508763584], "22": [0.763157894736842, 0.4239978315342163], "23": [0.2368421052631579, 0.423652562690681], "24": [0.6578947368421053, 0.233017817225105], "25": [0.631578947368421, 0.3028504829283227], "26": [0.5, 0.2336158065072179], "27": [0.18421052631578944, 0.3014062097068492], "28": [0.5, 0.22896090618103224], "29": [0.13157894736842102, 0.27473856069004154], "30": [0.6578947368421053, 0.2719252839448186], "31": [0.5, 0.0], "32": [0.5, 0.07486969207728297], "33": [0.430921052631579, 0.0004987699889572716], "34": [0.430921052631579, 0.03614875991421508], "35": [0.4292763157894737, 0.0014041531985492174], "36": [0.4342105263157895, 0.008521940347042418], "37": [0.4342105263157895, 0.04557537113139756], "38": [0.4276315789473684, 0.012729712615560473], "39": [0.4276315789473684, 0.04518103081268295], "40": [0.42105263157894735, 0.0129425823089816], "41": [0.42105263157894735, 0.061286609609887896], "42": [0.4473684210526316, 0.0250277700715502], "43": [0.4473684210526316, 0.0665873859880838], "44": [0.39473684210526316, 0.04960345333545705], "45": [0.5, 0.10984899632461621], "46": [0.9210526315789473, 0.06010999287376517], "47": [0.5, 0.10031208975940571], "48": [0.07894736842105265, 0.07603440921576628], "49": [0.5, 0.11712997493293233], "50": [0.7105263157894737, 0.2480208384148675], "51": [0.5, 0.2697424263737791], "52": [0.5, 0.36940282759807064], "53": [0.5, 0.23235898685409212]},