{"nodes": [0, 1, 2, 3, 4, 5, 6, 7, 8, 9, 10, 11, 12, 13, 14, 15, 16, 17, 18, 19, 20, 21, 22, 23, 24, 25, 26, 27, 28, 29, 30, 31, 32, 33, 34, 35, 36, 37, 38, 39, 40, 41, 42, 43, 44, 45], "edges": [[0, 1], [0, 2], [0, 43], [3, 4], [3, 7], [3, 5], [5, 6], [5, 8], [8, 9], [8, 43], [10, 11], [10, 43], [10, 12], [12, 13], [12, 17], [14, 15], [14, 16], [14, 19], [17, 18], [17, 45], [19, 20], [19, 45], [21, 22], [21, 25], [21, 44], [23, 24], [23, 27], [23, 44], [25, 26], [25, 40], [28, 29], [29, 36], [29, 38], [30, 31], [31, 32], [31, 34], [33, 34], [34, 36], [35, 36], [37, 38], [38, 42], [39, 40], [40, 42], [41, 42], [44, 45]], "heights": {"0": 0.616211, "1": 0.675345, "2": 0.654481, "3": 0.567782, "4": 0.652109, "5": 0.559384, "6": 0.627477, "7": 0.610592, "8": 0.553212, "9": 0.60173, "10": 0.531515, "11": 0.582747, "12": 0.521326, "13": 0.560671, "14": 0.452578, "15": 0.524841, "16": 0.487484, "17": 0.433936, "18": 0.461156, "19": 0.408001, "20": 0.435658, "21": 0.189533, "22": 0.272512, "23": 0.190143, "24": 0.272307, "25": 0.186729, "26": 0.23475, "27": 0.233329, "28": 0.0, "29": 0.049892, "30": 0.001, "31": 0.032938, "32": 0.001256, "33": 0.012204, "34": 0.034259, "35": 0.014748, "36": 0.042911, "37": 0.031175, "38": 0.055259, "39": 0.037545, "40": 0.076513, "41": 0.043572, "42": 0.067924, "43": 0.540664, "44": 0.189616, "45": 0.39822}, "types": {"0": 1, "1": 2, "2": 2, "3": 1, "4": 2, "5": 1, "6": 2, "7": 2, "8": 1, "9": 2, "10": 1, "11": 2, "12": 1, "13": 2, "14": 1, "15": 2, "16": 2, "17": 1, "18": 2, "19": 1, "20": 2, "21": 1, "22": 2, "23": 1, "24": 2, "25": 1, "26": 2, "27": 2, "28": 0, "29": 1, "30": 0, "31": 1, "32": 0, "33": 0, "34": 1, "35": 0, "36": 1, "37": 0, "38": 1, "39": 0, "40": 1, "41": 0, "42": 1, "43": 1, "44": 1, "45": 1}, "xs": {"0": 0.46875, "1": 0.46875, "2": 0.46875, "3": 0.484375, "4": 0.484375, "5": 0.453125, "6": 0.484375, "7": 0.46875, "8": 0.515625, "9": 0.515625, "10": 0.5, "11": 0.46875, "12": 0.46875, "13": 0.453125, "14": 0.484375, "15": 0.46875, "16": 0.484375, "17": 0.5, "18": 0.5, "19": 0.46875, "20": 0.46875, "21": 0.46875, "22": 0.421875, "23": 0.53125, "24": 0.53125, "25": 0.421875, "26": 0.421875, "27": 0.53125, "28": 0.46875, "29": 0.28125, "30": 0.25, "31": 0.453125, "32": 0.71875, "33": 0.59375, "34": 0.625, "35": 0.578125, "36": 0.578125, "37": 0.546875, "38": 0.5, "39": 0.5625, "40": 0.578125, "41": 0.390625, "42": 0.375, "43": 0.484375, "44": 0.484375, "45": 0.46875}, "ys": {"0": 1.20312, "1": 1.1875, "2": 1.21875, "3": 1.07812, "4": 1.23438, "5": 1.20312, "6": 1.15625, "7": 1.0625, "8": 1.23438, "9": 1.21875, "10": 1.09375, "11": 1.07812, "12": 1.35938, "13": 1.39062, "14": 0.984375, "15": 1.03125, "16": 0.96875, "17": 0.953125, "18": 0.96875, "19": 0.90625, "20": 0.859375, "21": 0.578125, "22": 0.53125, "23": 0.53125, "24": 0.53125, "25": 0.53125, "26": 0.53125, "27": 0.53125, "28": 0.453125, "29": 0.03125, "30": 1.14062, "31": 1.21875, "32": 1.125, "33": 1.14062, "34": 1.125, "35": 1.15625, "36": 1.15625, "37": 1.20312, "38": 1.21875, "39": 0.90625, "40": 0.90625, "41": 0.90625, "42": 0.90625, "43": 1.26562, "44": 0.578125, "45": 0.921875}, "zs": {"0": 0.671875, "1": 0.703125, "2": 0.65625, "3": 0.78125, "4": 0.78125, "5": 0.84375, "6": 0.890625, "7": 0.796875, "8": 0.75, "9": 0.734375, "10": 0.53125, "11": 0.484375, "12": 0.734375, "13": 0.734375, "14": 0.078125, "15": 0.03125, "16": 0.09375, "17": 0.546875, "18": 0.546875, "19": 0.0, "20": 0.0, "21": 0.734375, "22": 0.75, "23": 0.265625, "24": 0.75, "25": 0.234375, "26": 0.0, "27": 0.0, "28": 0.0, "29": 0.0625, "30": 0.90625, "31": 0.484375, "32": 0.609375, "33": 0.875, "34": 0.90625, "35": 0.546875, "36": 0.515625, "37": 0.96875, "38": 0.96875, "39": 0.21875, "40": 0.1875, "41": 0.25, "42": 0.25, "43": 0.734375, "44": 0.71875, "45": 0.265625}, "vizPos": {"0": [0.5, 0.6169053686226735], "1": [0.5, 0.675345], "2": [0.0, 0.6576318655831981], "3": [0.9322972437888198, 0.5544581771235368], "4": [0.8608695652173912, 0.6554066948814363], "5": [0.9322972437888198, 0.5430343757322801], "6": [0.8965829580745341, 0.6299020288034128], "7": [0.9322972437888198, 0.6101515565664124], "8": [0.9322972437888198, 0.5346188272663344], "9": [0.9680115295031055, 0.599173913252178], "10": [0.5, 0.505244107062665], "11": [0.35714285714285715, 0.5745677082819991], "12": [0.5, 0.491734389032252], "13": [0.2857142857142857, 0.5447882086920928], "14": [0.10714285714285715, 0.41005181805044516], "15": [0.1250000000000001, 0.49636620207519067], "16": [0.10714285714285715, 0.4491767490294223], "17": [0.5, 0.39140654250906326], "18": [0.7857142857142857, 0.41917211861397985], "19": [0.1428571428571429, 0.36825193197022815], "20": [0.1428571428571429, 0.39305977402144865], "21": [0.5, 0.21449588749739157], "22": [0.7142857142857143, 0.2795137951159396], "23": [0.2142857142857143, 0.2150194704288822], "24": [0.1785714285714286, 0.2793738913166097], "25": [0.5, 0.21208333765536624], "26": [0.8571428571428571, 0.25180529295136134], "27": [0.2142857142857143, 0.25069088346401347], "28": [0.5, 0.0], "29": [0.5, 0.06580031473769213], "30": [0.4107142857142857, 0.0012090784120996304], "31": [0.4107142857142857, 0.042735209798300006], "32": [0.4017857142857143, 0.001519768638997182], "33": [0.39285714285714285, 0.01521431491426525], "34": [0.39285714285714285, 0.04452898518672771], "35": [0.4285714285714286, 0.01849800988134662], "36": [0.4285714285714286, 0.05631072254631967], "37": [0.5714285714285714, 0.04034542041670165], "38": [0.5, 0.07304382502060205], "39": [0.6428571428571428, 0.048999483970022836], "40": [0.5, 0.10080282994418176], "41": [0.0714285714285714, 0.05721109972217884], "42": [0.5, 0.08980582982069679], "43": [0.5, 0.5175591040435976], "44": [0.5, 0.21456715563583503], "45": [0.5, 0.3603668930750847]},