{"nodes": [0, 1, 2, 3, 4, 5, 6, 7, 8, 9, 10, 11, 12, 13, 14, 15, 16, 17, 18, 19, 20, 21, 22, 23, 24, 25, 26, 27, 28, 29, 30, 31, 32, 33, 34, 35, 36, 37, 38, 39, 40, 41, 42, 43, 44, 45, 46, 47, 48, 49, 50, 51, 52, 53, 54, 55, 56, 57, 58, 59, 60, 61], "edges": [[0, 1], [0, 4], [0, 2], [2, 3], [2, 59], [5, 6], [5, 10], [5, 59], [7, 8], [7, 9], [7, 58], [11, 12], [11, 59], [11, 19], [13, 14], [13, 23], [13, 60], [15, 16], [15, 21], [15, 24], [17, 18], [17, 58], [17, 21], [19, 20], [19, 58], [21, 22], [24, 25], [24, 26], [26, 27], [26, 60], [28, 29], [28, 60], [28, 57], [30, 31], [30, 34], [30, 61], [32, 33], [32, 61], [32, 57], [35, 36], [35, 55], [35, 61], [37, 38], [38, 49], [38, 51], [39, 40], [40, 41], [40, 43], [42, 43], [43, 47], [44, 45], [45, 47], [45, 49], [46, 47], [48, 49], [50, 51], [51, 53], [52, 53], [53, 55], [54, 55], [56, 57]], "heights": {"0": 0.618633, "1": 0.667218, "2": 0.613724, "3": 0.662032, "4": 0.650751, "5": 0.52278, "6": 0.584925, "7": 0.53472, "8": 0.566964, "9": 0.565013, "10": 0.564245, "11": 0.514404, "12": 0.535925, "13": 0.435654, "14": 0.529913, "15": 0.464888, "16": 0.522938, "17": 0.484734, "18": 0.521635, "19": 0.493403, "20": 0.515723, "21": 0.472453, "22": 0.49801, "23": 0.461449, "24": 0.41873, "25": 0.447178, "26": 0.414679, "27": 0.438992, "28": 0.397558, "29": 0.427015, "30": 0.189954, "31": 0.271691, "32": 0.188413, "33": 0.271604, "34": 0.236185, "35": 0.18435, "36": 0.234092, "37": 0.0, "38": 0.049904, "39": 0.001197, "40": 0.030669, "41": 0.001375, "42": 0.006244, "43": 0.033108, "44": 0.012194, "45": 0.038673, "46": 0.012336, "47": 0.0349, "48": 0.016199, "49": 0.04152, "50": 0.023573, "51": 0.051339, "52": 0.042127, "53": 0.074044, "54": 0.0438, "55": 0.074891, "56": 0.201728, "57": 0.228436, "58": 0.490309, "59": 0.516355, "60": 0.401619, "61": 0.187217}, "types": {"0": 1, "1": 2, "2": 1, "3": 2, "4": 2, "5": 1, "6": 2, "7": 1, "8": 2, "9": 2, "10": 2, "11": 1, "12": 2, "13": 1, "14": 2, "15": 1, "16": 2, "17": 1, "18": 2, "19": 1, "20": 2, "21": 1, "22": 2, "23": 2, "24": 1, "25": 2, "26": 1, "27": 2, "28": 1, "29": 2, "30": 1, "31": 2, "32": 1, "33": 2, "34": 2, "35": 1, "36": 2, "37": 0, "38": 1, "39": 0, "40": 1, "41": 0, "42": 0, "43": 1, "44": 0, "45": 1, "46": 0, "47": 1, "48": 0, "49": 1, "50": 0, "51": 1, "52": 0, "53": 1, "54": 0, "55": 1, "56": 0, "57": 1, "58": 1, "59": 1, "60": 1, "61": 1}, "xs": {"0": 0.46875, "1": 0.46875, "2": 0.46875, "3": 0.46875, "4": 0.46875, "5": 0.5, "6": 0.46875, "7": 0.5, "8": 0.515625, "9": 0.484375, "10": 0.515625, "11": 0.46875, "12": 0.46875, "13": 0.46875, "14": 0.484375, "15": 0.46875, "16": 0.484375, "17": 0.46875, "18": 0.453125, "19": 0.484375, "20": 0.484375, "21": 0.484375, "22": 0.484375, "23": 0.484375, "24": 0.484375, "25": 0.484375, "26": 0.484375, "27": 0.46875, "28": 0.5, "29": 0.484375, "30": 0.53125, "31": 0.53125, "32": 0.46875, "33": 0.421875, "34": 0.53125, "35": 0.421875, "36": 0.421875, "37": 0.46875, "38": 0.296875, "39": 0.296875, "40": 0.484375, "41": 0.703125, "42": 0.625, "43": 0.65625, "44": 0.40625, "45": 0.359375, "46": 0.359375, "47": 0.359375, "48": 0.59375, "49": 0.609375, "50": 0.40625, "51": 0.390625, "52": 0.5625, "53": 0.578125, "54": 0.390625, "55": 0.375, "56": 0.421875, "57": 0.40625, "58": 0.453125, "59": 0.484375, "60": 0.484375, "61": 0.484375}, "ys": {"0": 1.20312, "1": 1.20312, "2": 1.32812, "3": 1.28125, "4": 1.21875, "5": 1.15625, "6": 1.10938, "7": 1.15625, "8": 1.17188, "9": 1.125, "10": 1.1875, "11": 1.0, "12": 0.96875, "13": 0.96875, "14": 1.04688, "15": 0.859375, "16": 0.921875, "17": 1.0625, "18": 1.03125, "19": 0.96875, "20": 0.921875, "21": 0.84375, "22": 0.875, "23": 0.96875, "24": 0.890625, "25": 0.953125, "26": 0.921875, "27": 0.921875, "28": 0.953125, "29": 0.84375, "30": 0.53125, "31": 0.53125, "32": 0.578125, "33": 0.53125, "34": 0.53125, "35": 0.53125, "36": 0.53125, "37": 0.453125, "38": 0.0625, "39": 0.921875, "40": 1.23438, "41": 1.125, "42": 1.07812, "43": 1.125, "44": 0.953125, "45": 0.953125, "46": 1.1875, "47": 1.17188, "48": 1.15625, "49": 1.17188, "50": 1.26562, "51": 1.26562, "52": 0.90625, "53": 0.90625, "54": 0.90625, "55": 0.90625, "56": 1.1875, "57": 1.17188, "58": 1.15625, "59": 1.1875, "60": 0.90625, "61": 0.578125}, "zs": {"0": 0.78125, "1": 0.796875, "2": 0.734375, "3": 0.6875, "4": 0.765625, "5": 0.90625, "6": 0.953125, "7": 0.5625, "8": 0.5625, "9": 0.578125, "10": 0.875, "11": 0.875, "12": 0.890625, "13": 0.09375, "14": 0.015625, "15": 0.578125, "16": 0.5625, "17": 0.46875, "18": 0.4375, "19": 0.640625, "20": 0.625, "21": 0.609375, "22": 0.59375, "23": 0.09375, "24": 0.984375, "25": 0.984375, "26": 0.34375, "27": 0.328125, "28": 0.015625, "29": 0.0, "30": 0.3125, "31": 0.734375, "32": 0.703125, "33": 0.71875, "34": 0.015625, "35": 0.21875, "36": 0.0, "37": 0.0, "38": 0.296875, "39": 0.234375, "40": 0.5, "41": 0.578125, "42": 0.71875, "43": 0.84375, "44": 0.96875, "45": 0.96875, "46": 0.890625, "47": 0.875, "48": 0.890625, "49": 0.875, "50": 0.5625, "51": 0.5625, "52": 0.234375, "53": 0.234375, "54": 0.25, "55": 0.1875, "56": 0.859375, "57": 0.859375, "58": 0.609375, "59": 0.859375, "60": 0.265625, "61": 0.71875}, "vizPos": {"0": [0.5, 0.6327795990184313], "1": [0.5, 0.667218], "2": [0.5, 0.628366287604644], "3": [0.9545454545454546, 0.6642986366203533], "4": [0.0, 0.6573443351243415], "5": [0.36363636363636365, 0.5123093078585939], "6": [0.34090909090909094, 0.5986306001359081], "7": [0.5909090909090909, 0.5308330394397933], "8": [0.5681818181818182, 0.5766125834777472], "9": [0.5909090909090909, 0.574060557328467], "10": [0.36363636363636365, 0.5730475624230614], "11": [0.5, 0.4990092985430526], "12": [0.2727272727272727, 0.5326653192089321], "13": [0.7272727272727273, 0.379438478090873], "14": [0.7045454545454545, 0.5234508547016212], "15": [0.5, 0.4206817893361166], "16": [0.6818181818181819, 0.5125581918658649], "17": [0.5, 0.4514220607459982], "18": [0.18181818181818182, 0.5105031799761762], "19": [0.5, 0.46525515170832227], "20": [0.09090909090909094, 0.5011156590227978], "21": [0.5, 0.4322029175351802], "22": [0.04545454545454547, 0.4726574292678213], "23": [0.7272727272727273, 0.4155426150521838], "24": [0.5, 0.3585645228947674], "25": [0.45454545454545453, 0.3949888194783981], "26": [0.5, 0.3539409795544921], "27": [0.22727272727272724, 0.38383767979593053], "28": [0.5, 0.33606026518331383], "29": [0.909090909090909, 0.3684760574500877], "30": [0.6363636363636364, 0.19728240458167665], "31": [0.6136363636363636, 0.255870342233377], "32": [0.5, 0.19610108146079466], "33": [0.3181818181818182, 0.2558171703530074], "34": [0.6363636363636364, 0.2321665690484114], "35": [0.5, 0.19299065285203432], "36": [0.8181818181818181, 0.2306547929297571], "37": [0.5, 0.0], "38": [0.5, 0.06637907405311273], "39": [0.53125, 0.0014593711454030985], "40": [0.53125, 0.040224604042314496], "41": [0.5298295454545454, 0.0016774335547708932], "42": [0.5284090909090909, 0.007742118254559016], "43": [0.5284090909090909, 0.0435641473568861], "44": [0.5227272727272727, 0.015388610921223513], "45": [0.5227272727272727, 0.05118133115989606], "46": [0.5340909090909091, 0.015573889450317863], "47": [0.5340909090909091, 0.04601870165629434], "48": [0.5454545454545454, 0.020657703497101235], "49": [0.5454545454545454, 0.05506483437240938], "50": [0.7727272727272727, 0.03055293640589306], "51": [0.5, 0.06828999664636443], "52": [0.40909090909090906, 0.05589080166560464], "53": [0.5, 0.09693358963946454], "54": [0.8636363636363636, 0.058162780754148304], "55": [0.5, 0.09793188989587233], "56": [0.13636363636363635, 0.20632074640500367], "57": [0.5, 0.22651926743170697], "58": [0.5, 0.4603002673868551], "59": [0.5, 0.5021235590154294], "60": [0.5, 0.34005739138964036], "61": [0.5, 0.1951848008916291]},