{"nodes": [0, 1, 2, 3, 4, 5, 6, 7, 8, 9, 10, 11, 12, 13, 14, 15, 16, 17, 18, 19, 20, 21, 22, 23, 24, 25, 26, 27, 28, 29, 30, 31, 32, 33, 34, 35, 36, 37, 38, 39, 40, 41, 42, 43, 44, 45, 46, 47, 48, 49, 50, 51, 52, 53], "edges": [[0, 1], [0, 2], [0, 8], [3, 4], [3, 5], [3, 51], [6, 7], [6, 12], [6, 52], [8, 9], [8, 51], [10, 11], [10, 14], [10, 52], [12, 13], [12, 51], [15, 16], [15, 52], [15, 20], [17, 18], [17, 19], [17, 22], [20, 21], [20, 53], [22, 23], [22, 53], [24, 25], [24, 50], [24, 26], [26, 27], [26, 30], [28, 29], [28, 48], [28, 30], [30, 31], [32, 33], [33, 40], [33, 44], [34, 35], [35, 36], [35, 38], [37, 38], [38, 40], [39, 40], [41, 42], [42, 44], [42, 46], [43, 44], [45, 46], [46, 48], [47, 48], [49, 50], [50, 53]], "heights": {"0": 0.603119, "1": 0.682294, "2": 0.65098, "3": 0.52082, "4": 0.598485, "5": 0.592579, "6": 0.50287, "7": 0.552409, "8": 0.520734, "9": 0.544242, "10": 0.503497, "11": 0.541982, "12": 0.516602, "13": 0.539711, "14": 0.529945, "15": 0.488341, "16": 0.525143, "17": 0.443678, "18": 0.488716, "19": 0.484086, "20": 0.446474, "21": 0.472313, "22": 0.409916, "23": 0.431894, "24": 0.188946, "25": 0.272459, "26": 0.186831, "27": 0.271765, "28": 0.184418, "29": 0.233791, "30": 0.186341, "31": 0.233651, "32": 0.0, "33": 0.049912, "34": 0.000697, "35": 0.028785, "36": 0.000892, "37": 0.007353, "38": 0.031255, "39": 0.011814, "40": 0.036685, "41": 0.034266, "42": 0.078962, "43": 0.034399, "44": 0.059355, "45": 0.121252, "46": 0.145085, "47": 0.134961, "48": 0.16239, "49": 0.183959, "50": 0.258609, "51": 0.519812, "52": 0.497439, "53": 0.398762}, "types": {"0": 1, "1": 2, "2": 2, "3": 1, "4": 2, "5": 2, "6": 1, "7": 2, "8": 1, "9": 2, "10": 1, "11": 2, "12": 1, "13": 2, "14": 2, "15": 1, "16": 2, "17": 1, "18": 2, "19": 2, "20": 1, "21": 2, "22": 1, "23": 2, "24": 1, "25": 2, "26": 1, "27": 2, "28": 1, "29": 2, "30": 1, "31": 2, "32": 0, "33": 1, "34": 0, "35": 1, "36": 0, "37": 0, "38": 1, "39": 0, "40": 1, "41": 0, "42": 1, "43": 0, "44": 1, "45": 0, "46": 1, "47": 0, "48": 1, "49": 0, "50": 1, "51": 1, "52": 1, "53": 1}, "xs": {"0": 0.453125, "1": 0.484375, "2": 0.46875, "3": 0.46875, "4": 0.5, "5": 0.453125, "6": 0.484375, "7": 0.46875, "8": 0.484375, "9": 0.484375, "10": 0.484375, "11": 0.4375, "12": 0.484375, "13": 0.484375, "14": 0.5, "15": 0.46875, "16": 0.46875, "17": 0.484375, "18": 0.453125, "19": 0.5, "20": 0.484375, "21": 0.46875, "22": 0.484375, "23": 0.484375, "24": 0.484375, "25": 0.53125, "26": 0.46875, "27": 0.421875, "28": 0.421875, "29": 0.421875, "30": 0.53125, "31": 0.53125, "32": 0.46875, "33": 0.6875, "34": 0.25, "35": 0.53125, "36": 0.703125, "37": 0.640625, "38": 0.65625, "39": 0.328125, "40": 0.3125, "41": 0.390625, "42": 0.375, "43": 0.390625, "44": 0.390625, "45": 0.375, "46": 0.375, "47": 0.53125, "48": 0.546875, "49": 0.5, "50": 0.484375, "51": 0.453125, "52": 0.515625, "53": 0.46875}, "ys": {"0": 1.21875, "1": 1.25, "2": 1.28125, "3": 1.125, "4": 1.125, "5": 1.17188, "6": 1.07812, "7": 1.0625, "8": 1.0625, "9": 1.04688, "10": 1.09375, "11": 1.125, "12": 1.03125, "13": 1.0, "14": 1.03125, "15": 0.921875, "16": 0.890625, "17": 1.01562, "18": 1.03125, "19": 0.96875, "20": 0.984375, "21": 0.96875, "22": 0.921875, "23": 0.890625, "24": 0.578125, "25": 0.53125, "26": 0.578125, "27": 0.53125, "28": 0.53125, "29": 0.53125, "30": 0.53125, "31": 0.53125, "32": 0.453125, "33": 0.078125, "34": 1.14062, "35": 1.21875, "36": 1.125, "37": 1.07812, "38": 1.09375, "39": 1.0625, "40": 1.0625, "41": 0.90625, "42": 0.90625, "43": 1.20312, "44": 1.20312, "45": 1.10938, "46": 1.10938, "47": 1.09375, "48": 1.125, "49": 1.09375, "50": 1.125, "51": 1.21875, "52": 1.10938, "53": 0.90625}, "zs": {"0": 0.796875, "1": 0.71875, "2": 0.828125, "3": 0.5625, "4": 0.53125, "5": 0.59375, "6": 0.5, "7": 0.484375, "8": 0.640625, "9": 0.625, "10": 0.953125, "11": 0.96875, "12": 0.609375, "13": 0.609375, "14": 0.921875, "15": 0.671875, "16": 0.65625, "17": 0.0625, "18": 0.015625, "19": 0.078125, "20": 0.9375, "21": 0.953125, "22": 0.0, "23": 0.0, "24": 0.8125, "25": 0.734375, "26": 0.796875, "27": 0.765625, "28": 0.265625, "29": 0.0, "30": 0.28125, "31": 0.0, "32": 0.0, "33": 0.453125, "34": 0.890625, "35": 0.5, "36": 0.59375, "37": 0.75, "38": 0.6875, "39": 0.765625, "40": 0.75, "41": 0.234375, "42": 0.203125, "43": 0.5625, "44": 0.546875, "45": 0.8125, "46": 0.828125, "47": 0.953125, "48": 0.953125, "49": 0.0, "50": 0.015625, "51": 0.609375, "52": 0.90625, "53": 0.265625}, "vizPos": {"0": [0.5, 0.6287282851586735], "1": [0.5, 0.682294], "2": [0.04999999999999999, 0.6664168729026673], "3": [0.25, 0.5197896235828243], "4": [0.22499999999999998, 0.6240631500870901], "5": [0.25, 0.617837980444697], "6": [0.5, 0.4915870520848704], "7": [0.19999999999999996, 0.5673562370834216], "8": [0.5, 0.5196550144093891], "9": [0.8, 0.5555441954501045], "10": [0.9, 0.4925696700437003], "11": [0.875, 0.5522027008628737], "12": [0.5, 0.5131738649496026], "13": [0.8500000000000001, 0.5488162551055145], "14": [0.9, 0.5339704363738569], "15": [0.5, 0.4690952142805168], "16": [0.14999999999999997, 0.5265358906742594], "17": [0.07499999999999996, 0.40721742236350533], "18": [0.08749999999999997, 0.46966671199804094], "19": [0.07499999999999996, 0.46265448882942944], "20": [0.5, 0.4106511368571969], "21": [0.75, 0.44533047103967033], "22": [0.09999999999999998, 0.3710134902537081], "23": [0.09999999999999998, 0.39347773840049916], "24": [0.5, 0.2044788813691358], "25": [0.45, 0.278937191825339], "26": [0.5, 0.20231070354852926], "27": [0.4, 0.27843310870132076], "28": [0.5, 0.19982759118971025], "29": [0.0, 0.24770654428844968], "30": [0.5, 0.2018072578893879], "31": [0.95, 0.24758208770365425], "32": [0.5, 0.0], "33": [0.5, 0.05414695252560511], "34": [0.5875, 0.0006802158412872062], "35": [0.5875, 0.030263107814724913], "36": [0.58125, 0.0008710867815149144], "37": [0.575, 0.00732942020703608], "38": [0.575, 0.03301484240574307], "39": [0.6, 0.011929761529773444], "40": [0.6, 0.03911415103827157], "41": [0.65, 0.03638939791701745], "42": [0.5, 0.08705921266363252], "43": [0.35, 0.03653891327569168], "44": [0.5, 0.06491767341116265], "45": [0.3, 0.13313732194363306], "46": [0.5, 0.15850535678572805], "47": [0.7, 0.14775102391224743], "48": [0.5, 0.17681750831616935], "49": [0.55, 0.1993541751767166], "50": [0.5, 0.26848794437338175], "51": [0.5, 0.5182110539904948], "52": [0.5, 0.48310809439859376], "53": [0.5, 0.3611126995377092]},