{"nodes": [0, 1, 2, 3, 4, 5, 6, 7, 8, 9, 10, 11, 12, 13, 14, 15, 16, 17, 18, 19, 20, 21, 22, 23, 24, 25, 26, 27, 28, 29, 30, 31, 32, 33, 34, 35, 36, 37, 38, 39, 40, 41, 42, 43, 44, 45, 46, 47, 48, 49, 50, 51, 52, 53, 54, 55, 56, 57, 58, 59, 60, 61, 62, 63], "edges": [[0, 1], [0, 2], [0, 62], [3, 4], [3, 5], [3, 6], [6, 7], [6, 62], [8, 9], [8, 14], [8, 20], [10, 11], [10, 62], [10, 18], [12, 13], [12, 30], [12, 63], [14, 15], [14, 16], [16, 17], [16, 18], [18, 19], [20, 21], [20, 22], [22, 23], [22, 24], [24, 25], [24, 26], [26, 27], [26, 28], [28, 29], [28, 63], [31, 32], [31, 35], [31, 33], [33, 34], [33, 61], [35, 36], [35, 37], [37, 38], [37, 59], [39, 40], [40, 49], [40, 55], [41, 42], [42, 43], [42, 45], [44, 45], [45, 47], [46, 47], [47, 49], [48, 49], [50, 51], [51, 57], [51, 53], [52, 53], [53, 59], [54, 55], [55, 57], [56, 57], [58, 59], [60, 61], [61, 63]], "heights": {"0": 0.572744, "1": 0.649789, "2": 0.639949, "3": 0.576453, "4": 0.637245, "5": 0.614935, "6": 0.573511, "7": 0.60329, "8": 0.512382, "9": 0.599551, "10": 0.557077, "11": 0.586611, "12": 0.401892, "13": 0.573752, "14": 0.51871, "15": 0.549378, "16": 0.522581, "17": 0.548001, "18": 0.524937, "19": 0.547485, "20": 0.490762, "21": 0.534638, "22": 0.489526, "23": 0.524885, "24": 0.475951, "25": 0.499785, "26": 0.466602, "27": 0.491576, "28": 0.434793, "29": 0.470369, "30": 0.448847, "31": 0.189582, "32": 0.273424, "33": 0.191255, "34": 0.271855, "35": 0.188162, "36": 0.236386, "37": 0.184667, "38": 0.234563, "39": 0.0, "40": 0.049907, "41": 0.001061, "42": 0.029015, "43": 0.00135, "44": 0.008957, "45": 0.030488, "46": 0.009387, "47": 0.035654, "48": 0.013126, "49": 0.036323, "50": 0.038561, "51": 0.078653, "52": 0.041481, "53": 0.07885, "54": 0.041829, "55": 0.063644, "56": 0.044124, "57": 0.071165, "58": 0.083658, "59": 0.106717, "60": 0.217749, "61": 0.252194, "62": 0.572387, "63": 0.400094}, "types": {"0": 1, "1": 2, "2": 2, "3": 1, "4": 2, "5": 2, "6": 1, "7": 2, "8": 1, "9": 2, "10": 1, "11": 2, "12": 1, "13": 2, "14": 1, "15": 2, "16": 1, "17": 2, "18": 1, "19": 2, "20": 1, "21": 2, "22": 1, "23": 2, "24": 1, "25": 2, "26": 1, "27": 2, "28": 1, "29": 2, "30": 2, "31": 1, "32": 2, "33": 1, "34": 2, "35": 1, "36": 2, "37": 1, "38": 2, "39": 0, "40": 1, "41": 0, "42": 1, "43": 0, "44": 0, "45": 1, "46": 0, "47": 1, "48": 0, "49": 1, "50": 0, "51": 1, "52": 0, "53": 1, "54": 0, "55": 1, "56": 0, "57": 1, "58": 0, "59": 1, "60": 0, "61": 1, "62": 1, "63": 1}, "xs": {"0": 0.453125, "1": 0.46875, "2": 0.484375, "3": 0.46875, "4": 0.484375, "5": 0.484375, "6": 0.453125, "7": 0.4375, "8": 0.484375, "9": 0.46875, "10": 0.46875, "11": 0.46875, "12": 0.46875, "13": 0.453125, "14": 0.484375, "15": 0.484375, "16": 0.46875, "17": 0.46875, "18": 0.515625, "19": 0.5, "20": 0.484375, "21": 0.46875, "22": 0.46875, "23": 0.46875, "24": 0.46875, "25": 0.484375, "26": 0.46875, "27": 0.484375, "28": 0.484375, "29": 0.484375, "30": 0.484375, "31": 0.484375, "32": 0.53125, "33": 0.46875, "34": 0.421875, "35": 0.421875, "36": 0.421875, "37": 0.53125, "38": 0.53125, "39": 0.46875, "40": 0.3125, "41": 0.734375, "42": 0.421875, "43": 0.21875, "44": 0.609375, "45": 0.625, "46": 0.625, "47": 0.625, "48": 0.4375, "49": 0.40625, "50": 0.5625, "51": 0.578125, "52": 0.390625, "53": 0.375, "54": 0.390625, "55": 0.359375, "56": 0.375, "57": 0.359375, "58": 0.578125, "59": 0.578125, "60": 0.515625, "61": 0.53125, "62": 0.484375, "63": 0.46875}, "ys": {"0": 1.20312, "1": 1.17188, "2": 1.23438, "3": 1.17188, "4": 1.25, "5": 1.125, "6": 1.125, "7": 1.10938, "8": 1.14062, "9": 1.09375, "10": 1.25, "11": 1.26562, "12": 0.96875, "13": 1.07812, "14": 1.0625, "15": 1.01562, "16": 0.921875, "17": 0.90625, "18": 1.23438, "19": 1.25, "20": 1.04688, "21": 1.03125, "22": 0.921875, "23": 0.859375, "24": 0.953125, "25": 0.921875, "26": 0.890625, "27": 0.921875, "28": 0.984375, "29": 0.96875, "30": 0.921875, "31": 0.578125, "32": 0.53125, "33": 0.578125, "34": 0.53125, "35": 0.53125, "36": 0.53125, "37": 0.53125, "38": 0.53125, "39": 0.453125, "40": 0.015625, "41": 1.09375, "42": 1.26562, "43": 1.125, "44": 1.14062, "45": 1.10938, "46": 1.04688, "47": 1.04688, "48": 1.23438, "49": 1.23438, "50": 0.90625, "51": 0.90625, "52": 0.90625, "53": 0.90625, "54": 1.23438, "55": 1.23438, "56": 1.09375, "57": 1.09375, "58": 1.09375, "59": 1.10938, "60": 1.09375, "61": 1.125, "62": 1.29688, "63": 0.90625}, "zs": {"0": 0.8125, "1": 0.859375, "2": 0.78125, "3": 0.609375, "4": 0.6875, "5": 0.53125, "6": 0.703125, "7": 0.71875, "8": 0.9375, "9": 0.96875, "10": 0.59375, "11": 0.578125, "12": 0.0, "13": 0.0, "14": 0.671875, "15": 0.65625, "16": 0.765625, "17": 0.75, "18": 0.90625, "19": 0.921875, "20": 0.46875, "21": 0.4375, "22": 0.796875, "23": 0.78125, "24": 0.546875, "25": 0.5625, "26": 0.546875, "27": 0.515625, "28": 0.390625, "29": 0.390625, "30": 0.015625, "31": 0.75, "32": 0.75, "33": 0.765625, "34": 0.75, "35": 0.234375, "36": 0.015625, "37": 0.21875, "38": 0.0, "39": 0.0, "40": 0.421875, "41": 0.703125, "42": 0.5, "43": 0.828125, "44": 0.84375, "45": 0.890625, "46": 0.703125, "47": 0.734375, "48": 0.96875, "49": 0.953125, "50": 0.25, "51": 0.25, "52": 0.234375, "53": 0.1875, "54": 0.578125, "55": 0.5625, "56": 0.921875, "57": 0.921875, "58": 0.640625, "59": 0.625, "60": 0.0, "61": 0.0, "62": 0.75, "63": 0.25}, "vizPos": {"0": [0.5, 0.5572584123798601], "1": [0.5, 0.649789], "2": [0.74, 0.641420627730864], "3": [0.020000000000000018, 0.5629551192793785], "4": [0.040000000000000036, 0.6389370518045415], "5": [0.020000000000000018, 0.615390519693807], "6": [0.020000000000000018, 0.5584436655755598], "7": [0.0, 0.6009858228024726], "8": [0.5, 0.4591011175025909], "9": [0.8599999999999999, 0.5960708258456181], "10": [0.5, 0.5323628694118278], "11": [0.94, 0.578060763518378], "12": [0.98, 0.3311498045453853], "13": [0.96, 0.558815326789885], "14": [0.5, 0.4692777138044843], "15": [0.46, 0.5197764891280491], "16": [0.5, 0.47557477870652165], "17": [0.8999999999999999, 0.5175102228721631], "18": [0.5, 0.47942887182754945], "19": [0.06000000000000005, 0.5166600966415968], "20": [0.5, 0.4259238831734338], "21": [0.42000000000000004, 0.49541572980717835], "22": [0.5, 0.4241205374773585], "23": [0.34, 0.4793436524025332], "24": [0.5, 0.40511738367481503], "25": [0.18000000000000005, 0.4394194150452574], "26": [0.5, 0.3929579416583101], "27": [0.78, 0.427117751466827], "28": [0.5, 0.35777706967325157], "29": [0.22000000000000003, 0.39776168647026433], "30": [0.98, 0.37212365786418033], "31": [0.5, 0.20956285128110363], "32": [0.30000000000000004, 0.26855173463911886], "33": [0.5, 0.21084936393327144], "34": [0.7, 0.2676414183624385], "35": [0.5, 0.20846998566001573], "36": [0.10000000000000009, 0.24457319370004377], "37": [0.5, 0.20577664487383568], "38": [0.82, 0.24327745803171358], "39": [0.5, 0.0], "40": [0.5, 0.06733423936619304], "41": [0.525, 0.0012577930726432617], "42": [0.525, 0.03780272858890528], "43": [0.5275, 0.001602386677687325], "44": [0.53, 0.010963980930821005], "45": [0.53, 0.03985985415249256], "46": [0.52, 0.011509046007894172], "47": [0.52, 0.04712697106983038], "48": [0.54, 0.01631412035400297], "49": [0.54, 0.04807272470358917], "50": [0.58, 0.05124187508200709], "51": [0.5, 0.10630207896211494], "52": [0.6599999999999999, 0.05538506345246844], "53": [0.5, 0.10655252124275831], "54": [0.38, 0.055879178241541885], "55": [0.5, 0.0864681195961224], "56": [0.14000000000000007, 0.05913804270544442], "57": [0.5, 0.09658278432764512], "58": [0.62, 0.11257583593400196], "59": [0.5, 0.1389317987160328], "60": [0.26, 0.23098200742955824], "61": [0.5, 0.2554038210663997], "62": [0.5, 0.5567054979726416], "63": [0.5, 0.3299472882549367]},