{"nodes": [0, 1, 2, 3, 4, 5, 6, 7, 8, 9, 10, 11, 12, 13, 14, 15, 16, 17, 18, 19, 20, 21, 22, 23, 24, 25, 26, 27, 28, 29, 30, 31, 32, 33, 34, 35, 36, 37, 38, 39, 40, 41, 42, 43, 44, 45, 46, 47, 48, 49, 50, 51, 52, 53, 54, 55, 56, 57], "edges": [[0, 1], [0, 7], [0, 5], [2, 3], [2, 4], [2, 56], [5, 6], [5, 56], [8, 9], [8, 56], [8, 12], [10, 11], [10, 12], [10, 14], [12, 13], [14, 15], [14, 18], [16, 17], [16, 24], [16, 57], [18, 19], [18, 20], [20, 21], [20, 22], [22, 23], [22, 57], [25, 26], [25, 29], [25, 27], [27, 28], [27, 55], [29, 30], [29, 31], [31, 32], [31, 53], [33, 34], [34, 49], [34, 43], [35, 36], [36, 37], [36, 39], [38, 39], [39, 41], [40, 41], [41, 47], [42, 43], [43, 51], [44, 45], [45, 47], [45, 49], [46, 47], [48, 49], [50, 51], [51, 53], [52, 53], [54, 55], [55, 57]], "heights": {"0": 0.58078, "1": 0.663475, "2": 0.607532, "3": 0.661042, "4": 0.643133, "5": 0.579462, "6": 0.623429, "7": 0.617226, "8": 0.56144, "9": 0.602226, "10": 0.539836, "11": 0.589831, "12": 0.548919, "13": 0.583534, "14": 0.533835, "15": 0.560434, "16": 0.421174, "17": 0.524653, "18": 0.465065, "19": 0.504751, "20": 0.449203, "21": 0.47696, "22": 0.4362, "23": 0.465225, "24": 0.459748, "25": 0.189533, "26": 0.272418, "27": 0.189802, "28": 0.272281, "29": 0.189493, "30": 0.232354, "31": 0.189192, "32": 0.23199, "33": 0.0, "34": 0.04991, "35": 0.000597, "36": 0.023317, "37": 0.000707, "38": 0.004386, "39": 0.031186, "40": 0.009379, "41": 0.032366, "42": 0.010147, "43": 0.057674, "44": 0.011014, "45": 0.042743, "46": 0.011998, "47": 0.033853, "48": 0.017362, "49": 0.049413, "50": 0.024219, "51": 0.064066, "52": 0.162503, "53": 0.18625, "54": 0.334481, "55": 0.376468, "56": 0.577979, "57": 0.398127}, "types": {"0": 1, "1": 2, "2": 1, "3": 2, "4": 2, "5": 1, "6": 2, "7": 2, "8": 1, "9": 2, "10": 1, "11": 2, "12": 1, "13": 2, "14": 1, "15": 2, "16": 1, "17": 2, "18": 1, "19": 2, "20": 1, "21": 2, "22": 1, "23": 2, "24": 2, "25": 1, "26": 2, "27": 1, "28": 2, "29": 1, "30": 2, "31": 1, "32": 2, "33": 0, "34": 1, "35": 0, "36": 1, "37": 0, "38": 0, "39": 1, "40": 0, "41": 1, "42": 0, "43": 1, "44": 0, "45": 1, "46": 0, "47": 1, "48": 0, "49": 1, "50": 0, "51": 1, "52": 0, "53": 1, "54": 0, "55": 1, "56": 1, "57": 1}, "xs": {"0": 0.484375, "1": 0.484375, "2": 0.46875, "3": 0.453125, "4": 0.46875, "5": 0.5, "6": 0.5, "7": 0.5, "8": 0.46875, "9": 0.484375, "10": 0.484375, "11": 0.5, "12": 0.484375, "13": 0.484375, "14": 0.46875, "15": 0.46875, "16": 0.46875, "17": 0.484375, "18": 0.46875, "19": 0.484375, "20": 0.46875, "21": 0.46875, "22": 0.484375, "23": 0.484375, "24": 0.46875, "25": 0.484375, "26": 0.53125, "27": 0.46875, "28": 0.421875, "29": 0.53125, "30": 0.53125, "31": 0.421875, "32": 0.421875, "33": 0.46875, "34": 0.546875, "35": 0.703125, "36": 0.53125, "37": 0.234375, "38": 0.640625, "39": 0.640625, "40": 0.359375, "41": 0.328125, "42": 0.453125, "43": 0.546875, "44": 0.328125, "45": 0.3125, "46": 0.3125, "47": 0.296875, "48": 0.59375, "49": 0.609375, "50": 0.5625, "51": 0.578125, "52": 0.5, "53": 0.484375, "54": 0.453125, "55": 0.4375, "56": 0.46875, "57": 0.484375}, "ys": {"0": 1.1875, "1": 1.29688, "2": 1.14062, "3": 1.21875, "4": 1.125, "5": 1.15625, "6": 1.1875, "7": 1.20312, "8": 1.17188, "9": 1.125, "10": 1.15625, "11": 1.125, "12": 1.09375, "13": 1.04688, "14": 1.03125, "15": 1.0, "16": 0.90625, "17": 1.0625, "18": 0.859375, "19": 0.90625, "20": 0.890625, "21": 0.9375, "22": 0.96875, "23": 0.953125, "24": 0.921875, "25": 0.578125, "26": 0.53125, "27": 0.578125, "28": 0.53125, "29": 0.53125, "30": 0.53125, "31": 0.53125, "32": 0.53125, "33": 0.453125, "34": 0.0, "35": 1.125, "36": 1.20312, "37": 1.125, "38": 1.0625, "39": 1.09375, "40": 1.14062, "41": 1.1875, "42": 1.28125, "43": 1.25, "44": 1.03125, "45": 1.07812, "46": 1.125, "47": 1.10938, "48": 1.09375, "49": 1.10938, "50": 0.90625, "51": 0.90625, "52": 1.20312, "53": 1.23438, "54": 1.15625, "55": 1.15625, "56": 1.15625, "57": 0.90625}, "zs": {"0": 0.703125, "1": 0.71875, "2": 0.828125, "3": 0.890625, "4": 0.8125, "5": 0.6875, "6": 0.640625, "7": 0.6875, "8": 0.609375, "9": 0.5625, "10": 0.921875, "11": 0.953125, "12": 0.671875, "13": 0.671875, "14": 0.65625, "15": 0.640625, "16": 0.03125, "17": 0.015625, "18": 0.890625, "19": 0.90625, "20": 0.953125, "21": 0.953125, "22": 0.390625, "23": 0.375, "24": 0.0, "25": 0.78125, "26": 0.71875, "27": 0.734375, "28": 0.734375, "29": 0.25, "30": 0.0, "31": 0.203125, "32": 0.03125, "33": 0.0, "34": 0.15625, "35": 0.9375, "36": 0.015625, "37": 0.59375, "38": 0.765625, "39": 0.765625, "40": 0.84375, "41": 0.828125, "42": 0.5625, "43": 0.546875, "44": 0.734375, "45": 0.703125, "46": 0.578125, "47": 0.5625, "48": 0.578125, "49": 0.59375, "50": 0.234375, "51": 0.234375, "52": 0.578125, "53": 0.5625, "54": 0.546875, "55": 0.5625, "56": 0.78125, "57": 0.203125}, "vizPos": {"0": [0.5, 0.5695683669450651], "1": [0.5, 0.663475], "2": [0.95, 0.6050179760284621], "3": [0.9249999999999999, 0.6615040411949377], "4": [0.95, 0.6453163104443133], "5": [0.5, 0.5677571134140852], "6": [0.35, 0.6242247797167744], "7": [1.0, 0.6169397330744835], "8": [0.5, 0.5427645012338709], "9": [0.19999999999999996, 0.5982471697245736], "10": [0.5, 0.5129981146199322], "11": [0.09999999999999998, 0.5818821979140558], "12": [0.5, 0.5254212295913647], "13": [0.0, 0.5733398804983029], "14": [0.5, 0.5048998373348104], "15": [0.8500000000000001, 0.5413658600079129], "16": [0.75, 0.37766026274228537], "17": [0.725, 0.49271399095142016], "18": [0.5, 0.42103883979845536], "19": [0.14999999999999997, 0.4672876500811437], "20": [0.5, 0.4043388928620286], "21": [0.65, 0.43425457065289996], "22": [0.5, 0.3914934214577426], "23": [0.04999999999999999, 0.42121277172366256], "24": [0.75, 0.415319955943106], "25": [0.5, 0.2167954798025031], "26": [0.3, 0.28019001841755786], "27": [0.5, 0.217022717183864], "28": [0.7, 0.2801008339910213], "29": [0.5, 0.21676168596799267], "30": [0.8, 0.251713040995627], "31": [0.5, 0.21650735553600226], "32": [0.9, 0.2514324798397337], "33": [0.5, 0.0], "34": [0.5, 0.07372511627667419], "35": [0.5328125, 0.0008310999782153814], "36": [0.5328125, 0.03406022397594246], "37": [0.53359375, 0.0009845477524973907], "38": [0.534375, 0.006170380145942339], "39": [0.534375, 0.045931674442729775], "40": [0.53125, 0.01335868582279962], "41": [0.53125, 0.047710933955502216], "42": [0.45, 0.01447782692342598], "43": [0.5, 0.08476252643285927], "44": [0.525, 0.015745107237113257], "45": [0.525, 0.06323524143547057], "46": [0.5375, 0.017188154657561662], "47": [0.5375, 0.0499506993868901], "48": [0.55, 0.025131316694985268], "49": [0.55, 0.07300608657161664], "50": [0.4, 0.03541899827983422], "51": [0.5, 0.09353711209692529], "52": [0.6, 0.19383321918053126], "53": [0.5, 0.21401877753387605], "54": [0.25, 0.31702252042673457], "55": [0.5, 0.34293670663093256], "56": [0.5, 0.5657147960617485], "57": [0.5, 0.35860329290014625]},